Person,Current Age,Retirement Age,Birth Year,Birth Month,Gender,Address,Apartment,City,State,Zipcode,Latitude,Longitude,Per Capita Income - Zipcode,Yearly Income - Person,Total Debt,FICO Score,Num Credit Cards,Yearly Income,Per Capita Inc,User,Total_Credit_Limit,Num_Cards,CUR,Txn_Count,Total_Spend,Mean_Txn,Std_Txn,Max_Txn,CL_Quintile
Hazel Robinson,53,66,1966,11,Female,462 Rose Lane,,La Verne,CA,91750,34.15,-117.76,$29278,$59696,127613.0,787,5,59696.0,29278.0,0,105105.0,5,100.0,19963,1622991.69,81.299989480539,94.15673480440253,1409.4,5
Sasha Sadr,53,68,1966,12,Female,3606 Federal Boulevard,,Little Neck,NY,11363,40.76,-73.74,$37891,$77254,191349.0,701,5,77254.0,37891.0,1,65183.0,5,100.0,8919,723491.8900000001,81.1180502298464,156.77590108775775,3750.6,4
Saanvi Lee,81,67,1938,11,Female,766 Third Drive,,West Covina,CA,91792,34.02,-117.89,$22681,$33483,196.0,698,5,33483.0,22681.0,2,133340.0,5,0.14699265036748163,41978,1475933.36,35.159687455333746,54.29790550091375,1195.57,5
Everlee Clark,63,63,1957,1,Female,3 Madison Street,,New York,NY,10069,40.71,-73.99,$163145,$249925,202328.0,722,4,249925.0,163145.0,3,356324.0,4,56.78202983801259,10117,1186497.51,117.27760304438074,268.6411943514937,6820.2,5
Kyle Peterson,43,70,1976,9,Male,9620 Valley Stream Drive,,San Francisco,CA,94117,37.76,-122.44,$53797,$109687,183855.0,675,1,109687.0,53797.0,4,34900.0,1,100.0,18542,1798790.91,97.01169830654729,138.61582566985763,3613.22,3
Aldo Walker,42,70,1977,10,Male,58 Birch Lane,6.0,Davenport,IA,52803,41.55,-90.6,$20599,$41997,0.0,704,3,41997.0,20599.0,5,47287.0,3,0.0,21688,1272420.1,58.66931482847658,51.02645103222123,1242.33,4
Katalina Lewis,36,67,1983,12,Female,5695 Fifth Street,1.0,Louisville,KY,40299,38.22,-85.74,$25258,$51500,102286.0,672,3,51500.0,25258.0,6,67917.0,3,100.0,28237,1010734.23,35.794674717569144,74.59352888346709,1436.1,5
Ryland Howard,26,67,1993,12,Male,1941 Ninth Street,10.0,Portland,OR,97214,45.51,-122.64,$26790,$54623,114711.0,728,1,54623.0,26790.0,7,17480.0,1,100.0,236,12629.18,53.513474576271186,50.684219912087144,281.93,2
Kenya Cooper,81,66,1938,7,Female,11 Spruce Avenue,,Telford,PA,18969,40.32,-75.32,$26273,$42509,2895.0,755,5,42509.0,26273.0,8,103932.0,5,2.785475118346611,23370,1578388.6600000001,67.53909542148054,86.59447992925477,1927.36,5
Sawyer Butler,34,60,1986,1,Female,887 Grant Street,,Abbeville,LA,70510,29.97,-92.12,$18730,$38190,81262.0,810,1,38190.0,18730.0,9,9496.0,1,100.0,18284,390637.55000000005,21.364993983810987,70.88152968963804,1416.58,1
Antonio Ryan,27,66,1992,6,Male,888 Fifth Lane,10.0,Fair Oaks,CA,95628,38.65,-121.25,$27548,$56164,15224.0,761,2,56164.0,27548.0,10,44140.0,2,34.49025826914364,94,6108.719999999998,64.98638297872338,47.89058368892676,261.23,4
Elliot Edwards,29,63,1990,9,Female,8677 Littlewood Lane,,Greeley,CO,80634,40.42,-104.74,$22427,$45727,94016.0,629,1,45727.0,22427.0,11,26019.0,1,100.0,131,7121.49,54.36251908396947,51.98209602733112,213.91,2
Romina Garcia,18,67,2002,1,Female,829 Fourth Boulevard,,Cranston,RI,2921,41.76,-71.48,$33914,$69149,89214.0,776,1,69149.0,33914.0,12,25845.0,1,100.0,71,2235.94,31.49211267605634,47.754055470153105,129.63,2
Keanu Chen,34,62,1985,10,Male,74786 Jefferson Drive,,Traverse City,MI,49686,44.75,-85.6,$20325,$41442,78833.0,712,3,41442.0,20325.0,13,28449.0,3,100.0,7313,302590.27999999997,41.37703815123752,98.73514152963254,1308.24,3
Poppy Flores,48,62,1971,5,Female,781 East Street,,San Antonio,TX,78207,29.45,-98.5,$10059,$20513,32509.0,599,1,20513.0,10059.0,14,4147.0,1,100.0,11396,703747.0,61.753861003861005,40.998157149720804,475.0,1
Riya Cruz,41,68,1978,4,Female,40 Washington Drive,,Boise City,OK,73933,36.73,-102.51,$11342,$23123,5079.0,723,6,23123.0,11342.0,15,29278.0,6,17.34749641368946,14578,361672.76,24.809491013856498,47.91154747346604,726.96,3
Saul Walker,54,71,1966,1,Male,3994 Hillside Drive,,Henderson,TX,75652,32.15,-94.79,$17898,$36497,38333.0,719,6,36497.0,17898.0,16,85303.0,6,44.93745823710772,14014,697301.48,49.757491080348224,76.16629433637075,1734.22,5
Anahi Rogers,76,71,1943,8,Female,172 Birch Street,9.0,Flagstaff,AZ,86004,35.29,-111.32,$21950,$27484,16803.0,660,4,27484.0,21950.0,17,84046.0,4,19.99262308735692,6786,393544.85,57.993641320365455,109.17670164521526,908.75,5
Cayden Rivera,22,68,1997,11,Male,8145 Spruce Boulevard,635.0,Charlotte,NC,28269,35.19,-80.83,$26481,$53995,89056.0,683,3,53995.0,26481.0,18,40314.0,3,100.0,147,8309.01,56.52387755102041,83.47038869183466,331.34,3
Cristiano Jenkins,66,68,1953,10,Male,153 Tenth Lane,,Tucson,AZ,85711,32.21,-110.88,$17460,$35602,55369.0,661,5,35602.0,17460.0,19,36062.0,5,100.0,49584,2184763.96,44.0618739916102,66.44024799535312,1367.9,3
Blaine Murphy,28,57,1991,8,Male,2473 Lake Avenue,6.0,Helena,GA,31037,32.07,-82.91,$12321,$25122,43205.0,819,3,25122.0,12321.0,20,23444.0,3,100.0,121,6964.26,57.55586776859504,53.46834269479436,176.97,2
Grayson Diaz,18,65,2002,1,Male,970 Essex Drive,39.0,Portola Valley,CA,94028,37.37,-122.21,$106305,$216740,0.0,700,2,216740.0,106305.0,21,145637.0,2,0.0,266,19933.82,74.93917293233082,129.96595551643873,1269.25,5
Yadiel Miller,76,66,1943,6,Male,9186 Washington Avenue,,Cleveland,OH,44134,41.47,-81.67,$19524,$41109,21486.0,698,2,41109.0,19524.0,22,16988.0,2,100.0,16458,507074.56,30.81021752339288,79.44034374105364,2573.48,2
Roland King,70,64,1949,4,Male,5073 Wessex Avenue,,Tyronza,AR,72386,35.49,-90.35,$14172,$26858,11245.0,712,2,26858.0,14172.0,23,32232.0,2,34.88768925291635,9033,306243.15,33.9027067419462,67.70897332052182,904.82,3
Cole Xi,45,65,1975,1,Male,195 Eighth Boulevard,,Central Point,OR,97502,42.39,-122.93,$17131,$34929,63849.0,714,1,34929.0,17131.0,24,12100.0,1,100.0,74,3424.6299999999997,46.27878378378378,45.00417848326144,283.75,1
Jade Green,36,63,1983,8,Female,801 Mill Boulevard,,Mesa,AZ,85201,33.44,-111.85,$16829,$34317,61826.0,610,3,34317.0,16829.0,25,33681.0,3,100.0,9631,574341.59,59.63467864188557,80.12198485292886,1248.95,3
Amaya Stewart,40,66,1979,4,Female,6914 Wessex Avenue,7043.0,Houston,TX,77061,29.76,-95.38,$15389,$31377,59615.0,722,2,31377.0,15389.0,26,21401.0,2,100.0,10978,447640.42,40.776135908179995,79.92427942576377,1491.92,2
Grant Gray,37,58,1982,9,Male,776 Norfolk Boulevard,,Van Nuys,CA,91411,34.17,-118.46,$21402,$43638,104052.0,627,1,43638.0,21402.0,27,17816.0,1,100.0,6608,240931.82,36.460626513317195,83.83146203218531,946.27,2
Oliver Reed,41,67,1978,11,Male,2015 Bayview Avenue,8.0,Cookeville,TN,38501,36.15,-85.5,$15955,$32531,38260.0,766,2,32531.0,15955.0,28,27207.0,2,100.0,11842,586203.6699999999,49.50208326296233,63.522102033261035,1257.14,2
Aminah Collins,37,72,1983,2,Female,108 Washington Street,65.0,Whites Creek,TN,37189,36.28,-86.83,$20657,$42120,72801.0,739,4,42120.0,20657.0,29,70587.0,4,100.0,15661,428417.0,27.3556605580742,67.21334743770366,1075.38,5
Ulises Neufelder,18,64,2001,5,Male,660 Seventh Drive,6.0,Columbus,OH,43230,39.98,-82.98,$28092,$57281,89114.0,850,1,57281.0,28092.0,30,74.0,1,100.0,130,2991.1800000000003,23.009076923076925,19.034944038072297,71.68,1
Tristan Hughes,49,66,1970,9,Male,7505 Tenth Boulevard,,Miami,FL,33175,25.77,-80.2,$18828,$38390,87923.0,783,4,38390.0,18828.0,31,76670.0,4,100.0,14088,611191.1799999999,43.38381459398069,98.53887423783225,2775.67,5
Madalynn Gutierrez,33,69,1986,9,Female,4930 Birch Drive,,Southport,NC,28461,33.92,-78.02,$17498,$35670,58182.0,751,2,35670.0,17498.0,32,17700.0,2,100.0,1766,60660.78,34.34925254813137,90.00412436885921,1040.59,2
Rosa Faraday,21,66,1998,9,Female,93 Plum Lane,,Old Saybrook,CT,6475,41.29,-72.36,$30281,$61746,154817.0,637,2,61746.0,30281.0,33,32415.0,2,100.0,2106,82994.43000000001,39.40856125356126,100.42244213803528,1336.33,3
Brynn Allen,47,65,1972,11,Female,837 Lincoln Avenue,,Mobile,AL,36693,30.68,-88.04,$21331,$43496,114563.0,765,3,43496.0,21331.0,34,54260.0,3,100.0,39655,969024.8300000001,24.436384566889423,57.488749503571896,1198.09,4
Aden Adams,41,55,1978,8,Male,7467 Spruce Drive,,Sacramento,CA,95829,38.48,-121.34,$25431,$51854,72162.0,737,2,51854.0,25431.0,35,10880.0,2,100.0,18279,926813.79,50.70374692269818,89.7517493878108,1546.44,1
Haylee Baker,51,68,1968,4,Female,6323 Sussex Boulevard,,Chula Vista,CA,91911,32.61,-117.03,$16942,$34540,22641.0,793,5,34540.0,16942.0,36,59659.0,5,37.95068640104595,11272,393946.37,34.94911018452803,76.7685687971388,843.13,4
Nehemiah Turner,46,62,1973,11,Male,8738 Fourth Street,,Hanover Park,IL,60133,41.97,-88.14,$20248,$41287,88151.0,662,1,41287.0,20248.0,37,23700.0,1,100.0,3662,156888.71,42.84235663571818,82.5440309001026,754.28,2
Simon Adams,46,70,1973,10,Male,9344 Mill Drive,,Seaside,CA,93955,36.62,-121.82,$18663,$38054,63293.0,666,1,38054.0,18663.0,38,700.0,1,100.0,1801,105816.15000000001,58.754108828428656,111.56936152796239,1103.96,1
Sunny King,59,62,1961,2,Female,299 11th Street,,Northborough,MA,1532,42.31,-71.64,$39418,$80371,108499.0,822,1,80371.0,39418.0,39,7488.0,1,100.0,36970,3122577.97,84.46248228293211,94.81324996324868,1864.41,1
Harper Jackson,91,68,1929,2,Female,5492 Maple Drive,2.0,Overland Park,KS,66221,38.9,-94.68,$51642,$84694,2149.0,741,7,84694.0,51642.0,40,255981.0,7,0.839515432786027,20872,1413798.0899999999,67.73658921042545,85.85322683820502,2187.0,5
Thomas Burns,79,72,1941,2,Male,829 Birch Boulevard,81.0,Corpus Christi,TX,78410,27.8,-97.39,$23608,$37503,14272.0,706,5,37503.0,23608.0,41,66396.0,5,21.495270799445752,16908,534916.24,31.63687248639697,65.42420007943282,1478.49,5
Titan Flores,57,75,1962,12,Male,41011 Seventh Boulevard,,Chandler,AZ,85226,33.27,-111.94,$32056,$65357,21844.0,685,4,65357.0,32056.0,42,71516.0,4,30.544213882208176,30392,1259387.1099999999,41.43811233219268,92.06489085247689,1571.43,5
Leslie Myers,26,52,1994,1,Female,613 Little Creek Lane,848.0,Immokalee,FL,34142,26.41,-81.42,$10819,$22066,38967.0,842,1,22066.0,10819.0,43,9090.0,1,100.0,63,2453.01,38.93666666666667,48.45512504221966,227.3,1
Joaquin Parker,42,66,1977,11,Male,1942 Rose Avenue,,Port Orange,FL,32128,29.1,-81.0,$21916,$44681,42011.0,770,3,44681.0,21916.0,44,41542.0,3,100.0,22600,682850.1400000001,30.214607964601775,66.0046776280618,1933.87,3
Butch Brooks,26,69,1994,2,Male,5101 Birch Lane,,Maryland Heights,MO,63043,38.72,-90.47,$25163,$51306,68198.0,675,1,51306.0,25163.0,45,18100.0,1,100.0,58,2342.76,40.39241379310345,49.509164679653516,225.09,2
Kiera Allen,18,59,2002,2,Female,7 11th Drive,,San Antonio,TX,78210,29.45,-98.5,$12677,$25847,46379.0,568,1,25847.0,12677.0,46,7200.0,1,100.0,95,4787.599999999999,50.395789473684204,114.22963790521129,1055.09,1
Lylah Peres,60,64,1959,11,Female,2468 Spruce Drive,78.0,Longwood,FL,32750,28.7,-81.34,$22896,$46683,93126.0,788,5,46683.0,22896.0,47,62290.0,5,100.0,37968,1065138.8800000001,28.05359460598399,47.06585305409491,2060.2,4
Ty Jackson,61,66,1958,11,Male,8001 Essex Boulevard,,Milwaukee,WI,53210,43.06,-87.96,$15487,$31579,52419.0,771,3,31579.0,15487.0,48,35151.0,3,100.0,21612,877034.21,40.58089070886545,63.374761315166275,846.82,3
Bodhi Nguyen,47,65,1972,10,Male,708 George Street,,Camilla,GA,31730,31.22,-84.21,$13759,$28055,12475.0,829,3,28055.0,13759.0,49,13458.0,3,92.69579432307921,12541,250847.97,20.002230284666293,61.740028733682635,1067.46,1
Chaya Howard,42,68,1977,12,Female,28 Hillside Boulevard,4.0,Canton,MI,48188,42.3,-83.48,$32078,$65403,80057.0,784,4,65403.0,32078.0,50,106862.0,4,74.91624712245701,25831,965645.63,37.383207386473615,61.043077597420265,2554.95,5
Kyleigh Rogers,55,73,1964,11,Female,446 Birch Drive,,La Follette,TN,37766,36.37,-84.12,$13522,$27572,59404.0,797,1,27572.0,13522.0,51,14695.0,1,100.0,8658,185597.17,21.436494571494574,45.97222905033622,510.14,1
Mikaela Martin,48,70,1971,12,Female,578 Maple Avenue,,Inman,SC,29349,35.05,-82.09,$18899,$38539,0.0,850,3,38539.0,18899.0,52,47750.0,3,0.0,23152,860570.12,37.17044402211472,46.844657451498655,868.95,4
Luella Perry,41,57,1978,7,Female,14 Valley Drive,,Poca,WV,25159,38.47,-81.81,$18666,$38059,68220.0,634,2,38059.0,18666.0,53,19847.0,2,100.0,20517,909438.2899999999,44.32608519764098,68.73665089883401,1310.63,2
Lainey Gutierrez,59,68,1960,11,Female,2475 Little Creek Boulevard,,Leander,TX,78641,30.56,-97.86,$25872,$52754,38191.0,693,5,52754.0,25872.0,54,88680.0,5,43.06608028867839,14202,812912.5900000001,57.23930361920857,92.86950841908093,1701.62,5
Marvin Anwar,45,59,1975,2,Male,9604 Catherine Drive,,Rego Park,NY,11374,40.72,-73.86,$25109,$51196,67164.0,631,4,51196.0,25109.0,55,38782.0,4,100.0,36328,1596299.77,43.94130615503193,54.983887816631565,3590.33,3
Holden Taylor,26,70,1993,7,Male,349 First Drive,,Atlanta,GA,30318,33.78,-84.44,$24382,$49713,91776.0,763,1,49713.0,24382.0,56,13800.0,1,100.0,222,13153.09,59.248153153153154,76.48027688819819,567.95,1
Aiyana Abe,21,68,1998,4,Female,7914 Essex Boulevard,46.0,Toledo,OH,43623,41.66,-83.58,$21660,$44160,134173.0,696,3,44160.0,21660.0,57,30661.0,3,100.0,261,12858.32,49.2655938697318,43.834487744640725,344.67,3
Milani Merkel,46,59,1973,5,Female,524 Ocean Drive,87.0,Houston,TX,77056,29.76,-95.38,$95039,$193773,241571.0,660,1,193773.0,95039.0,58,53466.0,1,100.0,32692,1218202.49,37.26301511073046,145.66236625772535,2345.04,4
Princess Cooper,41,66,1979,2,Female,2079 Maple Drive,,Mount Union,PA,17066,40.38,-77.88,$14650,$29864,44902.0,717,2,29864.0,14650.0,59,13800.0,2,100.0,3992,205656.16999999998,51.51707665330661,62.382586074455176,489.0,1
Wyatt Davis,22,67,1997,7,Male,295 Valley Drive,,San Antonio,TX,78232,29.45,-98.5,$28135,$57367,115418.0,795,2,57367.0,28135.0,60,6268.0,2,100.0,76,5238.590000000001,68.9288157894737,158.79559025402423,877.81,1
Nathalie Faraday,63,58,1957,2,Female,2883 Ocean View Boulevard,1.0,Black Diamond,WA,98010,47.32,-121.99,$32697,$56635,13015.0,786,8,56635.0,32697.0,61,141942.0,8,9.169238139521777,15692,637582.0900000001,40.631027912312014,77.87730101661465,1434.73,5
Erik Chen,44,67,1975,3,Male,5125 Elm Drive,,Ogden,UT,84414,41.31,-111.96,$23165,$47227,151030.0,760,4,47227.0,23165.0,62,62011.0,4,100.0,13431,458884.98,34.16610676792495,61.896000146649534,741.36,4
Gatlin Morris,22,68,1997,10,Male,4098 Park Drive,8.0,Fort Worth,TX,76115,32.75,-97.33,$12051,$24574,80667.0,674,3,24574.0,12051.0,63,24673.0,3,100.0,69,3587.3199999999997,51.99014492753623,89.81431980485061,693.79,2
Eloise Bennett,29,65,1991,1,Female,892 Spruce Street,,Saint Albans,NY,11412,40.69,-73.75,$21283,$43397,42168.0,697,2,43397.0,21283.0,64,10500.0,2,100.0,12130,327657.41000000003,27.012152514427044,51.89722979635506,865.89,1
Leighton Wood,28,72,1991,6,Female,9977 Oak Avenue,,Oxford,MD,21654,38.68,-76.17,$28497,$58105,70254.0,688,3,58105.0,28497.0,65,73600.0,3,95.4538043478261,10304,701828.56,68.11224378881988,92.15038120045162,1241.52,5
Layne Butler,82,67,1937,6,Male,79 South Boulevard,,Gonzales,TX,78629,29.5,-97.44,$15092,$10869,1820.0,820,2,10869.0,15092.0,66,19064.0,2,9.546789760805707,30039,1136998.6800000002,37.850750024967546,54.29743624024178,2040.58,2
Janiyah Foster,90,66,1929,6,Female,145 River Drive,,Allentown,PA,18102,40.59,-75.47,$12427,$19893,1712.0,566,3,19893.0,12427.0,67,18307.0,3,9.351614136669035,10093,253031.33000000002,25.069982165857528,51.73920060306851,912.27,2
Jagger Braun,63,65,1956,8,Male,7605 Essex Boulevard,,Mount Vernon,OH,43050,40.39,-82.47,$18019,$36743,71719.0,612,2,36743.0,18019.0,68,19290.0,2,100.0,10902,363371.24,33.33069528526876,83.28928211107377,1469.03,2
Brianna Powell,49,70,1970,7,Female,480 Seventh Lane,1.0,Trenton,NJ,8610,40.22,-74.76,$22747,$46377,79980.0,719,3,46377.0,22747.0,69,55083.0,3,100.0,6250,310573.41000000003,49.691745600000004,84.13341823637549,701.25,4
Elle Clark,36,69,1983,10,Female,5506 Fifth Boulevard,8012.0,Gardena,CA,90248,33.88,-118.27,$24611,$50179,110515.0,743,1,50179.0,24611.0,70,17941.0,1,100.0,5190,396315.9,76.3614450867052,121.37147940524451,1449.29,2
Nathan Merkel,30,65,1989,11,Male,136 Spruce Street,,Petaluma,CA,94955,38.22,-122.55,$26748,$54537,121987.0,765,4,54537.0,26748.0,71,54501.0,4,100.0,7791,629030.39,80.73808111924015,102.47470640219335,3349.94,4
Kristopher Nelson,23,66,1996,12,Male,306 First Drive,62.0,Apopka,FL,32712,28.68,-81.51,$24155,$49255,6557.0,823,2,49255.0,24155.0,72,23729.0,2,27.632854313287535,97,4600.280000000001,47.42556701030929,67.33435488953494,535.52,2
Asher Ortiz,42,65,1977,10,Male,272 Burns Boulevard,,Summit Argo,IL,60501,41.77,-87.82,$15221,$31031,21853.0,744,7,31031.0,15221.0,73,72571.0,7,30.112579404996488,14028,502831.92000000004,35.844875962360994,61.69794119102832,1045.85,5
Tristian Walker,65,66,1955,1,Male,190 Sixth Drive,,Rockwall,TX,75032,32.92,-96.45,$34659,$70673,87605.0,714,4,70673.0,34659.0,74,62648.0,4,100.0,31268,2345025.45,74.99761577331458,83.4507317538508,1765.94,4
Emily Parker,87,57,1932,10,Female,8569 Wessex Boulevard,,Birmingham,AL,35211,33.52,-86.79,$13263,$16342,1758.0,747,5,16342.0,13263.0,75,26251.0,5,6.696887737609996,26125,606624.24,23.220066602870812,52.04851626173599,773.81,2
Dangelo Ortiz,22,65,1997,9,Male,385 Lexington Boulevard,4.0,Seminole,TX,79360,32.71,-102.65,$15183,$30961,42597.0,677,1,30961.0,15183.0,76,8492.0,1,100.0,107,4080.7000000000003,38.13738317757009,70.56017186037265,422.0,1
Ariana Cook,58,67,1961,3,Female,407 Park Lane,,Islandton,SC,29929,32.9,-80.93,$14864,$30305,23392.0,776,3,30305.0,14864.0,77,19000.0,3,100.0,10097,481917.68999999994,47.728799643458444,85.81155400860575,1425.27,2
Santana Myers,30,68,1989,3,Male,5142 Little Creek Street,,Edmond,OK,73034,35.67,-97.41,$33736,$68784,198417.0,696,4,68784.0,33736.0,78,70858.0,4,100.0,11152,473608.53,42.46848368005739,104.20615504899393,1725.71,5
Faye Walker,25,71,1994,8,Female,224 Mountain View Boulevard,,Kalispell,MT,59901,48.19,-114.38,$17040,$34745,26503.0,691,4,34745.0,17040.0,79,49003.0,4,54.08444380956268,4911,280796.86,57.17712482182854,74.8185794371735,637.99,4
Rebecca Gonzalez,18,67,2001,11,Female,4735 Fifth Avenue,1.0,Baton Rouge,LA,70808,30.44,-91.12,$31741,$64715,174664.0,740,3,64715.0,31741.0,80,62100.0,3,100.0,125,6473.240000000002,51.78592000000001,114.17542061999859,784.98,4
Nadia Perry,59,69,1961,2,Female,4793 North Street,17.0,Mars,PA,16046,40.69,-80.01,$39464,$80464,76261.0,727,3,80464.0,39464.0,81,81872.0,3,93.14661911276139,24927,2198957.26,88.2158807718538,133.84570277361286,5813.78,5
Lizbeth Baker,18,67,2002,2,Female,72 El Camino Boulevard,,Pittsburgh,PA,15220,40.43,-79.97,$24400,$49748,23161.0,748,1,49748.0,24400.0,82,18321.0,1,100.0,151,6711.910000000001,44.44973509933775,37.15836315350432,231.47,2
Bryan Fox,61,58,1958,11,Male,381 Fifth Lane,6.0,Ontario,CA,91764,34.07,-117.62,$16113,$41904,12545.0,655,4,41904.0,16113.0,83,44427.0,4,28.237333153262657,13780,458478.63,33.2713084179971,73.33536087658581,1136.82,4
Juliette Howard,54,70,1965,9,Female,393 Mountain View Lane,,Newport Coast,CA,92657,33.6,-117.82,$96516,$196784,437533.0,729,3,196784.0,96516.0,84,140883.0,3,100.0,12387,974955.21,78.70793654637927,148.46129289291218,4671.93,5
Bella Kelley,27,66,1992,3,Female,293 Wessex Street,2.0,Northville,MI,48168,42.4,-83.6,$49458,$100837,61377.0,687,2,100837.0,49458.0,85,82682.0,2,74.23260201736774,177,23059.699999999997,130.28079096045195,233.68821870138507,2226.9,5
Jordy Bailey,32,65,1987,6,Male,7276 Fourth Drive,,Fenton,MI,48430,42.8,-83.71,$25334,$51654,95454.0,600,4,51654.0,25334.0,86,47632.0,4,100.0,13233,1142979.23,86.37340210080858,87.12686627250501,1564.09,4
Amelia Fernandez,64,69,1955,6,Female,327 Lafayette Boulevard,457.0,Lancaster,OH,43130,39.72,-82.59,$18680,$38088,51679.0,691,2,38088.0,18680.0,87,23827.0,2,100.0,26176,1247061.6300000001,47.64141312652812,68.15491282131089,1354.53,2
Bjorn Schmidt,18,69,2001,8,Male,2846 Lake Avenue,,Welsh,LA,70591,30.23,-92.81,$18082,$36866,0.0,680,2,36866.0,18082.0,88,20121.0,2,0.0,158,6619.329999999999,41.89449367088607,76.59540012916025,805.46,2
Skylar James,52,70,1967,9,Male,2093 Ocean Street,,Oakland,CA,94606,37.78,-122.24,$18443,$37607,63689.0,749,5,37607.0,18443.0,89,55497.0,5,100.0,23376,593315.46,25.381393737166324,58.17617922785353,1410.55,4
Mae Farhad,49,66,1970,10,Female,981 Fifth Boulevard,,Fort Morgan,CO,80701,40.26,-103.79,$16910,$34480,58795.0,696,1,34480.0,16910.0,90,18702.0,1,100.0,896,33009.35,36.840792410714286,100.41871762628173,1727.58,2
Nikolai Cruz,43,66,1977,1,Male,18 Norfolk Boulevard,,Madison,WI,53716,43.07,-89.38,$23680,$48279,114254.0,719,2,48279.0,23680.0,91,44662.0,2,100.0,15157,564371.13,37.23501550438741,58.29978715099549,1121.79,4
Jared Hill,36,65,1983,7,Male,977 Littlewood Avenue,,Panama City,FL,32401,30.17,-85.67,$16133,$32896,69800.0,735,2,32896.0,16133.0,92,4968.0,2,100.0,8679,344417.02,39.68395206821062,89.84499132986485,1554.84,1
Jeremias Russell,18,71,2001,6,Male,993 Mountain View Avenue,,Perris,CA,92570,33.78,-117.33,$14667,$29909,42832.0,664,2,29909.0,14667.0,93,21790.0,2,100.0,104,1841.9899999999998,17.711442307692305,37.42164872252499,213.75,2
Aubrielle Roman,37,64,1982,12,Female,896 Rose Street,,Minneapolis,MN,55433,44.96,-93.26,$23278,$47464,83591.0,716,1,47464.0,23278.0,94,13700.0,1,100.0,6384,459896.08999999997,72.03886121553884,83.73179232110135,1308.86,1
Carla James,23,64,1996,5,Female,2418 Mill Drive,3999.0,San Jose,CA,95129,37.3,-122.0,$41750,$85128,108678.0,641,1,85128.0,41750.0,95,4200.0,1,100.0,4342,214602.32,49.424762782128056,101.29165645825671,1517.05,1
Kase Nguyen,54,69,1965,9,Male,3683 Fifth Street,7760.0,Mount Holly,NC,28120,35.3,-81.03,$22487,$45852,114746.0,615,2,45852.0,22487.0,96,11092.0,2,100.0,12867,425133.47000000003,33.04060542472993,60.191021708794935,890.98,1
Annalee Sanders,33,67,1986,7,Female,0 Elm Street,,Glendale,AZ,85301,33.53,-112.18,$13024,$26556,43042.0,840,2,26556.0,13024.0,97,13800.0,2,100.0,9282,350359.16000000003,37.746084895496665,63.69990663538805,828.21,1
Journee Collins,63,67,1956,11,Female,2302 Catherine Lane,,Hollywood,FL,33024,26.02,-80.16,$19712,$40194,107765.0,738,6,40194.0,19712.0,98,98179.0,6,100.0,31346,1371030.02,43.7385956740892,81.52920904493403,1848.78,5
Trent Davis,22,67,1998,2,Male,213 Rose Drive,,Irving,TX,75038,32.85,-96.96,$30475,$62135,75209.0,676,2,62135.0,30475.0,99,27496.0,2,100.0,121,6701.5,55.38429752066116,100.57945364526942,594.73,2
Zavier Phillips,48,65,1972,1,Male,8975 Littlewood Boulevard,,Cape Coral,FL,33914,26.63,-81.99,$19274,$39303,23650.0,702,7,39303.0,19274.0,100,117045.0,7,20.205903712247427,12348,580002.0,46.97133138969874,97.45023702627988,903.24,5
Ivory Peres,63,64,1956,3,Female,1389 Park Lane,,Waldorf,MD,20603,38.64,-76.9,$35114,$71593,132181.0,821,3,71593.0,35114.0,101,59097.0,3,100.0,20360,848933.2,41.696129666011785,91.05145226302099,1478.2,4
Ace Bailey,75,67,1944,12,Male,2890 Eighth Lane,,Maywood,IL,60153,41.88,-87.84,$15451,$22158,19101.0,681,5,22158.0,15451.0,102,35870.0,5,53.25062726512406,12700,730391.29,57.511125196850394,93.12781417481044,1043.75,3
Agustin Reyes,62,66,1957,6,Male,20 Littlewood Boulevard,5.0,Howard Beach,NY,11414,40.66,-73.84,$26481,$53996,98211.0,632,4,53996.0,26481.0,103,32393.0,4,100.0,12945,584271.88,45.13494631131711,107.62537460742598,2318.02,3
Hannah Chen,28,73,1991,10,Female,6413 Second Street,,Pensacola,FL,32505,30.44,-87.18,$12766,$26025,23971.0,723,4,26025.0,12766.0,104,50574.0,4,47.39787242456598,166,7088.62,42.702530120481924,105.00132263473768,861.55,4
Zahra Williams,25,69,1994,11,Female,611 Elm Lane,,Yonkers,NY,10710,40.94,-73.86,$31299,$63816,100128.0,775,1,63816.0,31299.0,105,46.0,1,100.0,44,580.12,13.184545454545455,22.83695106366648,91.0,1
Estelle Richardson,56,73,1964,1,Female,889 Martin Luther King Avenue,,Apex,NC,27502,35.72,-78.84,$32485,$66230,90248.0,742,3,66230.0,32485.0,106,93749.0,3,96.2655601659751,4332,366384.08,84.57619575253925,135.82853121062976,1220.18,5
Lochlan Morris,56,56,1963,10,Male,336 Rose Avenue,,Chicago,IL,60616,41.83,-87.68,$25365,$36335,28929.0,676,2,36335.0,25365.0,107,29150.0,2,99.2418524871355,20488,860173.95,41.9842810425615,88.06712086494557,4984.24,3
Simone Carter,59,61,1961,2,Female,4254 Plum Lane,,Westminster,CA,92683,33.74,-117.99,$19438,$39633,58586.0,777,3,39633.0,19438.0,108,41151.0,3,100.0,8506,298555.13,35.09935692452387,78.15024776719291,902.0,3
Zariah Mitchell,43,69,1976,8,Female,825 Sussex Avenue,,Dyer,IN,46311,41.5,-87.5,$28048,$57185,0.0,773,3,57185.0,28048.0,109,28332.0,3,0.0,24126,706006.92,29.263322556577968,94.53878018693362,3752.4,3
Samuel Fu,37,69,1982,11,Male,185 Forest Drive,,Marietta,GA,30068,33.95,-84.54,$40530,$82637,84762.0,739,2,82637.0,40530.0,110,81428.0,2,100.0,2616,215540.48,82.3931498470948,127.68223366764778,1071.21,5
Virginia Gutierrez,60,57,1960,1,Female,561 Martin Luther King Avenue,,Novi,MI,48375,42.47,-83.49,$34259,$31121,32768.0,619,5,31121.0,34259.0,111,89770.0,5,36.50217221789017,15198,688063.03,45.27326161337018,109.7140568447795,1811.4,5
Isaias Robinson,47,67,1972,11,Male,335 Valley Stream Boulevard,,Gonzales,TX,78629,29.5,-97.44,$15092,$30774,51428.0,700,3,30774.0,15092.0,112,25389.0,3,100.0,33550,882677.23,26.30930640834575,76.63970893688374,914.26,2
Eduardo Wood,48,67,1971,12,Male,1773 Hill Street,,Shelbyville,IL,62565,39.4,-88.8,$16300,$33236,57549.0,747,1,33236.0,16300.0,113,11398.0,1,100.0,199,6402.799999999999,32.174874371859296,67.39168862954098,666.04,1
Parker Howard,35,65,1984,10,Male,55 Ocean View Street,,Amarillo,TX,79110,35.2,-101.81,$18613,$37947,49951.0,683,3,37947.0,18613.0,114,30120.0,3,100.0,9519,272436.95,28.62033301817418,94.20335547648016,1412.21,3
Kendrick Brooks,24,65,1995,11,Male,8245 El Camino Lane,5.0,Wichita,KS,67207,37.68,-97.34,$21518,$43875,128146.0,639,1,43875.0,21518.0,115,9774.0,1,100.0,64,2762.0699999999997,43.157343749999995,93.96265867756637,438.0,1
Maci Diaz,26,66,1993,5,Female,9530 Washington Street,,Novato,CA,94947,38.1,-122.63,$30335,$61850,81158.0,728,9,61850.0,30335.0,116,246947.0,9,32.8645417842695,8954,333640.25,37.261587000223365,103.60872684294152,1964.84,5
Matias Farhad,28,71,1991,5,Male,221 Lexington Avenue,,Savannah,GA,31420,32.08,-81.1,$19770,$40314,131348.0,707,4,40314.0,19770.0,117,41211.0,4,100.0,1010,41045.490000000005,40.639099009900995,57.990936409268826,679.97,3
Silas Ward,26,67,1993,8,Male,2484 Norfolk Drive,1.0,Milford,DE,19963,38.91,-75.43,$18622,$37968,55982.0,788,3,37968.0,18622.0,118,43121.0,3,100.0,15779,597260.78,37.85162431079283,56.638801273403764,1494.74,3
Roland Gonzalez,41,67,1978,11,Male,133 Grant Lane,,Fremont,MI,49412,43.46,-85.95,$17145,$34954,45456.0,772,3,34954.0,17145.0,119,44479.0,3,100.0,7578,394119.5,52.00837951966218,91.94722434186184,1217.18,4
Yehuda Jones,40,74,1979,9,Male,1977 Lake Avenue,,Woodland Hills,CA,91364,34.15,-118.6,$47055,$95945,222735.0,772,2,95945.0,47055.0,120,16326.0,2,100.0,5119,494247.27,96.5515276421176,153.8558420398832,2583.37,2
Kaelyn Anwar,18,58,2002,2,Female,352 George Street,6.0,Fort Gratiot,MI,48059,43.07,-82.49,$16598,$33844,42109.0,684,2,33844.0,16598.0,121,28808.0,2,100.0,298,6346.02,21.29536912751678,51.467993605767674,444.54,3
Justice Ortiz,66,67,1953,4,Male,554 Grant Boulevard,,Andover,KS,67002,37.69,-97.13,$32162,$65573,143069.0,739,4,65573.0,32162.0,122,101857.0,4,100.0,26233,652960.9299999999,24.890821865589142,73.19102618374174,1610.01,5
Messiah Bell,40,66,1979,7,Male,631 Ocean View Street,2.0,Madison,WI,53704,43.07,-89.38,$23840,$48609,43520.0,737,3,48609.0,23840.0,123,41455.0,3,100.0,24380,1376511.1099999999,56.4606689909762,87.5602918998545,1251.14,3
Keira Wright,45,70,1974,5,Female,31 Jefferson Boulevard,,Fernwood,ID,83830,47.09,-116.46,$12618,$25723,34007.0,746,3,25723.0,12618.0,124,34178.0,3,99.49967815553865,21468,839418.46,39.100915781628466,42.52119373772026,498.0,3
Caylee Gutierrez,19,72,2000,3,Female,973 Federal Avenue,,Daphne,AL,36526,30.62,-87.89,$25495,$51984,79152.0,691,3,51984.0,25495.0,125,62457.0,3,100.0,159,15015.02,94.43408805031447,91.94251099090671,527.75,4
Angel Hill,34,65,1986,2,Male,95266 Bayview Drive,,Oakland,CA,94611,37.83,-122.22,$52813,$107683,225017.0,694,3,107683.0,52813.0,126,65669.0,3,100.0,16744,1509792.67,90.16917522694696,86.72283391616318,1837.67,5
Bridget Faraday,24,69,1996,2,Female,932 Essex Street,6.0,Perris,CA,92571,33.83,-117.2,$16109,$32847,33514.0,721,2,32847.0,16109.0,127,10374.0,2,100.0,846,18557.9,21.936052009456265,46.25312695855388,458.62,1
Sebastian Lee,57,66,1963,1,Male,126 Valley Drive,,Jackson,MS,39213,32.32,-90.2,$11061,$22556,43260.0,645,4,22556.0,11061.0,128,39317.0,4,100.0,19054,484369.47,25.420881179804763,42.25801704681525,916.81,3
Lizbeth Garcia,35,54,1984,9,Female,239 South Drive,,Aberdeen,MD,21001,39.51,-76.17,$22590,$46063,106528.0,618,1,46063.0,22590.0,129,15119.0,1,100.0,10862,406112.83999999997,37.3884036089118,69.30705838188653,786.47,2
Ximena Davis,19,65,2000,9,Female,1134 Valley Drive,2623.0,Farmington,CT,6032,41.71,-72.83,$46762,$95348,71972.0,706,3,95348.0,46762.0,130,56464.0,3,100.0,248,14215.41,57.320201612903226,181.95235527876963,2125.23,4
Haley Braun,28,65,1992,1,Female,5863 Grant Avenue,,Wellsville,KS,66092,38.71,-95.08,$22158,$45180,13168.0,698,2,45180.0,22158.0,131,15198.0,2,86.64297933938676,9884,235325.65999999997,23.80874747065965,39.8928393303292,500.0,2
Kalel Hughes,37,69,1982,4,Male,3472 11th Avenue,5.0,Orlando,FL,32822,28.5,-81.37,$15137,$30865,55079.0,594,1,30865.0,15137.0,132,1543.0,1,100.0,10013,466965.85,46.63595825426945,88.92177663926967,1119.07,1
Korbin Roman,20,69,1999,11,Male,5590 Bayview Avenue,200.0,Avoca,MI,48006,43.05,-82.67,$20377,$41543,49021.0,732,4,41543.0,20377.0,133,52390.0,4,93.56938347012789,210,4586.99,21.84280952380952,67.3270015118954,456.0,4
Kenny Gray,53,73,1966,9,Male,94 Jefferson Drive,8211.0,Tyler,TX,75706,32.32,-95.3,$14811,$30198,40950.0,693,6,30198.0,14811.0,134,51487.0,6,79.53463981199138,21728,1210187.94,55.69716218703976,49.29358533401627,604.61,4
Adilynn Wood,45,64,1974,12,Female,582 Birch Boulevard,,Fort Myers,FL,33901,26.63,-81.85,$19621,$40006,72794.0,621,1,40006.0,19621.0,135,3711.0,1,100.0,17904,674072.13,37.649247654155495,62.388363644511706,1530.97,1
Kace Chen,53,68,1966,5,Male,809 Mountain View Boulevard,,Olathe,KS,66062,38.88,-94.81,$30232,$61646,0.0,693,3,61646.0,30232.0,136,73294.0,3,0.0,13870,987241.0599999999,71.17815861571736,104.78196732216257,986.59,5
Abril Cook,39,67,1980,10,Female,6339 Fourth Street,,Reisterstown,MD,21136,39.45,-76.81,$33175,$67643,0.0,714,6,67643.0,33175.0,137,120950.0,6,0.0,15644,930373.88,59.47161084121708,103.8746419643018,1744.97,5
Ivy Gutierrez,86,71,1933,5,Female,81 Hill Avenue,66.0,Detroit,MI,48235,42.38,-83.1,$13820,$22650,0.0,690,6,22650.0,13820.0,138,53471.0,6,0.0,25537,761722.1499999999,29.828176763128006,52.38989039579604,2107.07,4
Garrett Macron,63,67,1956,10,Male,28136 Wessex Street,,Brooklyn,NY,11212,40.64,-73.94,$14856,$30288,42745.0,689,4,30288.0,14856.0,139,23393.0,4,100.0,27558,999671.29,36.27517562958125,58.479159217391796,975.4,2
Nolan Sadr,67,65,1952,10,Male,8787 Rose Avenue,,San Francisco,CA,94112,37.72,-122.44,$22549,$47213,1082.0,789,5,47213.0,22549.0,140,58169.0,5,1.8600973026869982,20380,1174976.86,57.65342787046124,65.69043651278983,966.0,4
Marianna Gutierrez,76,66,1943,10,Female,96 Ninth Lane,,Konawa,OK,74849,34.95,-96.75,$15005,$28215,18116.0,697,2,28215.0,15005.0,141,8230.0,2,100.0,9605,432324.45999999996,45.0103550234253,57.33432690631363,628.13,1
Stetson Thomas,32,55,1987,4,Male,3249 12th Drive,,Woodinville,WA,98077,47.75,-122.04,$51751,$105515,192458.0,646,4,105515.0,51751.0,142,137608.0,4,100.0,23333,894586.1099999999,38.339952427891824,84.18267618310882,1664.03,5
Vicente Martinez,36,68,1983,12,Male,9340 Valley Street,20.0,Bradenton,FL,34207,27.48,-82.57,$13972,$28489,6087.0,808,4,28489.0,13972.0,143,20624.0,4,29.514158262218775,6735,292097.39,43.37006533036377,76.62681126355434,695.24,2
Amayah Thomas,63,69,1956,9,Female,6429 Fifth Avenue,42.0,Charlotte,NC,28226,35.19,-80.83,$39752,$81048,156195.0,781,4,81048.0,39752.0,144,32810.0,4,100.0,7945,754732.4,94.9946381371932,134.5488793883757,1870.14,3
Zelda Ward,19,62,2000,12,Female,849 George Avenue,,Easton,MD,21601,38.77,-76.06,$23180,$47263,74853.0,726,2,47263.0,23180.0,145,26523.0,2,100.0,59,3253.2,55.13898305084746,50.13590119661082,272.25,2
Drake Howard,19,71,2000,7,Male,804 Seventh Boulevard,,Redding,CA,96002,40.52,-122.32,$16585,$33816,77770.0,635,1,33816.0,16585.0,146,7700.0,1,100.0,171,4094.3099999999995,23.94333333333333,45.78442323024628,140.0,1
Danielle Carter,25,69,1994,9,Female,76009 Valley Stream Boulevard,,Waukegan,IL,60085,42.37,-87.86,$15770,$32160,62803.0,634,1,32160.0,15770.0,147,146.0,1,100.0,54,1875.12,34.724444444444444,40.00737685064013,113.77,1
Kora Bailey,83,65,1936,8,Female,387 Third Boulevard,,Rio Rico,AZ,85648,31.5,-111.06,$15462,$29494,1196.0,689,5,29494.0,15462.0,148,44060.0,5,2.7144802541988198,22290,1048048.89,47.018792732166894,65.2805667273135,809.28,4
Emery Mitchell,68,63,1951,3,Female,6398 Lake Lane,,Franklin,TN,37067,35.92,-86.84,$36563,$70554,39078.0,655,5,70554.0,36563.0,149,73428.0,5,53.21948030723974,24921,1301152.4200000002,52.21108382488665,76.71218122189036,1273.38,5
Zayn Nguyen,63,62,1956,9,Male,786 12th Drive,10.0,Wheeling,IL,60090,42.13,-87.92,$23098,$33686,24997.0,488,2,33686.0,23098.0,150,32200.0,2,77.63043478260869,11145,531562.5700000001,47.69516105877076,80.03505652253209,1114.35,3
Myah Gray,92,72,1927,8,Female,290 Forest Street,,Tucson,AZ,85749,32.28,-110.73,$30818,$57732,2261.0,726,6,57732.0,30818.0,151,125233.0,6,1.8054346697755383,30437,1183226.43,38.87460755002135,100.00705410022046,3221.46,5
Cash Watson,21,65,1998,3,Male,320 Hillside Lane,,Memphis,TN,38106,35.1,-90.0,$10730,$21879,69638.0,762,1,21879.0,10730.0,152,3000.0,1,100.0,106,2129.01,20.085,59.01248665836556,154.79,1
Benson Xi,28,65,1991,5,Male,437 Ocean View Drive,,State College,PA,16801,40.79,-77.85,$25031,$51041,106989.0,686,1,51041.0,25031.0,153,16486.0,1,100.0,68,2979.54,43.81676470588235,69.48902593091222,273.2,2
Bjorn Perez,18,69,2002,1,Male,9850 Birch Drive,,West Roxbury,MA,2132,42.28,-71.16,$34519,$70380,106797.0,725,2,70380.0,34519.0,154,80704.0,2,100.0,114,6312.04,55.36877192982456,128.39624124232964,949.68,5
Edward Abe,25,64,1994,8,Male,55 Third Drive,,Elmwood Park,IL,60707,41.92,-87.81,$20902,$42617,67590.0,771,5,42617.0,20902.0,155,66971.0,5,100.0,3806,189850.13,49.88179978980557,71.20467902182419,617.39,5
Shepard Lopez,75,65,1944,7,Male,177 Mill Boulevard,,Manahawkin,NJ,8050,39.69,-74.25,$21861,$46031,8332.0,661,5,46031.0,21861.0,156,57219.0,5,14.561596672433982,25629,730025.06,28.4843364938156,59.729120907760155,1114.05,4
Estrella Sullivan,55,66,1964,10,Female,886 Little Creek Drive,,Delmar,NY,12054,42.62,-73.83,$31927,$65094,23909.0,699,3,65094.0,31927.0,157,83842.0,3,28.516733856539684,11959,582818.75,48.73473952671628,101.75019864257415,1756.88,5
Jane Brooks,27,65,1993,2,Female,327 Seventh Boulevard,,Lexington,KY,40517,38.04,-84.45,$18278,$37268,50388.0,626,1,37268.0,18278.0,158,1952.0,1,100.0,2694,105109.95000000001,39.01631403118041,67.50509577756706,976.44,1
Zaria Brooks,53,67,1967,2,Female,8224 Fourth Drive,,Waterbury,CT,6705,41.55,-73.03,$19114,$38972,44098.0,738,3,38972.0,19114.0,159,28291.0,3,100.0,7821,306548.05,39.19550568980949,77.23713580154207,1350.81,3
Elsa Gonzalez,63,64,1957,2,Female,174 Catherine Boulevard,948.0,Compton,CA,90222,33.91,-118.23,$13075,$26661,42667.0,750,5,26661.0,13075.0,160,48115.0,5,88.67712771484983,7867,260204.18,33.075401042328714,71.85959252338381,1370.77,4
Atticus Abe,48,66,1971,9,Male,496 Hill Lane,,Minneapolis,MN,55419,44.96,-93.26,$40364,$82295,1555.0,736,4,82295.0,40364.0,161,133112.0,4,1.1681891940621432,13157,912092.49,69.32374325454131,126.54664486830957,1556.36,5
Alfonso Gao,47,68,1972,9,Male,23068 Park Street,2.0,Lansing,NC,28643,36.49,-81.5,$12630,$25748,41455.0,738,3,25748.0,12630.0,162,20616.0,3,100.0,29601,975907.1100000001,32.96872098915578,40.61851687049781,1101.6,2
Ronin White,56,65,1963,11,Male,27019 Madison Lane,,Bean Station,TN,37708,36.34,-83.28,$13668,$27861,108313.0,782,5,27861.0,13668.0,163,45664.0,5,100.0,20393,582105.6900000001,28.54438728975629,43.19351953723718,850.45,4
Gannon Baker,18,72,2001,12,Male,293 First Boulevard,,Redlands,CA,92374,34.06,-117.17,$23820,$48561,0.0,752,1,48561.0,23820.0,164,11400.0,1,0.0,48,2056.66,42.84708333333333,61.57343613382632,265.17,1
Nicole Gomez,66,69,1953,4,Female,8929 Essex Drive,,Bloomington,IN,47403,39.16,-86.52,$19125,$38999,64875.0,747,4,38999.0,19125.0,165,31645.0,4,100.0,10089,299927.55,29.728174249182278,78.17384459666582,1636.55,3
Korbin Long,62,66,1957,4,Male,1569 George Boulevard,,Bailey,NC,27807,35.78,-78.11,$16239,$33112,56040.0,716,2,33112.0,16239.0,166,21561.0,2,100.0,2260,90759.15,40.15891592920354,91.8432233336808,1349.1,2
Melina Wright,34,66,1985,10,Female,326 Elm Lane,5.0,Charlotte,NC,28211,35.19,-80.83,$49477,$100880,210445.0,770,1,100880.0,49477.0,167,45377.0,1,100.0,8768,606508.64,69.17297445255474,141.31154292130395,1500.5,4
Briar Smith,22,65,1997,11,Male,32 Valley Drive,,Oxnard,CA,93031,34.21,-119.18,$18175,$37058,50548.0,680,2,37058.0,18175.0,168,32605.0,2,100.0,121,7589.84,62.72595041322314,137.17043578646522,949.34,3
Yahya Anderson,24,58,1995,3,Male,4132 Norfolk Boulevard,3.0,Hyattsville,MD,20785,38.95,-76.95,$23166,$47234,89154.0,685,3,47234.0,23166.0,169,46805.0,3,100.0,111,3169.5199999999995,28.55423423423423,53.89442566822006,251.16,4
Florence Masvidal,45,72,1974,5,Female,819 El Camino Boulevard,,Cushing,OK,74023,35.97,-96.76,$17237,$35142,107898.0,731,4,35142.0,17237.0,170,37776.0,4,100.0,9388,465051.37999999995,49.53678951853429,99.39741597869646,1305.9,3
Danna Torres,43,65,1976,3,Female,742 Lake Street,,Coos Bay,OR,97420,43.37,-124.14,$15069,$30721,49961.0,749,3,30721.0,15069.0,171,24854.0,3,100.0,9822,393579.03,40.07116982284667,80.32158635701379,1098.95,2
Paityn King,56,67,1963,12,Female,607 George Boulevard,,Acworth,GA,30101,34.05,-84.67,$28862,$58846,126806.0,746,3,58846.0,28862.0,172,49781.0,3,100.0,49608,1361889.6500000001,27.45302471375585,63.00248947993469,1247.7,4
Layne Green,29,68,1990,6,Male,704 Eighth Avenue,,Waterville,NY,13480,42.93,-75.38,$19161,$39069,63884.0,720,2,39069.0,19161.0,173,34160.0,2,100.0,138,3746.4000000000005,27.147826086956524,44.22470802189572,299.0,3
Sasha Gao,20,65,2000,2,Female,8643 Lafayette Boulevard,,Lawrenceville,GA,30043,33.94,-83.99,$24252,$49449,30723.0,728,3,49449.0,24252.0,174,76663.0,3,40.075394910191356,68,5938.970000000001,87.33779411764708,87.8655786991361,385.84,5
Yamileth Mitchell,39,73,1980,3,Female,63 Plum Street,,Stearns,KY,42647,36.69,-84.47,$10942,$22312,39445.0,720,5,22312.0,10942.0,175,36362.0,5,100.0,8057,245013.12,30.409968971081046,69.68333704033097,1349.39,3
Mateo Robinson,32,72,1987,4,Male,5381 12th Boulevard,6.0,Miami,OK,74355,36.88,-94.87,$17845,$36388,92949.0,710,4,36388.0,17845.0,176,50680.0,4,100.0,10692,399196.55,37.33600355405911,70.98038823522177,1256.18,4
Izabella Phillips,52,68,1967,8,Female,65 Fifth Boulevard,,Saint Cloud,FL,34771,28.24,-81.28,$22086,$45037,31792.0,710,3,45037.0,22086.0,177,62729.0,3,50.68150297310654,41700,1124100.52,26.95684700239808,59.961484451495615,3111.35,4
Samantha Gonzalez,47,63,1972,10,Female,2614 Eighth Lane,,Waupaca,WI,54981,44.35,-89.07,$18937,$38615,74337.0,601,4,38615.0,18937.0,178,30530.0,4,100.0,9039,602304.6100000001,66.633987166722,88.60685128726772,1206.75,3
Bentlee Garcia,40,61,1979,7,Male,196 Plum Lane,,Bronx,NY,10458,40.84,-73.87,$13845,$28229,55675.0,622,5,28229.0,13845.0,179,45013.0,5,100.0,4174,214766.93,51.453505031145184,78.2339930875202,1080.0,4
Sarah Clark,58,67,1961,11,Female,444 Maple Avenue,990.0,Noblesville,IN,46060,40.05,-86.03,$24638,$50232,1218.0,751,4,50232.0,24638.0,180,50572.0,4,2.4084473621766986,14675,560280.71,38.17926473594548,107.36392478251904,1657.58,4
Judah Jones,59,66,1960,5,Male,868 Maple Drive,,Greenville,KY,42345,37.2,-87.17,$16847,$34350,61639.0,705,3,34350.0,16847.0,181,45243.0,3,100.0,26393,860084.0900000001,32.58758345015724,55.59499088631792,864.21,4
Bentley Lopez,47,69,1972,11,Male,6009 River Avenue,,Canton,GA,30114,34.24,-84.49,$25654,$52308,135319.0,679,1,52308.0,25654.0,182,21000.0,1,100.0,15921,536642.97,33.70661202185792,68.08782592419702,1310.39,2
Juliet Hughes,27,66,1992,8,Female,2058 Spruce Street,,Saint Petersburg,FL,33709,27.75,-82.64,$15724,$32061,58904.0,676,1,32061.0,15724.0,183,21470.0,1,100.0,33,2278.72,69.05212121212121,76.16612822928478,257.46,2
Javon Long,75,69,1945,2,Male,6930 East Lane,,Tooele,UT,84074,40.57,-112.33,$21749,$21154,5764.0,705,6,21154.0,21749.0,184,64158.0,6,8.984070575766077,16565,659176.3800000001,39.79332206459403,84.86988346565582,1484.95,4
Allie Sullivan,52,72,1967,10,Female,31204 El Camino Lane,,Austin,TX,78728,30.26,-97.74,$25594,$52186,42852.0,737,4,52186.0,25594.0,185,62122.0,4,68.98039341940053,10874,762760.89,70.14538256391393,114.69311292474721,1531.91,4
Kassidy Morgan,43,70,1976,5,Female,967 First Avenue,4.0,Pierceton,IN,46562,41.19,-85.7,$17294,$35264,70328.0,770,2,35264.0,17294.0,186,26061.0,2,100.0,13251,537779.45,40.584065353558216,62.080624826363845,1099.06,2
Evelynn Diaz,84,71,1935,9,Female,136 Hillside Avenue,,Walnut Creek,CA,94598,37.91,-122.01,$42234,$79870,4031.0,609,2,79870.0,42234.0,187,5223.0,2,77.1778671261727,36942,1909807.6800000002,51.697463050186784,85.32910191414825,3246.21,1
Hayden Myers,70,59,1949,12,Female,669 South Street,,Barnstable,MA,2630,41.7,-70.3,$26762,$41902,29713.0,633,5,41902.0,26762.0,188,48225.0,5,61.613271124935196,24452,1155755.5899999999,47.266300916080475,83.50065428204208,1068.61,4
Laura Cook,24,61,1995,8,Female,66992 Second Street,,Las Vegas,NV,89131,36.3,-115.24,$31374,$63969,128412.0,626,1,63969.0,31374.0,189,52.0,1,100.0,175,2273.37,12.990685714285714,20.10125879750026,95.0,1
Khalil Morgan,47,68,1972,7,Male,208 Park Avenue,,Lyndonville,VT,5851,44.53,-72.0,$16976,$34606,23909.0,680,5,34606.0,16976.0,190,53810.0,5,44.43226166140123,12514,408348.81,32.63135767939907,75.22575029896103,1045.09,4
Moshe Gutierrez,32,60,1987,11,Male,335 Main Street,,Atlanta,GA,30310,33.72,-84.42,$13059,$26631,33950.0,805,1,26631.0,13059.0,191,2800.0,1,100.0,7766,245547.64,31.618289981972705,73.73368393708668,1152.51,1
Pratik Thomas,39,64,1980,11,Male,532 12th Drive,3.0,Palm Bay,FL,32907,27.98,-80.66,$17645,$35978,49366.0,643,3,35978.0,17645.0,192,40372.0,3,100.0,12159,355492.71,29.237002220577352,73.94684359339941,1385.74,3
Myles Robinson,64,69,1955,10,Male,1350 Lake Drive,5415.0,Van Alstyne,TX,75495,33.41,-96.57,$24402,$49756,89743.0,618,4,49756.0,24402.0,193,43025.0,4,100.0,17010,646594.22,38.012593768371545,93.24531309023462,1491.07,3
Martin Reed,37,71,1982,6,Male,691 First Lane,2.0,Nashville,TN,37221,36.17,-86.78,$29868,$60897,85771.0,850,3,60897.0,29868.0,194,81201.0,3,100.0,12057,609876.49,50.58277266318321,87.3108664671932,1289.91,5
Elora Schmidt,58,65,1961,3,Female,511 Grant Avenue,266.0,Dawsonville,GA,30534,34.42,-84.11,$20581,$41963,53857.0,741,1,41963.0,20581.0,195,7700.0,1,100.0,5452,223539.46000000002,41.0013683052091,77.60047198627797,627.41,1
Violet Robinson,37,60,1982,7,Female,3510 Mountain View Street,,Minneapolis,MN,55432,44.96,-93.26,$22059,$44976,134335.0,684,1,44976.0,22059.0,196,18937.0,1,100.0,3591,168050.8,46.79777220829852,71.78125452234279,1029.25,2
Phoenix Long,27,69,1992,9,Male,9264 Lake Avenue,,Grand Prairie,TX,75052,32.69,-97.01,$22922,$46733,34333.0,692,2,46733.0,22922.0,197,36262.0,2,94.68038166675859,4818,229801.9,47.69653383146534,79.04667077091703,872.69,3
Sue Powell,26,60,1993,4,Female,596 Mountain View Lane,,Centerville,MA,2632,41.66,-70.34,$23129,$47160,64193.0,578,1,47160.0,23129.0,198,16858.0,1,100.0,57,3978.68,69.80140350877193,52.00901212184109,148.53,2
Tatum Reyes,23,65,1996,7,Male,374 East Lane,9032.0,West Lafayette,IN,47906,40.44,-86.91,$24737,$50433,97029.0,838,3,50433.0,24737.0,199,37887.0,3,100.0,2807,174921.63,62.316220163876025,104.46280370251792,1141.51,3
Brennan Diaz,20,63,1999,8,Male,51 George Avenue,,Federal Way,WA,98023,47.3,-122.37,$25363,$51713,86165.0,809,1,51713.0,25363.0,200,65.0,1,100.0,110,2518.5199999999995,22.89563636363636,25.7734929910301,75.67,1
Emanuel Rivera,45,65,1974,8,Male,3916 Tenth Boulevard,9.0,Fort Worth,TX,76106,32.75,-97.33,$11876,$24215,28552.0,707,6,24215.0,11876.0,201,33547.0,6,85.11044206635466,10445,368005.27999999997,35.23267400670177,66.3327138683093,773.19,3
Gianni Kelly,49,59,1970,9,Male,813 Fifth Boulevard,,Caledonia,OH,43314,40.63,-82.96,$18293,$37298,52134.0,683,1,37298.0,18293.0,202,13569.0,1,100.0,14299,572988.42,40.071922512063786,68.35270234116851,1247.27,1
Kane Harris,25,67,1994,12,Male,8931 Norfolk Drive,,Mesa,AZ,85203,33.44,-111.8,$19844,$40457,68826.0,739,1,40457.0,19844.0,203,15358.0,1,100.0,80,5233.450000000001,65.418125,86.75790745075848,344.0,2
Willie Nguyen,58,72,1961,6,Male,8996 Third Street,,Arlington,MA,2476,42.41,-71.16,$40694,$82974,181429.0,503,2,82974.0,40694.0,204,26850.0,2,100.0,15892,1076427.18,67.73390259249936,119.93962299598876,3477.66,2
Evalyn Rogers,46,68,1973,7,Female,33 Tenth Street,,Huntington Station,NY,11746,40.84,-73.4,$34873,$71103,136853.0,721,4,71103.0,34873.0,205,35256.0,4,100.0,19680,1109034.35,56.353371443089436,80.7886070090935,1509.35,3
Jaycee James,43,75,1976,5,Female,5528 Lake Lane,,Muse,PA,15350,40.32,-80.21,$14320,$29194,10895.0,703,2,29194.0,14320.0,206,22900.0,2,47.5764192139738,10876,407652.84,37.481872011769035,54.9625204705976,1050.99,2
Killian Thompson,52,67,1967,10,Male,8824 Hillside Avenue,,Hendersonville,NC,28739,35.32,-82.46,$16410,$33465,98713.0,669,3,33465.0,16410.0,207,32669.0,3,100.0,12029,569484.99,47.342671044974644,79.41095406488324,1129.37,3
Alayna Carter,20,71,1999,6,Female,69 Norfolk Avenue,,Warren,OH,44483,41.23,-80.81,$15361,$31314,40331.0,721,4,31314.0,15361.0,208,56024.0,4,71.98879051834928,1990,53192.94,26.730120603015077,64.3505585087454,1288.47,4
Maximilian Kelly,36,68,1983,7,Male,57 Pine Boulevard,,Tulsa,OK,74110,36.12,-95.91,$11633,$23718,1386.0,712,2,23718.0,11633.0,209,15531.0,2,8.924087309252462,7794,173086.19,22.20761996407493,55.40617559270251,852.56,2
Cecilia Thompson,46,66,1973,6,Female,9528 Hill Street,861.0,Arnold,MD,21012,39.04,-76.49,$35645,$72670,28915.0,718,3,72670.0,35645.0,210,80587.0,3,35.880477000012405,14531,843369.21,58.03930975156562,106.47212007631853,1664.38,5
Harley Wright,24,67,1995,4,Female,8251 Park Lane,,Dublin,OH,43016,40.11,-83.13,$38243,$77972,6128.0,686,3,77972.0,38243.0,211,70582.0,3,8.682100252188944,141,8266.85,58.630141843971636,93.3582823821303,445.0,5
Jamie Merkel,38,66,1981,10,Female,177 Maple Boulevard,,Van Buren,AR,72956,35.44,-94.35,$17093,$34854,40722.0,746,5,34854.0,17093.0,212,69305.0,5,58.75766539210735,17745,520588.76999999996,29.337208791208788,51.420090485991665,747.36,5
Lauren Parker,25,69,1994,12,Female,299 Oak Boulevard,,Mcminnville,OR,97128,45.19,-123.24,$18098,$36902,60538.0,711,1,36902.0,18098.0,213,12586.0,1,100.0,283,7380.780000000001,26.080494699646646,40.19732256131033,252.66,1
Eva Roman,28,59,1991,12,Female,7087 Plum Street,,Saint Petersburg,FL,33706,27.75,-82.64,$26476,$53984,76118.0,701,1,53984.0,26476.0,214,11800.0,1,100.0,2540,105196.20000000001,41.41582677165355,92.79927233577175,1144.52,1
Koa Barnes,80,69,1939,3,Male,614 Spruce Avenue,,Whitehouse Station,NJ,8889,40.6,-74.76,$46827,$104692,6955.0,704,2,104692.0,46827.0,215,39850.0,2,17.452948557089083,40436,1638098.3599999999,40.510890295776036,93.1679304942829,4613.24,3
Raven Hall,24,66,1995,5,Female,625 Washington Lane,,Kirkland,WA,98033,47.67,-122.18,$49629,$101191,290730.0,659,1,101191.0,49629.0,216,97.0,1,100.0,59,2201.44,37.31254237288136,29.38816201155995,93.49,1
Roberto Peres,38,66,1981,10,Male,311 Fifth Drive,,Ann Arbor,MI,48103,42.27,-83.73,$34119,$69566,50003.0,791,4,69566.0,34119.0,217,97472.0,4,51.29986047275115,21019,504462.75,24.000321138017984,78.04149624951731,1529.52,5
London Reyes,21,71,1998,4,Male,966 Sussex Boulevard,,Villa Park,IL,60181,41.88,-87.97,$24223,$49382,43126.0,762,1,49382.0,24223.0,218,11700.0,1,100.0,93,4742.5,50.994623655913976,50.960145139121224,261.83,1
Julianna Clark,41,65,1979,1,Female,9059 Eighth Avenue,,Bakersville,NC,28705,36.01,-82.15,$14093,$28733,0.0,702,3,28733.0,14093.0,219,38330.0,3,0.0,7599,208521.4,27.440636925911303,62.33109366937527,863.73,3
Makai Ward,87,72,1932,8,Male,4713 First Boulevard,,Columbia City,IN,46725,41.15,-85.48,$19914,$30349,2985.0,686,4,30349.0,19914.0,220,64700.0,4,4.613601236476043,22821,921858.82,40.39519828228386,58.04698461649572,1343.32,4
Jayden Diaz,31,68,1988,3,Male,4165 Valley Avenue,,Glen Carbon,IL,62034,38.76,-89.97,$28710,$58538,93153.0,610,1,58538.0,28710.0,221,77.0,1,100.0,32,912.17,28.5053125,17.145635556967374,73.42,1
Hazel Collins,32,66,1987,8,Female,38 Catherine Boulevard,5.0,Saint Petersburg,FL,33705,27.75,-82.64,$18100,$36901,23293.0,695,4,36901.0,18100.0,222,21978.0,4,100.0,15399,585492.11,38.021437106305605,44.64549053937532,764.18,2
Deacon Bell,70,65,1950,1,Male,3485 Federal Avenue,,Cochranville,PA,19330,39.87,-75.92,$24725,$49531,6707.0,737,6,49531.0,24725.0,223,76795.0,6,8.733641513119343,23349,1208859.55,51.77350421859609,109.31240171963746,2030.74,5
Rafael Cruz,68,66,1951,8,Male,198 Main Boulevard,46.0,Chicago,IL,60653,41.83,-87.68,$20649,$35370,14777.0,562,1,35370.0,20649.0,224,12700.0,1,100.0,242,5794.28,23.943305785123965,67.56551378872653,245.96,1
Ruby Farhad,45,62,1975,1,Female,891 Fourth Avenue,,Wooster,OH,44691,40.81,-81.93,$18962,$38666,116783.0,822,1,38666.0,18962.0,225,4600.0,1,100.0,9066,254249.83000000002,28.044322744319437,75.46920337876048,868.27,1
Jewel Baker,24,70,1995,12,Female,8094 Catherine Lane,,Lowell,MA,1851,42.63,-71.32,$20458,$41714,54541.0,687,3,41714.0,20458.0,226,44023.0,3,100.0,3966,134483.07,33.90899394856279,98.06204111318188,1126.76,4
Jason Moore,32,66,1987,8,Male,41 Plum Boulevard,8942.0,Lottsburg,VA,22511,37.96,-76.51,$12018,$24505,52405.0,759,1,24505.0,12018.0,227,5600.0,1,100.0,91,3185.2799999999997,35.00307692307692,85.2735156531688,451.72,1
Pierce Cooper,43,65,1977,1,Male,2974 Grant Avenue,49.0,Valley Stream,NY,11580,40.66,-73.7,$27778,$56640,104134.0,672,4,56640.0,27778.0,228,55787.0,4,100.0,14485,795580.51,54.92443976527442,81.22001392841659,1141.46,4
Lucinda Nelson,53,67,1966,10,Female,456 Lincoln Boulevard,77.0,Orchard Park,NY,14127,42.76,-78.74,$30202,$61578,85383.0,602,2,61578.0,30202.0,229,52378.0,2,100.0,21927,1147598.68,52.33724084462079,85.93435692364322,1844.44,4
Fiona Gomez,53,66,1966,11,Female,1959 Forest Street,,Rockford,IL,61107,42.27,-89.06,$24589,$50139,109623.0,767,3,50139.0,24589.0,230,45927.0,3,100.0,12786,536939.08,41.99429688722039,104.92339130703894,4199.33,4
Mohamed Parker,21,68,1998,12,Male,74 Hill Avenue,9.0,Minneapolis,KS,67467,39.12,-97.7,$16990,$34646,54205.0,759,1,34646.0,16990.0,231,16.0,1,100.0,21,204.01,9.714761904761904,22.49772488371459,71.0,1
Jaylen Merkel,22,65,1998,1,Male,5274 Martin Luther King Lane,,Fort Worth,TX,76164,32.75,-97.33,$12274,$25024,29227.0,691,2,25024.0,12274.0,232,14146.0,2,100.0,173,3876.16,22.405549132947975,41.07259620236465,290.34,1
Sydney Fox,41,68,1979,1,Female,136 South Street,,Chicago,IL,60619,41.83,-87.68,$16114,$32856,26535.0,703,3,32856.0,16114.0,233,29754.0,3,89.18128654970761,16129,797014.98,49.41502759005518,78.06945556272422,1288.76,3
Sally Mitchell,41,66,1978,10,Female,560 Summit Street,,Hillsboro,IL,62049,39.16,-89.48,$17696,$36080,80443.0,839,3,36080.0,17696.0,234,25673.0,3,100.0,12923,506993.22,39.23185173721272,74.43261256746396,1198.59,2
Marissa Miller,32,68,1987,11,Female,593 Washington Drive,,Garland,TX,75042,32.91,-96.62,$14535,$29637,56446.0,569,3,29637.0,14535.0,235,26072.0,3,100.0,31646,478876.38,15.132287808885799,66.88958051246753,909.61,2
Clark Braun,56,65,1964,2,Male,281 Martin Luther King Avenue,,Wewoka,OK,74884,35.14,-96.49,$14004,$28553,94214.0,747,3,28553.0,14004.0,236,16085.0,3,100.0,14635,671384.87,45.87529005807995,52.9268159878119,807.88,2
Sullivan Brown,18,65,2001,9,Male,1335 Norfolk Drive,8.0,East Falmouth,MA,2536,41.56,-70.55,$21335,$43499,108468.0,701,4,43499.0,21335.0,237,22558.0,4,100.0,111,4534.12,40.84792792792793,87.60780668983682,538.02,2
Aubree Howard,35,57,1984,6,Female,47428 First Boulevard,,Solon,IA,52333,41.8,-91.49,$29059,$59248,173887.0,725,5,59248.0,29059.0,238,98086.0,5,100.0,12633,512519.1,40.56986464022797,82.48635444139227,1403.4,5
Nixon Abe,44,65,1975,6,Male,6995 North Drive,92.0,Indianapolis,IN,46236,39.77,-86.14,$32865,$67008,81402.0,778,8,67008.0,32865.0,239,177723.0,8,45.802737968636585,21345,811923.69,38.038120871398455,87.0054293722233,1007.89,5
Ophelia Martin,31,68,1988,10,Female,5857 12th Avenue,,Sherman Oaks,CA,91403,34.14,-118.46,$51976,$105963,106266.0,684,4,105963.0,51976.0,240,171026.0,4,62.13441231157836,24055,1348991.51,56.07946414466847,91.99358128228072,1918.67,5
Amos Cox,30,66,1989,4,Male,4096 Sussex Avenue,,Montgomery,AL,36117,32.35,-86.28,$27653,$56383,130152.0,800,4,56383.0,27653.0,241,52019.0,4,100.0,7400,372825.84,50.38187027027028,97.80160866852209,1395.34,4
Xander Abe,38,78,1981,8,Male,2867 Federal Drive,,Campbell,TX,75422,33.14,-95.95,$18934,$38609,27463.0,740,3,38609.0,18934.0,242,30978.0,3,88.6532377816515,36612,801604.9099999999,21.894594941549215,67.04021364279689,1102.96,3
Jase Wilson,48,66,1971,9,Male,96 11th Street,,Pensacola,FL,32507,30.44,-87.18,$17987,$36671,39882.0,850,3,36671.0,17987.0,243,13988.0,3,100.0,12945,447400.15,34.56161838547702,57.05637991975733,1276.61,1
Antonio Evans,28,65,1991,10,Male,654 Elm Drive,,Atlanta,GA,30331,33.71,-84.53,$19550,$39860,112825.0,728,1,39860.0,19550.0,244,24079.0,1,100.0,152,5290.64,34.80684210526316,54.72150111943699,341.0,2
Abril Labelle,18,63,2002,2,Female,345 George Avenue,922.0,Waynesboro,VA,22980,38.06,-78.9,$18531,$37785,58187.0,748,1,37785.0,18531.0,245,10058.0,1,100.0,380,10460.830000000002,27.528500000000005,43.72109327872351,460.93,1
Terrence Long,50,68,1969,6,Male,35 Hillside Drive,,Chicago,IL,60657,41.83,-87.68,$0,$2466,5521.0,711,2,2466.0,0.0,246,2186.0,2,100.0,3515,89969.48,25.595869132290183,49.60702753816301,708.75,1
Addisyn Sanders,68,60,1951,8,Female,318 Spruce Boulevard,,Lynn,MA,1902,42.47,-70.96,$18682,$27358,13557.0,665,2,27358.0,18682.0,247,18813.0,2,72.06187210971137,10263,345891.16000000003,33.70273409334503,64.69490786033872,1095.65,2
Annalee Wood,26,65,1994,1,Female,118 12th Avenue,,Powder Springs,GA,30127,33.86,-84.68,$25025,$51024,181184.0,602,1,51024.0,25025.0,248,13700.0,1,100.0,341,16182.140000000001,47.45495601173021,94.2107026427823,1089.94,1
Joslyn Torres,40,64,1979,5,Female,1752 Martin Luther King Avenue,,Oklahoma City,OK,73151,35.46,-97.51,$49868,$101679,307856.0,592,1,101679.0,49868.0,249,19097.0,1,100.0,24114,2187040.6799999997,90.69588952475739,125.6056591206537,2200.85,2
Leighton Sullivan,20,71,1999,6,Male,982 Plum Boulevard,7078.0,Lynwood,CA,90262,33.92,-118.2,$13632,$27801,0.0,754,1,27801.0,13632.0,250,12874.0,1,0.0,89,2332.5400000000004,26.208314606741578,23.592731419043766,126.05,1
Ansley Miller,61,69,1958,11,Female,49 Bayview Lane,,Las Vegas,NV,89122,36.1,-115.02,$18897,$38536,72299.0,705,1,38536.0,18897.0,251,8900.0,1,100.0,5594,289943.31,51.83112441902038,92.31160843668542,988.18,1
Angie Cox,43,70,1976,5,Female,5194 Grant Street,6.0,Greenville,SC,29607,34.83,-82.37,$24314,$49577,142314.0,694,3,49577.0,24314.0,252,34184.0,3,100.0,30810,1444300.54,46.87765465757871,89.28049974203651,1973.74,3
Matteo Moore,24,71,1995,11,Male,9713 Fourth Lane,,Fresno,CA,93710,36.81,-119.75,$17985,$36672,49660.0,739,2,36672.0,17985.0,253,25769.0,2,100.0,323,10851.13,33.594829721362224,38.2913745901745,347.15,2
Maddux Miller,43,70,1976,11,Male,857 Jefferson Avenue,,New Braunfels,TX,78130,29.7,-98.11,$19325,$39404,71859.0,723,5,39404.0,19325.0,254,68083.0,5,100.0,25924,982923.38,37.915575528467826,58.22631043773532,1652.13,5
Paola Braun,61,60,1958,5,Female,1861 Fourth Boulevard,,Badger,IA,50516,42.61,-94.14,$18849,$18452,16827.0,741,6,18452.0,18849.0,255,51692.0,6,32.552425907297064,9363,477243.48,50.97121435437359,95.77161651704887,1290.65,4
Elaina Kelly,39,69,1980,9,Female,7549 Fourth Lane,,Lombard,IL,60148,41.87,-88.01,$27741,$56562,111495.0,712,4,56562.0,27741.0,256,92986.0,4,100.0,15010,496647.57000000007,33.08777948034644,83.07694962106183,1285.98,5
Briana Nelson,90,74,1929,11,Female,495 Ocean View Lane,,Santa Barbara,CA,93103,34.43,-119.68,$25249,$48580,1785.0,687,7,48580.0,25249.0,257,114273.0,7,1.5620487779265442,14351,825770.88,57.540999233502895,96.57017041514911,2325.86,5
Harper Kelley,41,67,1978,4,Female,6946 Park Drive,2.0,Hinsdale,NH,3451,42.78,-72.48,$20338,$41469,119423.0,659,1,41469.0,20338.0,258,2400.0,1,100.0,13495,471431.24,34.93377102630604,46.053547759504234,1003.43,1
Abril Labelle,52,61,1967,6,Female,4222 Ocean View Drive,,Fort Knox,KY,40121,37.89,-85.96,$15879,$32378,65919.0,588,4,32378.0,15879.0,259,24593.0,4,100.0,9794,344965.04000000004,35.22207882376966,77.2607392754914,2320.53,2
Edison Nguyen,57,67,1963,1,Male,46 South Street,,Reidsville,NC,27320,36.34,-79.67,$16888,$34437,0.0,681,4,34437.0,16888.0,260,60578.0,4,0.0,20466,822463.48,40.1868210690902,68.06895884334605,846.88,4
Emerald Campbell,83,68,1936,11,Female,2780 Martin Luther King Drive,,Marshall,MN,56258,44.45,-95.78,$20697,$33897,533.0,705,4,33897.0,20697.0,261,79103.0,4,0.673805038999785,11520,444037.14999999997,38.54489149305555,94.25896060165051,959.12,5
Jaxon Cook,38,64,1981,5,Male,215 Ocean View Drive,,Olympia,WA,98516,47.11,-122.76,$24044,$49023,66148.0,583,5,49023.0,24044.0,262,52473.0,5,100.0,68089,1435217.1400000001,21.07854631438265,71.36870182601515,1857.46,4
Anne Roman,24,65,1995,12,Female,84 Second Lane,971.0,Chicago,IL,60641,41.83,-87.68,$18937,$38609,39867.0,798,3,38609.0,18937.0,263,31030.0,3,100.0,207,6530.4800000000005,31.548212560386474,46.98726852122022,461.44,3
Spencer Morgan,18,68,2001,11,Female,1987 Hillside Lane,,Corinth,VT,5039,44.02,-72.23,$15062,$30712,38054.0,723,2,30712.0,15062.0,264,22596.0,2,100.0,103,3880.5799999999995,37.67553398058252,28.17099774653453,142.38,2
Prince Masvidal,22,68,1997,7,Male,71 Madison Street,99.0,El Paso,TX,79938,31.84,-106.43,$16011,$32645,59851.0,790,3,32645.0,16011.0,265,40176.0,3,100.0,332,10191.189999999999,30.696355421686743,74.1478098103299,467.0,3
Lizbeth Jenkins,81,65,1938,10,Female,9574 Ocean Drive,,Edmonds,WA,98026,47.83,-122.32,$28248,$31912,2182.0,630,4,31912.0,28248.0,266,61894.0,4,3.5253821048890037,9199,651264.1399999999,70.79727579084683,96.23435068305614,1640.76,4
Carson Masvidal,30,67,1990,1,Male,649 Sussex Street,,Watertown,NY,13601,43.97,-75.91,$18401,$37521,65701.0,775,2,37521.0,18401.0,267,37251.0,2,100.0,3074,71113.44,23.13384515289525,27.89294362060907,156.87,3
Briar Merkel,62,70,1957,8,Female,102 Seventh Avenue,,Jessup,MD,20794,39.14,-76.77,$28673,$58463,141151.0,737,4,58463.0,28673.0,268,83260.0,4,100.0,19012,999625.6499999999,52.578668735535445,99.74580434236421,1975.09,5
Magdalena Farhad,36,68,1983,3,Female,28 Second Boulevard,6239.0,Lordsburg,NM,88045,32.34,-108.7,$15407,$31414,42233.0,719,4,31414.0,15407.0,269,54094.0,4,78.07335379154804,12867,614401.1,47.75014377865858,77.87512216749529,840.71,4
Jazlyn Anwar,32,63,1987,12,Female,2017 Ninth Drive,,Brooktondale,NY,14817,42.38,-76.39,$20159,$41106,106963.0,762,3,41106.0,20159.0,270,14355.0,3,100.0,86,2775.39,32.27197674418605,50.07857019328837,198.59,1
Cassandra Macron,53,67,1967,1,Female,595 Valley Stream Drive,,Cedar Rapids,IA,52405,41.97,-91.66,$22502,$45876,58252.0,790,7,45876.0,22502.0,271,137906.0,7,42.240366626542716,26256,847721.21,32.28676150213285,64.15522414234964,1901.78,5
Astrid Ortiz,37,67,1982,10,Female,3748 Mountain View Drive,,Roseville,CA,95747,38.78,-121.37,$28760,$58637,87340.0,803,6,58637.0,28760.0,272,59602.0,6,100.0,7564,582896.89,77.06198968799578,122.15179124281406,1317.98,4
Matthew Martin,35,63,1984,10,Male,626 Federal Drive,,Little Rock,AR,72207,34.72,-92.35,$47364,$96574,265319.0,590,3,96574.0,47364.0,273,92444.0,3,100.0,6389,457546.05000000005,71.61465800594773,154.19018745954145,1889.73,5
Rex Long,18,67,2002,2,Male,701 Pine Drive,,Jersey City,NJ,7306,40.71,-74.06,$21642,$44128,142368.0,687,3,44128.0,21642.0,274,32988.0,3,100.0,225,10735.36,47.71271111111111,49.22535287368457,251.44,3
Bridget Schmidt,77,72,1942,8,Female,9 Plum Boulevard,,Colorado Springs,CO,80918,38.86,-104.76,$22185,$31942,11845.0,713,6,31942.0,22185.0,275,113744.0,6,10.413736109157407,19932,848702.8,42.57991169977925,73.7596110860541,1575.6,5
Blaise Gomez,27,66,1992,6,Male,1039 Bayview Drive,185.0,Sterling,VA,20164,39.0,-77.4,$28410,$57927,87736.0,557,1,57927.0,28410.0,276,19800.0,1,100.0,2048,117024.89,57.1410595703125,87.46147022783472,779.2,2
Miller Wright,20,66,1999,6,Male,11162 Oak Drive,,Des Moines,IA,50310,41.57,-93.61,$22425,$45725,102164.0,688,4,45725.0,22425.0,277,49122.0,4,100.0,127,3341.5300000000007,26.31125984251969,42.7569772911301,182.29,4
Raiden Reed,39,65,1980,12,Male,4784 Park Boulevard,,Belgrade,ME,4917,44.44,-69.83,$21647,$44134,0.0,792,4,44134.0,21647.0,278,34152.0,4,0.0,17125,893137.63,52.154022189781024,78.13618498032089,1400.12,3
Jefferson Perez,19,66,2001,2,Male,751 Birch Avenue,,San Diego,CA,92169,32.79,-117.25,$27748,$56579,79726.0,705,2,56579.0,27748.0,279,24600.0,2,100.0,146,8320.399999999998,56.98904109589039,107.8741747080529,734.48,2
Dominique Evans,37,63,1983,2,Male,372 12th Boulevard,,Asheville,NC,28804,35.57,-82.54,$22983,$46864,58954.0,751,4,46864.0,22983.0,280,66490.0,4,88.66596480673785,8200,271709.14,33.13526097560976,62.58137460007035,1401.42,5
Alyson Lewis,44,67,1975,9,Female,60 Little Creek Avenue,57.0,Las Vegas,NV,89145,36.16,-115.28,$27761,$56605,87970.0,624,3,56605.0,27761.0,281,36496.0,3,100.0,8541,437632.23,51.23899192132069,102.80423063298674,1485.86,3
Maddison Abe,31,66,1988,4,Female,5190 Grant Street,10.0,San Jose,CA,95121,37.3,-121.8,$25115,$51209,76900.0,765,1,51209.0,25115.0,282,10599.0,1,100.0,9704,551754.67,56.858477947238256,125.84034284450973,1228.89,1
Oakley Gray,51,69,1968,4,Male,310 Birch Avenue,76.0,Pompano Beach,FL,33076,26.23,-80.13,$37424,$76305,112785.0,692,3,76305.0,37424.0,283,130857.0,3,86.18950457369495,28253,1002013.88,35.46575160159983,74.61844354242673,4351.56,5
Bowen Perry,18,61,2001,3,Male,644 Birch Avenue,11.0,Canonsburg,PA,15317,40.26,-80.18,$30076,$61325,83899.0,652,1,61325.0,30076.0,284,15569.0,1,100.0,65,3062.2899999999995,47.11215384615384,57.09626972841054,251.7,2
Preston Davis,42,69,1977,3,Male,188 Washington Avenue,,San Fernando,CA,91340,34.28,-118.44,$15583,$31772,17286.0,734,4,31772.0,15583.0,285,29657.0,4,58.286407930674045,23366,1313056.25,56.19516605323975,52.23190969783976,860.1,3
Felicity Nelson,61,67,1958,10,Female,72 Second Street,7.0,West Linn,OR,97068,45.34,-122.66,$35992,$73383,155191.0,760,2,73383.0,35992.0,286,161.0,2,100.0,10527,318785.4,30.282644628099177,40.89987506292381,928.15,1
Jakob Roberts,55,66,1964,4,Male,3999 West Lane,,Leicester,MA,1524,42.25,-71.9,$26137,$53287,51026.0,816,4,53287.0,26137.0,287,57050.0,4,89.44084136722174,24675,1315317.1300000001,53.305658763931106,76.51685295050704,1335.86,4
Melina Hall,88,67,1931,4,Female,95 Sixth Avenue,,Millington,TN,38053,35.33,-89.88,$19115,$19225,1644.0,809,8,19225.0,19115.0,288,48439.0,8,3.393959412869795,19601,735665.97,37.53206316004285,70.02455504840678,1992.25,4
Renata Burns,62,65,1957,11,Female,58 Federal Lane,,Rocky River,OH,44116,41.47,-81.85,$29692,$60541,160456.0,716,3,60541.0,29692.0,289,53849.0,3,100.0,12836,465010.88,36.22708631972577,80.31823471045905,1667.05,4
Tori Turner,44,61,1975,12,Female,25 Hill Drive,,Battle Creek,MI,49015,42.29,-85.22,$21639,$44124,107162.0,850,1,44124.0,21639.0,290,1298.0,1,100.0,10451,656744.6000000001,62.8403597741843,73.3043637779484,1032.78,1
Pearl Rivera,88,65,1932,1,Female,2947 Lake Lane,,Waterford,MI,48329,42.66,-83.38,$24578,$36764,839.0,712,8,36764.0,24578.0,291,86883.0,8,0.9656664710012315,22180,920124.8999999999,41.484440937781784,75.87243190228452,944.48,5
Lochlan Morris,47,63,1972,9,Male,857 Catherine Avenue,,Boaz,AL,35957,34.2,-86.15,$14516,$29597,44388.0,513,4,29597.0,14516.0,292,41772.0,4,100.0,7804,304033.38,38.95865966171194,74.3779086719203,1784.92,3
Patricia Farhad,37,66,1983,1,Female,33 Mill Street,2.0,Cincinnati,OH,45224,39.09,-84.51,$18959,$38656,47523.0,584,1,38656.0,18959.0,293,2000.0,1,100.0,7783,279962.41000000003,35.97101503276372,72.13691284838181,741.13,1
Thiago Hughes,45,64,1974,10,Male,41307 Main Lane,,Albuquerque,NM,87121,35.11,-106.62,$15385,$31373,58481.0,637,2,31373.0,15385.0,294,6117.0,2,100.0,19414,817753.75,42.12185793757082,61.30379237854681,2720.36,1
Emery Scott,22,68,1997,4,Female,751 Fifth Street,10.0,Sunbury,PA,17801,40.86,-76.78,$16519,$33681,78326.0,697,2,33681.0,16519.0,295,3684.0,2,100.0,57,2504.2300000000005,43.933859649122816,46.74509996853168,285.54,1
Colson Ajami,39,64,1980,10,Male,6889 Summit Lane,,Cayucos,CA,93430,35.48,-120.92,$18740,$38211,84427.0,665,2,38211.0,18740.0,296,24841.0,2,100.0,7897,315256.36,39.92102823857161,82.64517675096896,1190.11,2
Autumn Gonzalez,40,62,1979,7,Female,8100 Hill Avenue,10.0,Quincy,FL,32353,30.58,-84.58,$13144,$26802,43444.0,638,2,26802.0,13144.0,297,15600.0,2,100.0,7651,321454.91000000003,42.01475754803294,69.68314633526509,669.21,2
Amiya Mitchell,58,65,1962,1,Female,645 Hillside Lane,3.0,Roan Mountain,TN,37687,36.18,-82.07,$12427,$25334,182.0,696,3,25334.0,12427.0,298,23240.0,3,0.783132530120482,7518,159393.64,21.201601489757916,62.505767284126215,1442.63,2
Israel Stewart,34,67,1985,3,Male,4591 Third Drive,,Pittsburgh,PA,15203,40.43,-79.97,$30361,$61904,125358.0,639,3,61904.0,30361.0,299,21314.0,3,100.0,14020,657414.8,46.89121255349501,92.53139330135505,2996.42,2
Melina Cook,101,68,1918,5,Female,887 Third Boulevard,,Seligman,AZ,86337,35.13,-112.99,$13086,$15348,1396.0,761,4,15348.0,13086.0,300,26341.0,4,5.299722865494856,16445,311657.83,18.95152508361204,59.908272550498836,499.0,2
Catherine Roman,44,66,1975,11,Female,33 Pine Lane,985.0,Cookeville,TN,38501,36.15,-85.5,$15955,$32527,74331.0,705,3,32527.0,15955.0,301,22911.0,3,100.0,7107,273117.4,38.42935134374561,79.87355529735277,1256.85,2
Enoch Young,51,63,1969,2,Male,1246 11th Boulevard,,Fort Lauderdale,FL,33318,26.14,-80.13,$21661,$44170,90049.0,661,7,44170.0,21661.0,302,107089.0,7,84.08800156878857,5840,215454.21000000002,36.89284417808219,83.44516307733551,1503.98,5
Remi Fisher,28,64,1991,6,Female,233 Oak Drive,8.0,Gresham,OR,97080,45.47,-122.37,$22599,$46077,101450.0,686,1,46077.0,22599.0,303,22.0,1,100.0,88,1394.13,15.842386363636365,4.356665216110665,21.91,1
Lyric Roman,58,66,1961,3,Male,4988 Ocean View Lane,,Fort Polk,LA,71459,31.13,-93.27,$11324,$23092,20545.0,752,4,23092.0,11324.0,304,30327.0,4,67.7449137732054,27371,604103.97,22.070949910489205,50.30786427360123,939.1,3
Beau Jones,19,69,2000,11,Male,74 Birch Avenue,,Iliff,CO,80736,40.75,-103.06,$15064,$30710,30956.0,680,2,30710.0,15064.0,305,12300.0,2,100.0,148,3911.55,26.429391891891893,49.723976355780366,278.0,1
Briella Kelly,22,62,1997,11,Female,415 Madison Boulevard,,Mounds,OK,74047,35.87,-96.05,$19856,$40491,81879.0,691,2,40491.0,19856.0,306,22325.0,2,100.0,1182,48927.83,41.394103214890016,41.75698874400967,765.86,2
Rodrigo Braun,44,62,1975,5,Male,6308 Maple Avenue,,West Sacramento,CA,95691,38.66,-121.62,$25234,$51454,151162.0,698,4,51454.0,25234.0,307,29272.0,4,100.0,10894,564714.11,51.837168165962915,114.04195981969521,1337.6,3
Jazlynn Watson,47,63,1973,1,Female,430 Sixth Avenue,,Ardsley,NY,10502,41.01,-73.84,$46169,$94133,189899.0,603,1,94133.0,46169.0,308,9230.0,1,100.0,5654,553689.3300000001,97.92878139370359,130.12325088435068,1777.46,1
Ibrahim Turner,58,72,1961,8,Male,860 Seventh Avenue,,Fort Walton Beach,FL,32547,30.42,-86.61,$18005,$36710,116794.0,786,5,36710.0,18005.0,309,65363.0,5,100.0,24129,1094853.54,45.37500683824444,68.98289728368871,2061.56,4
Noel Davis,62,70,1957,8,Male,313 Martin Luther King Boulevard,,Somerville,AL,35670,34.47,-86.8,$18533,$37785,81500.0,745,3,37785.0,18533.0,310,33500.0,3,100.0,8886,397421.82999999996,44.72449133468377,78.99635483891656,1475.01,3
Poppy Johnson,58,66,1961,6,Female,2200 Third Drive,,Oak Harbor,WA,98278,48.28,-122.62,$16537,$33717,58236.0,698,6,33717.0,16537.0,311,64521.0,6,90.25898544659879,34856,1015856.37,29.14437600413128,59.4323947657411,1228.96,4
Kyree Evans,50,64,1970,2,Male,5154 Sixth Avenue,,Stockton,CA,95210,38.02,-121.3,$14709,$29994,100834.0,769,1,29994.0,14709.0,312,6000.0,1,100.0,28,2216.8500000000004,79.1732142857143,190.8872694448138,724.37,1
Raylee Fernandez,42,63,1977,6,Female,53789 Bayview Street,,Fort Lauderdale,FL,33313,26.14,-80.13,$14430,$29422,58679.0,598,1,29422.0,14430.0,313,18776.0,1,100.0,16159,471882.6,29.20246302370196,38.59599356523687,549.92,2
Emmett Baker,40,67,1980,1,Male,42 Martin Luther King Drive,86.0,Saint Thomas,PA,17252,39.92,-77.8,$17405,$35489,91995.0,724,5,35489.0,17405.0,314,50948.0,5,100.0,8333,255109.68,30.614386175447017,70.78831111621368,976.45,4
Destiny Reyes,28,65,1992,1,Female,769 Madison Drive,,Tucson,AZ,85756,32.07,-110.92,$16238,$33106,108695.0,763,2,33106.0,16238.0,315,26436.0,2,100.0,10816,351182.27999999997,32.46877588757396,53.50743714032894,1053.18,2
Isabelle Howard,26,65,1994,2,Female,3716 North Boulevard,,Yorkville,IL,60560,41.64,-88.44,$29281,$59699,71110.0,688,1,59699.0,29281.0,316,24826.0,1,100.0,11098,462309.14,41.65697783384394,70.69727852058908,1188.54,2
Lionel Labelle,58,70,1961,7,Male,610 Oak Street,,Portland,OR,97212,45.54,-122.64,$33737,$68787,171854.0,527,1,68787.0,33737.0,317,27091.0,1,100.0,13700,708352.9099999999,51.704591970802916,110.84789153051365,1104.07,2
Leona Jackson,65,67,1954,11,Female,727 Eighth Lane,,Plymouth,MI,48170,42.37,-83.46,$33031,$67344,7049.0,804,4,67344.0,33031.0,318,55299.0,4,12.747065950559685,14684,534248.4400000001,36.383031871424684,84.73193624262304,1553.3,4
Holland Howard,68,64,1952,1,Female,651 Fourth Avenue,,San Francisco,CA,94131,37.74,-122.44,$51692,$88432,63075.0,694,6,88432.0,51692.0,319,124373.0,6,50.71438334686788,28569,3676088.15,128.67402254191606,133.27766907105533,2991.81,5
Frankie Powell,36,68,1983,7,Male,895 Lexington Lane,,Woodway,TX,76712,31.49,-97.23,$26061,$53138,153374.0,606,4,53138.0,26061.0,320,40582.0,4,100.0,23104,1604662.11,69.45386556440444,88.2034376137129,1542.77,3
Charli Nelson,88,65,1931,4,Female,9192 Birch Lane,6.0,Fargo,ND,58103,46.87,-96.81,$22214,$38523,49.0,751,5,38523.0,22214.0,321,114805.0,5,0.04268106789773964,30854,1011698.73,32.7898726259156,53.5659091002395,1155.62,5
Jesus Mitchell,76,63,1944,2,Male,3031 Essex Street,498.0,Odessa,FL,33556,28.2,-82.59,$34909,$26660,28332.0,721,4,26660.0,34909.0,322,106062.0,4,26.71267749052441,18342,862849.97,47.042305637335076,72.04778691474678,989.53,5
Gloria Smith,53,67,1966,10,Female,709 River Lane,,Huntingdon Valley,PA,19006,40.13,-75.06,$34043,$69412,177225.0,620,1,69412.0,34043.0,323,11105.0,1,100.0,10874,548066.9299999999,50.40159370976641,79.46212964209916,941.84,1
Harvey Smith,26,67,1993,5,Male,91 Lake Street,,New Orleans,LA,70130,30.06,-89.93,$32314,$65888,162364.0,803,2,65888.0,32314.0,324,62937.0,2,100.0,208,11155.73,53.63331730769231,96.89172464592038,619.09,4
Alexander Taylor,37,63,1983,1,Male,5320 Mountain View Street,,Los Angeles,CA,90044,33.95,-118.29,$12362,$25205,65179.0,688,1,25205.0,12362.0,325,83.0,1,100.0,11340,265451.72,23.40844091710758,34.718278226591195,485.0,1
Maia Anderson,38,65,1981,4,Female,17 Tenth Avenue,,Tonawanda,NY,14150,43.0,-78.87,$19433,$39627,47793.0,718,4,39627.0,19433.0,326,50821.0,4,94.04183310048995,12330,362479.47,29.398172749391726,70.96239203836305,1182.05,4
Raelynn Nelson,42,66,1978,1,Female,12150 Mill Boulevard,,Jackson,MS,39282,32.32,-90.2,$13717,$27967,50159.0,690,2,27967.0,13717.0,327,15180.0,2,100.0,15629,369363.92,23.633240770362786,47.39118669312276,884.99,2
Allie Gray,50,68,1969,11,Female,373 Sussex Drive,,Florien,LA,71429,31.44,-93.45,$18709,$38142,0.0,768,4,38142.0,18709.0,328,57708.0,4,0.0,11521,777880.8999999999,67.51852269768249,83.38154896055583,1283.17,4
Madalyn Rivera,36,67,1984,2,Female,28 Lexington Drive,,Kent,WA,98042,47.36,-122.1,$28919,$58964,71890.0,619,1,58964.0,28919.0,329,14800.0,1,100.0,13032,599093.54,45.970959177409455,118.91388175593353,4138.95,1
Greysen Foster,74,66,1945,11,Male,41 Rose Lane,38.0,West Newton,MA,2465,42.35,-71.22,$56720,$58378,73124.0,652,1,58378.0,56720.0,330,43.0,1,100.0,7833,220996.5,28.213519724243586,33.11447663571472,521.72,1
Makai Lopez,53,68,1966,8,Male,815 Hillside Drive,,Houston,TX,77064,29.76,-95.38,$26420,$53872,64269.0,691,5,53872.0,26420.0,331,79544.0,5,80.79679171276275,34198,3233202.56,94.5436154161062,92.88366284607238,4077.18,5
Vada Fernandez,75,59,1944,6,Female,7854 Plum Avenue,2.0,Farmington,MN,55024,44.65,-93.17,$28429,$41513,15899.0,748,3,41513.0,28429.0,332,64775.0,3,24.544963334619837,70010,2497008.99,35.66646179117269,93.6417641021667,2051.42,4
Ava Jones,49,69,1970,7,Female,704 East Drive,,Lake Charles,LA,70605,30.21,-93.2,$26772,$54587,69070.0,761,6,54587.0,26772.0,333,103393.0,6,66.80336192972445,22675,1575820.85,69.49595810363837,109.38806425053397,1831.02,5
Augustine Schmidt,22,62,1997,6,Male,9261 Little Creek Lane,,Vermilion,OH,44089,41.41,-82.31,$20400,$41595,54451.0,675,1,41595.0,20400.0,334,5600.0,1,100.0,182,5640.27,30.990494505494507,81.2708782391052,932.09,1
Jaxxon Allen,44,64,1975,4,Male,936 Mill Street,38.0,Memphis,NY,13112,43.08,-76.37,$22047,$44953,97076.0,728,1,44953.0,22047.0,335,9609.0,1,100.0,482,12408.27,25.74329875518672,60.682046540251385,785.02,1
Wilder Chen,28,65,1991,5,Male,35 Sixth Boulevard,3173.0,Fort Wayne,IN,46807,41.07,-85.13,$17264,$35199,68569.0,739,2,35199.0,17264.0,336,12256.0,2,100.0,4809,200513.8,41.69552921605323,90.39061129364667,1338.87,1
Rivka Bailey,28,59,1991,3,Female,8128 Hillside Avenue,,Cicero,IL,60804,41.84,-87.75,$13891,$28324,62363.0,695,2,28324.0,13891.0,337,12636.0,2,100.0,148,3566.8300000000004,24.100202702702706,62.894066658985075,398.54,1
Lee Turner,38,72,1981,9,Male,9541 Ocean View Drive,,Lewistown,PA,17044,40.59,-77.57,$16375,$33387,69066.0,526,3,33387.0,16375.0,338,25007.0,3,100.0,17206,509783.5,29.628240148785306,60.944152396597886,1267.99,2
Lincoln Carter,24,67,1995,9,Male,9614 Ocean View Drive,,Dunlap,TN,37327,35.37,-85.38,$15209,$31006,71031.0,681,2,31006.0,15209.0,339,22903.0,2,100.0,220,8036.549999999999,36.52977272727272,85.77056440635512,1023.5,2
Alfonso Lee,29,60,1990,4,Male,8016 Norfolk Drive,,Cherry Point,NC,28533,34.92,-76.89,$16006,$32636,42290.0,782,1,32636.0,16006.0,340,9953.0,1,100.0,359,13912.23,38.75272980501393,44.589854065520065,210.68,1
Markus Nguyen,58,65,1961,7,Male,16 Eighth Lane,,Dallas,TX,75253,32.79,-96.76,$12693,$25883,44404.0,706,4,25883.0,12693.0,341,22369.0,4,100.0,35871,896852.08,25.002148811017253,57.8079919837762,963.65,2
Willow Cook,26,60,1993,12,Female,15 Valley Stream Drive,,Tecate,CA,91980,32.59,-116.58,$9352,$19069,23153.0,658,1,19069.0,9352.0,342,405.0,1,100.0,33,1540.02,46.667272727272724,55.0164587645027,160.0,1
Leighton Jenkins,59,66,1960,12,Female,584 Bayview Street,,Phoenix,AZ,85032,33.62,-112.0,$22070,$44992,53368.0,785,3,44992.0,22070.0,343,42822.0,3,100.0,16022,1157729.5899999999,72.25874360254649,88.11995214491587,1379.68,3
Cristiano Walker,58,72,1961,8,Male,967 Norfolk Avenue,,Melbourne,FL,32901,28.08,-80.6,$15840,$32295,72357.0,698,4,32295.0,15840.0,344,53519.0,4,100.0,19687,822016.35,41.75427185452329,62.161526069967394,1167.32,4
Aubrielle Macron,57,66,1962,5,Female,186 First Drive,,Hopewell Junction,NY,12533,41.58,-73.8,$33919,$69159,135111.0,786,3,69159.0,33919.0,345,83208.0,3,100.0,8952,421943.51999999996,47.1339946380697,104.58554947152554,1214.81,5
Chana Myers,42,59,1977,12,Female,9864 Fifth Lane,,Idlewild,MI,49642,43.88,-85.8,$6201,$12643,19299.0,645,1,12643.0,6201.0,346,3628.0,1,100.0,7148,136492.28999999998,19.0951720761052,33.98219967789028,766.67,1
Leanna Bailey,34,65,1985,9,Female,862 11th Drive,,Walnut Creek,CA,94596,37.89,-122.03,$42685,$87030,161964.0,727,3,87030.0,42685.0,347,105964.0,3,100.0,13225,1016677.64,76.8754359168242,112.49618680802006,3234.4,5
Lorelai Ward,82,66,1937,6,Female,7236 South Boulevard,,Chicago,IL,60616,41.83,-87.68,$25365,$41793,1141.0,730,5,41793.0,25365.0,348,92463.0,5,1.2340071163600574,11755,1050487.4100000001,89.36515610378564,146.0477175384077,1992.53,5
Jace Moore,39,71,1981,2,Male,5944 Grant Avenue,,Tuscaloosa,AL,35405,33.23,-87.54,$20553,$41907,87163.0,728,4,41907.0,20553.0,349,56489.0,4,100.0,3833,181622.53,47.38391077484999,97.72962967348883,976.23,4
Orion Sullivan,48,61,1971,11,Male,70 Second Drive,,Pittsfield,NH,3263,43.3,-71.33,$19781,$40336,144284.0,668,4,40336.0,19781.0,350,27674.0,4,100.0,9259,372652.68999999994,40.24761745328868,82.61712373374048,1495.17,2
Cassidy Anwar,19,62,2000,11,Female,5378 Lafayette Avenue,,Columbus,OH,43219,39.98,-82.98,$15539,$31683,46987.0,817,4,31683.0,15539.0,351,26570.0,4,100.0,55,2989.9799999999996,54.36327272727272,69.16639846458673,461.22,2
Daisy Flores,57,67,1962,6,Female,839 East Avenue,,Las Vegas,NV,89142,36.14,-115.03,$19377,$39508,18870.0,770,4,39508.0,19377.0,352,31016.0,4,60.83956667526438,9979,273635.24,27.421108327487723,67.5223999552385,826.97,3
Maximiliano King,42,67,1978,2,Male,209 George Avenue,,Denmark,SC,29042,33.31,-81.13,$12189,$24859,43986.0,683,2,24859.0,12189.0,353,11557.0,2,100.0,21400,537983.79,25.13942943925234,47.3308538194407,985.87,1
Leandro Cooper,42,67,1977,6,Male,583 El Camino Boulevard,,Marshfield,MA,2050,42.09,-70.7,$34059,$69440,129944.0,743,3,69440.0,34059.0,354,101298.0,3,100.0,7789,483782.85,62.111034792656305,120.50669113050508,1794.0,5
Barrett Barnes,25,70,1995,1,Male,9892 George Drive,,Laredo,TX,78046,27.53,-99.48,$10626,$21666,38058.0,610,2,21666.0,10626.0,355,10711.0,2,100.0,61,1882.4400000000003,30.859672131147544,49.43111029975224,173.15,1
Kiana Hill,30,66,1989,10,Female,781 Federal Street,2.0,North Chili,NY,14514,43.11,-77.8,$22855,$46599,12700.0,684,4,46599.0,22855.0,356,47523.0,4,26.723902110556992,11322,377225.27999999997,33.3179014308426,76.9263689965954,1644.17,4
Kai Martinez,22,71,1997,6,Male,3132 Lake Avenue,,Carmichael,CA,95608,38.62,-121.32,$24781,$50525,118160.0,701,2,50525.0,24781.0,357,22760.0,2,100.0,157,8445.27,53.79152866242038,67.34687865005496,372.83,2
Evie Fernandez,60,68,1959,9,Female,29 12th Avenue,,Byron,IL,61010,42.12,-89.25,$25698,$52397,72810.0,729,3,52397.0,25698.0,358,42364.0,3,100.0,10859,475776.1000000001,43.81398839672162,69.77222541126164,1020.7,3
Dilan Anwar,53,63,1966,8,Male,415 Lafayette Drive,10.0,Avilla,IN,46710,41.36,-85.23,$19236,$39222,66559.0,583,3,39222.0,19236.0,359,41080.0,3,100.0,8664,529092.28,61.06789935364728,90.28987909932671,1563.03,3
Hayes Rivera,73,60,1946,7,Male,833 Elm Lane,,Houston,TX,77012,29.76,-95.38,$12434,$18015,10463.0,645,2,18015.0,12434.0,360,6238.0,2,100.0,6468,196845.25,30.43371212121212,63.907573551670765,910.47,1
Maleah Williams,65,64,1954,3,Female,8437 Sixth Street,,Traverse City,MI,49684,44.75,-85.6,$20035,$42102,9645.0,672,3,42102.0,20035.0,361,34326.0,3,28.09823457437511,12055,500360.11,41.50643799253422,77.76330556639685,1724.39,3
Hendrix Myers,36,66,1983,10,Male,547 Norfolk Boulevard,,Ainsworth,IA,52201,41.29,-91.55,$18302,$37316,37515.0,726,2,37316.0,18302.0,362,16871.0,2,100.0,11160,490677.37,43.96750627240144,89.95901554836992,2447.88,2
Jazlynn Perez,18,67,2001,6,Female,255 Bayview Street,,Bakersfield,CA,93313,35.15,-119.06,$20460,$41717,27174.0,718,5,41717.0,20460.0,363,49366.0,5,55.04598306526759,427,18871.07,44.19454332552693,58.33306010836768,162.67,4
Devin Hughes,75,71,1944,8,Male,5934 Essex Boulevard,,Lexington,KY,40508,38.04,-84.45,$14920,$20797,10127.0,777,1,20797.0,14920.0,364,17167.0,1,58.99108755169803,45,2291.3500000000004,50.918888888888894,84.08306961893821,280.16,2
Zyaire Baker,76,69,1943,8,Male,765 Forest Street,1.0,Hopkins,MN,55305,44.92,-93.4,$39155,$38800,25867.0,758,7,38800.0,39155.0,365,142669.0,7,18.13077823493541,17004,980030.95,57.63531816043284,141.73398093997127,3605.24,5
Axton Fox,51,68,1968,3,Male,572 Mountain View Lane,,Roanoke,VA,24017,37.27,-79.95,$14528,$29622,17385.0,694,3,29622.0,14528.0,366,49385.0,3,35.20299686139516,2576,69866.25,27.121991459627328,46.97439283951663,792.12,4
Isabela Bennett,88,65,1931,10,Female,42 Fourth Avenue,,Shelbyville,KY,40065,38.21,-85.23,$19620,$31399,2528.0,757,4,31399.0,19620.0,367,23378.0,4,10.813585422191805,9586,390323.55,40.7180836636762,78.15404106593621,3137.62,2
Yamileth Rivera,48,66,1971,5,Female,328 Birch Street,,Severn,MD,21144,39.13,-76.69,$31075,$63355,0.0,708,5,63355.0,31075.0,368,90206.0,5,0.0,28619,1403256.1400000001,49.03232607708166,83.79069559557307,1606.44,5
Zariah Peterson,19,71,2000,12,Female,76 Birch Drive,,Jefferson,TX,75657,32.76,-94.34,$15299,$31197,84749.0,844,2,31197.0,15299.0,369,16659.0,2,100.0,236,7298.0599999999995,30.923983050847454,82.68933299865482,496.0,2
Valerio Price,38,67,1981,3,Male,683 Washington Street,237.0,Huntington,NY,11743,40.87,-73.4,$51032,$104049,247623.0,741,2,104049.0,51032.0,370,51382.0,2,100.0,25924,1293522.75,49.89672697114643,135.87433406193023,3084.16,4
Joel Fu,35,69,1984,5,Male,215 Plum Boulevard,46.0,El Paso,TX,79912,31.84,-106.43,$24608,$50177,101323.0,681,4,50177.0,24608.0,371,37708.0,4,100.0,21872,720618.9,32.94709674469642,89.39553346276696,1572.71,3
Juliet Gao,40,64,1979,12,Female,5899 Mill Street,,Ninety Six,SC,29666,34.17,-82.02,$16843,$34344,48931.0,548,1,34344.0,16843.0,372,4851.0,1,100.0,12563,557360.92,44.36527262596514,77.32096481238275,968.33,1
Lilianna Farhad,31,72,1989,1,Female,9316 Hillside Lane,314.0,Harrisburg,PA,17113,40.27,-76.88,$17110,$34884,26799.0,705,5,34884.0,17110.0,373,31689.0,5,84.56877780933448,9555,700121.22,73.27275981161695,77.82625695132906,1587.45,3
Zaria Lee,33,69,1986,3,Female,2552 Forest Avenue,,Hampstead,MD,21074,39.61,-76.85,$27906,$56897,0.0,699,5,56897.0,27906.0,374,83286.0,5,0.0,13035,854550.58,65.55815726889145,110.87767107352121,1575.76,5
Alia Stewart,38,72,1981,10,Female,89 Washington Boulevard,,Wilmington,DE,19803,39.73,-75.53,$35630,$72647,90579.0,739,1,72647.0,35630.0,375,19100.0,1,100.0,2403,179610.56,74.74430295464003,104.06056470458188,990.49,2
Quinn Brown,49,66,1970,8,Male,9383 Martin Luther King Street,,Mobile,AL,36695,30.68,-88.04,$25381,$51755,88605.0,806,1,51755.0,25381.0,376,7834.0,1,100.0,11073,954189.5700000001,86.17263343267408,116.50323478497288,2599.79,1
Layton White,60,66,1959,11,Male,175 Valley Drive,,Wayland,MA,1778,42.36,-71.36,$56632,$115465,195657.0,715,4,115465.0,56632.0,377,196075.0,4,99.78681626928471,13312,1291199.1199999999,96.99512620192307,148.14100283124134,1693.08,5
Uriel Parker,18,70,2002,1,Male,729 Wessex Drive,,Fort Myers,FL,33907,26.63,-81.85,$17522,$35731,71825.0,503,2,35731.0,17522.0,378,21100.0,2,100.0,400,8834.14,22.08535,53.57652283302361,319.26,2
Aranza Brooks,18,70,2002,2,Female,5263 Little Creek Drive,,Lake Mary,FL,32746,28.75,-81.33,$31847,$64936,107755.0,688,2,64936.0,31847.0,379,46619.0,2,100.0,112,7099.7300000000005,63.39044642857143,61.822541548780585,226.3,4
Izaiah Fu,24,68,1995,3,Male,4973 Martin Luther King Lane,7.0,Reno,NV,89521,39.38,-119.67,$30757,$62711,68777.0,798,3,62711.0,30757.0,380,62666.0,3,100.0,209,9291.3,44.455980861244015,56.033330555383024,373.78,4
Madelyn Labelle,41,68,1978,7,Female,26 Valley Stream Drive,9.0,Pleasantville,NJ,8232,39.39,-74.51,$15157,$30910,42507.0,749,4,30910.0,15157.0,381,35952.0,4,100.0,12185,295236.32999999996,24.22948953631514,64.54345915675714,744.12,3
Madden Hill,27,71,1992,11,Male,79 Sixth Avenue,4054.0,Port Orchard,WA,98366,47.54,-122.58,$21219,$43264,89798.0,729,1,43264.0,21219.0,382,14000.0,1,100.0,4253,216906.8,51.00089348695038,93.91868371804192,1107.73,1
Gustavo Fisher,18,67,2001,11,Male,13 Main Boulevard,92.0,Suisun City,CA,94585,38.16,-121.93,$23990,$48909,71310.0,740,2,48909.0,23990.0,383,15480.0,2,100.0,225,7342.669999999999,32.63408888888888,45.74223485956556,347.55,2
Emery Garcia,32,71,1987,11,Female,670 Tenth Drive,,Glen Ellyn,IL,60137,41.86,-88.06,$42028,$85694,120733.0,822,2,85694.0,42028.0,384,28857.0,2,100.0,14934,750727.98,50.26971876255524,89.53280044979422,1665.48,3
Ingrid Thomas,81,68,1938,4,Female,864 Main Lane,,Fort Gibson,OK,74434,35.78,-95.24,$18585,$27864,1371.0,591,6,27864.0,18585.0,385,41484.0,6,3.304888631761643,21122,1133382.8,53.658877000284065,62.13946321192658,1285.5,3
Ephraim Wright,21,68,1998,4,Male,5263 Fifth Avenue,7.0,Appleton,WI,54914,44.26,-88.39,$21828,$44513,105303.0,778,6,44513.0,21828.0,386,110835.0,6,95.00879686019759,309,8542.329999999998,27.645080906148863,57.68984608101376,416.0,5
Elena Anwar,27,69,1992,6,Female,5048 Catherine Drive,,Charlottesville,VA,22903,38.03,-78.48,$28459,$58026,133169.0,691,1,58026.0,28459.0,387,26147.0,1,100.0,5054,142910.96000000002,28.276802532647412,79.22005929137639,1220.93,2
Addilynn Bell,18,70,2001,5,Female,9085 West Drive,8.0,Boerne,TX,78006,29.8,-98.73,$31193,$63600,102773.0,645,1,63600.0,31193.0,388,74.0,1,100.0,112,1446.55,12.915625,30.75740403839055,90.0,1
Brenna Ramirez,19,75,2000,7,Female,640 Bayview Street,,Canton,MS,39046,32.61,-90.03,$15597,$31797,5400.0,843,2,31797.0,15597.0,389,21064.0,2,25.63615647550323,158,4648.51,29.42094936708861,45.654195736418444,190.0,2
Baylee Roman,40,66,1979,10,Female,3539 Lincoln Boulevard,,Richmond,CA,94804,37.92,-122.34,$21869,$44585,81825.0,684,5,44585.0,21869.0,390,60502.0,5,100.0,17183,1023121.71,59.54267066286446,82.38532955989002,1586.06,4
Monroe Sanders,51,67,1968,11,Female,6541 Fourth Drive,,Nixa,MO,65714,37.04,-93.29,$20316,$41427,53773.0,850,3,41427.0,20316.0,391,46166.0,3,100.0,8269,285972.0,34.58362558955134,77.45379883352061,1023.41,4
Alayah Neufelder,51,72,1968,10,Female,4514 Elm Street,,West Columbia,SC,29172,33.99,-81.08,$16928,$34517,74143.0,645,2,34517.0,16928.0,392,18518.0,2,100.0,12504,480023.87,38.38962492002559,78.46077501278123,900.08,2
Malia Jones,50,65,1970,2,Female,655 Federal Avenue,,Pleasant Grove,UT,84062,40.46,-111.63,$21232,$43294,104521.0,816,7,43294.0,21232.0,393,96690.0,7,100.0,12830,556379.37,43.36550038971161,93.92410019391174,1097.45,5
Frida White,27,66,1992,9,Female,8440 Park Drive,,Lafayette,CO,80026,39.99,-105.09,$30072,$61317,0.0,741,3,61317.0,30072.0,394,13638.0,3,0.0,57,3857.1,67.66842105263157,122.05104611968893,706.63,1
Rodrigo Rodriguez,68,65,1951,12,Male,46 Lincoln Lane,6.0,Long Beach,CA,90808,33.82,-118.11,$32079,$50184,27778.0,732,4,50184.0,32079.0,395,100092.0,4,27.752467729688686,13587,603892.93,44.44637741959226,96.38230454888269,1556.98,5
Simeon Cruz,47,75,1972,10,Male,130 Lincoln Drive,159.0,Nashport,OH,43830,40.04,-82.12,$21156,$43133,44263.0,693,3,43133.0,21156.0,396,42792.0,3,100.0,80749,2473132.19,30.627403311496117,61.00894819166852,911.27,3
Monserrat Collins,23,65,1996,12,Female,359 Tenth Avenue,,Sioux City,IA,51104,42.5,-96.39,$21757,$44361,71031.0,705,1,44361.0,21757.0,397,33397.0,1,100.0,29,1172.5,40.43103448275862,70.12862745402207,291.11,3
Jennifer Thomas,57,66,1962,9,Female,381 Catherine Avenue,,Compton,CA,90222,33.91,-118.23,$13075,$26664,12241.0,709,4,26664.0,13075.0,398,24854.0,4,49.25162951637564,21299,455241.38,21.37383820836659,39.55386669149645,496.0,2
Talia Chen,85,65,1934,6,Female,23 11th Avenue,,Virginia Beach,VA,23451,36.73,-76.04,$29485,$41843,1741.0,500,3,41843.0,29485.0,399,76420.0,3,2.2781994242344936,19786,996009.52,50.339104417264736,90.82447299378467,2251.32,5
Milan Perez,22,70,1998,2,Male,440 Littlewood Drive,,Melbourne,FL,32940,28.08,-80.6,$24500,$49952,95184.0,780,1,49952.0,24500.0,400,36976.0,1,100.0,86,3743.58,43.53,71.49949201315724,236.07,3
Nova Butler,26,60,1993,3,Male,118 Mountain View Lane,2.0,Lake Zurich,IL,60047,42.19,-88.08,$48986,$99883,171034.0,732,1,99883.0,48986.0,401,52121.0,1,100.0,162,17400.47,107.41030864197532,116.64410922891035,984.87,4
Sophia Perez,40,65,1979,3,Female,57 West Boulevard,,Ferdinand,IN,47532,38.22,-86.86,$18898,$38527,36933.0,684,2,38527.0,18898.0,402,28545.0,2,100.0,11411,514352.74,45.07516782052406,68.50314565612516,1210.79,3
Gloria Kelley,32,63,1988,1,Female,7096 Park Street,137.0,Springfield,VT,5156,43.28,-72.47,$18013,$36729,48624.0,686,3,36729.0,18013.0,403,25991.0,3,100.0,15225,1037584.8699999999,68.15007356321838,64.86025634908844,1279.4,2
Emmie Anwar,63,67,1957,2,Female,861 Martin Luther King Boulevard,8.0,Buffalo,NY,14215,42.88,-78.85,$14456,$29477,56355.0,850,4,29477.0,14456.0,404,43857.0,4,100.0,6812,168754.10000000003,24.773062243100416,54.127731227472225,1044.53,4
Clay Evans,52,65,1967,9,Male,123 Ocean View Street,,Rancho Cordova,CA,95742,38.57,-121.17,$35137,$71645,155006.0,629,3,71645.0,35137.0,405,68912.0,3,100.0,15041,844773.6699999999,56.164727744165944,107.08684034506184,3316.94,5
Georgia Brown,62,65,1957,9,Female,956 Lincoln Boulevard,,Brooklyn,NY,11235,40.64,-73.94,$22674,$46232,68957.0,691,4,46232.0,22674.0,406,43068.0,4,100.0,14905,806006.3400000001,54.07623884602483,76.5696050185958,1687.41,3
Sally Roberts,20,66,1999,5,Female,489 Fourth Drive,,Michigan City,IN,46360,41.71,-86.87,$18036,$36775,102641.0,850,3,36775.0,18036.0,407,37616.0,3,100.0,330,19750.379999999997,59.84963636363636,82.3152562676763,559.51,3
Princeton Ramirez,41,65,1978,12,Male,6515 Hillside Drive,10.0,Challis,ID,83226,44.65,-114.15,$19036,$38812,16331.0,762,4,38812.0,19036.0,408,39502.0,4,41.34221052098628,12964,422443.11,32.58586161678494,69.07360131618361,1134.43,3
Astrid Price,20,67,1999,11,Female,5789 Ninth Drive,,Ozone Park,NY,11417,40.69,-73.85,$19682,$40130,55801.0,798,1,40130.0,19682.0,409,13547.0,1,100.0,144,7099.51,49.30215277777778,98.57714761632688,957.24,1
Harlow Turner,38,66,1981,11,Female,1583 Grant Lane,1.0,Brentwood,NY,11717,40.78,-73.24,$17679,$36045,0.0,683,3,36045.0,17679.0,410,41598.0,3,0.0,10156,805103.54,79.27368452146514,74.8062736384592,1090.53,3
Magdalena Jenkins,52,73,1968,2,Female,292 Maple Drive,,Somerset,NJ,8873,40.49,-74.48,$32610,$66489,83828.0,731,2,66489.0,32610.0,411,33738.0,2,100.0,12220,727223.59,59.51093207855973,120.86101994285477,1663.33,3
Andi Bailey,31,72,1989,2,Female,5065 Catherine Drive,,Estacada,OR,97023,45.2,-122.06,$20343,$41475,0.0,747,2,41475.0,20343.0,412,41865.0,2,0.0,2308,136188.59999999998,59.007192374350076,110.03915612961882,3812.03,3
Wilder Hughes,56,68,1963,7,Male,273 Ocean Street,,Ridgefield,WA,98642,45.79,-122.69,$27308,$55682,82696.0,750,4,55682.0,27308.0,413,50221.0,4,100.0,20812,1074150.41,51.61207044013069,82.56914024238912,960.87,4
Pearl Carter,51,68,1968,5,Female,23 12th Boulevard,,Osprey,FL,34229,27.19,-82.49,$28272,$57646,127892.0,724,4,57646.0,28272.0,414,77019.0,4,100.0,38781,2012017.63,51.881530388592346,70.15939665583791,2719.23,5
Rachel Gomez,19,68,2000,9,Female,1464 Bayview Street,,Odessa,TX,79764,31.85,-102.36,$19399,$39556,132573.0,572,1,39556.0,19399.0,415,15116.0,1,100.0,70,5012.790000000001,71.61128571428573,60.327428420043816,296.11,2
Miller Howard,36,67,1983,12,Male,83 Sixth Drive,,San Diego,CA,92102,32.72,-117.09,$16838,$34330,15223.0,713,4,34330.0,16838.0,416,17427.0,4,87.352958053595,11966,314436.75,26.277515460471335,59.61890237691398,952.89,2
Walker Peres,82,71,1937,4,Male,62696 Norfolk Drive,,Quincy,FL,32352,30.65,-84.69,$15069,$10142,1809.0,767,7,10142.0,15069.0,417,64570.0,7,2.801610655102989,17841,675379.38,37.85546662182613,84.99120406400628,1172.2,4
Randall Long,30,60,1989,10,Male,105 Seventh Street,,Columbia,MD,21044,39.2,-76.85,$37697,$76867,118029.0,659,1,76867.0,37697.0,418,3843.0,1,100.0,5028,239723.43,47.67769093078759,110.8958057301471,1478.48,1
Amirah Ryan,22,68,1997,6,Female,5138 Park Drive,,Homewood,IL,60430,41.55,-87.66,$25689,$52379,107734.0,771,3,52379.0,25689.0,419,43242.0,3,100.0,394,10029.220000000001,25.454873096446704,31.020048144914757,329.62,4
Kyrie Murphy,39,64,1980,10,Male,2411 Hillside Lane,5.0,Newburgh,IN,47630,37.94,-87.4,$28126,$57348,119230.0,527,3,57348.0,28126.0,420,82933.0,3,100.0,24824,1010653.1200000001,40.71274250725105,72.67039759642738,843.47,5
Lawson Gray,49,70,1970,3,Male,2248 Third Avenue,918.0,Chattanooga,TN,37416,35.06,-85.25,$18658,$38041,27813.0,782,4,38041.0,18658.0,421,68031.0,4,40.882832826211576,19127,642214.1799999999,33.576315156584926,60.68132672440119,1054.75,5
Cassidy Anwar,28,70,1991,3,Female,19 El Camino Drive,1.0,Phoenix,AZ,85022,33.62,-112.05,$26023,$53053,42396.0,696,2,53053.0,26023.0,422,29681.0,2,100.0,87,5371.4800000000005,61.74114942528736,83.45549886396249,677.76,3
Dexter Murphy,35,65,1984,5,Male,5094 Lafayette Boulevard,,Celina,OH,45822,40.55,-84.57,$18077,$36857,3112.0,768,3,36857.0,18077.0,423,38270.0,3,8.131695845309642,19125,649989.5499999999,33.9863816993464,56.73818455782982,3975.45,3
Abby Wood,54,72,1965,3,Female,6016 Little Creek Boulevard,,Seattle,WA,98122,47.61,-122.3,$37485,$76431,115362.0,716,5,76431.0,37485.0,424,136202.0,5,84.69919678125137,23651,950451.17,40.186510929770414,76.75090776201563,1631.5,5
Dalton Fisher,78,68,1941,7,Male,34533 Ninth Avenue,3.0,Bloomington,CA,92316,34.06,-117.39,$14709,$18100,0.0,682,6,18100.0,14709.0,425,81647.0,6,0.0,16863,311513.37,18.47318804483188,58.440397018173506,1096.47,5
Teresa Adams,45,61,1974,5,Female,94936 Elm Drive,,Lady Lake,FL,32159,28.92,-81.92,$8155,$16628,33926.0,654,1,16628.0,8155.0,426,49.0,1,100.0,12383,141437.77999999997,11.421931680529756,23.915112086830632,344.0,1
Duke Barnes,79,66,1941,2,Male,132 Lexington Drive,39.0,Bullock,NC,27507,36.5,-78.55,$18100,$29041,4427.0,699,4,29041.0,18100.0,427,61238.0,4,7.229171429504556,6954,348437.20999999996,50.10601236698302,96.34912853017931,1168.61,4
June Torres,47,64,1972,12,Female,27 Summit Street,56.0,Monroe,NC,28112,34.98,-80.54,$17595,$35876,50190.0,635,3,35876.0,17595.0,428,33374.0,3,100.0,14600,916690.5,62.787020547945204,74.56526011276638,1708.22,3
Kemal Bell,19,67,2000,3,Male,32 First Lane,,Verona,NJ,7044,40.83,-74.24,$40216,$81995,133788.0,685,2,81995.0,40216.0,429,32201.0,2,100.0,289,13902.419999999998,48.10525951557093,72.4628245938291,666.62,3
Ava Evans,50,70,1969,9,Female,671 West Drive,,Minneapolis,MN,55419,44.96,-93.26,$40364,$82298,0.0,791,4,82298.0,40364.0,430,114260.0,4,0.0,8456,845748.05,100.0175082781457,195.35102587443424,2053.04,5
Azariah Turner,30,62,1989,8,Male,71682 Catherine Street,,Ft Mitchell,KY,41017,39.02,-84.56,$30367,$61916,165886.0,655,4,61916.0,30367.0,431,64678.0,4,100.0,235,11850.769999999999,50.42880851063829,47.86445578863355,254.83,4
Xiomara Murphy,56,70,1964,2,Female,7728 Oak Drive,,Little Rock,AR,72204,34.72,-92.35,$14736,$30042,9208.0,727,4,30042.0,14736.0,432,37630.0,4,24.469837895296305,6173,213882.48,34.64806091041633,73.54936926387428,934.02,3
Opal Hall,55,61,1964,9,Female,1513 Valley Boulevard,,Fairfield,OH,45014,39.33,-84.54,$21992,$44839,63194.0,625,3,44839.0,21992.0,433,17092.0,3,100.0,28984,1085746.38,37.46019804029809,48.79508200985891,1728.3,2
Koa Smith,25,74,1994,12,Male,972 Spruce Avenue,4.0,Fort Lauderdale,FL,33324,26.14,-80.13,$29740,$60638,132252.0,661,1,60638.0,29740.0,434,13800.0,1,100.0,35,3167.5,90.5,80.13737551408651,300.48,1
Meredith Carter,26,64,1994,1,Female,4631 Plum Avenue,,Cleveland,OH,44102,41.47,-81.67,$14737,$30049,80474.0,700,1,30049.0,14737.0,435,7767.0,1,100.0,95,3229.9499999999994,33.99947368421052,48.98493498528365,172.03,1
Carolyn Cooper,54,65,1965,8,Female,7561 Littlewood Street,,Waterloo,IA,50703,42.49,-92.35,$14568,$29699,6569.0,711,3,29699.0,14568.0,436,39792.0,3,16.508343385605148,5221,129952.61,24.890367745642596,51.774916014121,622.27,3
Esteban Taylor,29,66,1990,5,Male,1598 Elm Street,,Anchorage,AK,99508,61.2,-149.82,$20519,$41836,60302.0,615,2,41836.0,20519.0,437,10631.0,2,100.0,4905,249020.71000000002,50.76874821610602,96.34801075357001,979.81,1
Butch El-Mafouk,55,68,1964,11,Male,541 Tenth Street,79.0,Los Angeles,CA,90037,34.0,-118.28,$11329,$23103,63635.0,681,3,23103.0,11329.0,438,33815.0,3,100.0,21430,734557.22,34.27705179654689,39.91576954749772,967.71,3
Elisha Bailey,72,70,1947,5,Male,4388 Hillside Street,,Ellicott City,MD,21043,39.27,-76.83,$39053,$57513,11755.0,793,5,57513.0,39053.0,439,107959.0,5,10.88839281579118,11282,970553.2300000001,86.02670005318207,164.19386690397928,1846.66,5
Leia Butler,66,68,1953,3,Female,644 South Drive,,Memphis,TN,38134,35.1,-90.0,$18759,$38249,0.0,746,4,38249.0,18759.0,440,51368.0,4,0.0,13570,752439.49,55.44874649963154,112.43264192070212,1441.48,4
Hayley Taylor,41,65,1978,3,Female,858 Jefferson Avenue,,Suffolk,VA,23434,36.7,-76.63,$20353,$41496,9222.0,807,2,41496.0,20353.0,441,22209.0,2,41.523706605430235,10566,463017.16000000003,43.82142343365512,69.03738279420224,888.31,2
Mackenzie Green,24,70,1995,8,Female,229 River Avenue,,Butler,NJ,7405,40.99,-74.34,$44540,$90812,175569.0,850,3,90812.0,44540.0,442,65500.0,3,100.0,203,7953.24,39.178522167487685,90.39656552601849,528.4,4
Alfredo Brown,35,67,1984,6,Male,7794 Ocean Street,,Mesilla Park,NM,88047,32.27,-106.61,$14822,$30217,23394.0,705,4,30217.0,14822.0,443,47152.0,4,49.61401425178148,14016,445100.41000000003,31.756593179223746,64.33799278685011,990.16,4
Savannah Nguyen,29,66,1990,11,Female,828 Little Creek Boulevard,9.0,O Fallon,MO,63368,38.78,-90.7,$30202,$61581,241312.0,736,2,61581.0,30202.0,444,34525.0,2,100.0,135,9732.890000000001,72.09548148148149,64.03753122590625,552.77,3
Jalen Neufelder,53,67,1966,6,Male,817 Forest Street,,Jacksonville,AR,72076,34.86,-92.12,$16462,$33566,96597.0,698,1,33566.0,16462.0,445,10305.0,1,100.0,8377,485829.99,57.9957013250567,100.16136493827729,1164.73,1
Alexia Reyes,66,68,1953,3,Female,804 Sixth Boulevard,,Seguin,TX,78155,29.57,-97.96,$17440,$35560,60397.0,723,5,35560.0,17440.0,446,25726.0,5,100.0,24637,1036640.9400000001,42.076589682185336,69.23668877653502,2499.49,2
June Reyes,21,67,1998,11,Female,218 East Street,1.0,Glendora,CA,91741,34.14,-117.85,$31699,$64630,92847.0,751,2,64630.0,31699.0,447,47605.0,2,100.0,185,6692.02,36.17308108108109,62.33073508240011,383.12,4
Hazel Robinson,67,60,1952,11,Female,563 Birch Drive,,Dacula,GA,30019,33.98,-83.88,$26767,$57705,22475.0,684,3,57705.0,26767.0,448,56703.0,3,39.63635081036277,5996,406509.22,67.79673448965977,150.74879870572002,1624.95,4
Alfred King,58,71,1961,5,Male,663 Second Boulevard,3544.0,San Benito,TX,78586,26.13,-97.63,$11844,$24155,2870.0,802,3,24155.0,11844.0,449,26812.0,3,10.704162315381174,21690,622239.72,28.68786168741355,47.65566294990821,703.8,2
Thaddeus Sanchez,27,71,1993,1,Male,5514 Norfolk Boulevard,,Huron,TN,38345,35.58,-88.5,$17179,$35026,11468.0,743,5,35026.0,17179.0,450,46120.0,5,24.86556808326106,4064,174104.59999999998,42.84069881889763,64.50520679942095,1427.54,4
Heidi Baker,29,70,1990,3,Female,587 East Lane,,Sanford,NC,27332,35.36,-79.13,$17854,$36404,11745.0,726,3,36404.0,17854.0,451,26918.0,3,43.63251355969983,1112,51367.41,46.19371402877698,92.33800645420176,975.39,2
Tucker White,50,60,1969,5,Male,659 Valley Drive,,Salisbury,NC,28147,35.66,-80.48,$18724,$38179,50559.0,609,2,38179.0,18724.0,452,9076.0,2,100.0,6140,335618.78,54.661039087947884,103.84825190084646,2044.87,1
Audrina Thompson,36,65,1983,3,Female,4137 Bayview Drive,,Bellaire,TX,77401,29.7,-95.46,$79100,$161276,317964.0,540,1,161276.0,79100.0,453,6076.0,1,100.0,12023,1003173.79,83.43789320469101,180.6559113548607,2255.48,1
Randy Merkel,31,66,1988,6,Male,693 Seventh Street,,Sherman,TX,75090,33.61,-96.6,$15737,$32086,53595.0,747,4,32086.0,15737.0,454,49954.0,4,100.0,6748,234563.08000000002,34.76038529934796,85.2598144732834,1041.73,4
Kira Wood,22,69,1997,3,Female,398 Park Boulevard,,Chicago,IL,60637,41.83,-87.68,$18395,$37505,57014.0,714,3,37505.0,18395.0,455,68538.0,3,83.1859698269573,76,2319.98,30.52605263157895,84.47482568133519,434.0,5
Hannah Perry,69,73,1951,2,Female,55 El Camino Boulevard,,Turlock,CA,95382,37.53,-120.84,$22799,$46487,57336.0,635,3,46487.0,22799.0,456,35919.0,3,100.0,16511,420219.38,25.450873962812672,48.393784578027685,691.65,3
Anya Hughes,23,65,1996,7,Female,4343 Mountain View Boulevard,2.0,Spearfish,SD,57783,44.48,-103.84,$18583,$37891,66163.0,749,1,37891.0,18583.0,457,32.0,1,100.0,25,190.09,7.6036,9.156666589976945,30.66,1
Rory Nelson,54,67,1965,3,Female,401 North Avenue,6989.0,Lafayette,CO,80026,39.99,-105.09,$30072,$61312,25355.0,708,3,61312.0,30072.0,458,75103.0,3,33.76030251787545,21970,2410270.46,109.70734911242603,90.83032838556514,1236.74,5
Yousef Barnes,46,59,1973,4,Male,8750 Lake Boulevard,,Chardon,OH,44024,41.57,-81.2,$25565,$52130,80367.0,701,1,52130.0,25565.0,459,11100.0,1,100.0,7530,648381.58,86.10645152722444,163.96368430983375,1306.15,1
Makayla Garcia,27,61,1993,1,Female,883 Federal Street,240.0,Depew,NY,14043,42.91,-78.7,$19983,$40744,50803.0,717,1,40744.0,19983.0,460,64.0,1,100.0,6339,257467.53,40.616426881211545,27.396127301094673,100.0,1
Marianna Cruz,86,65,1933,6,Female,143 Catherine Boulevard,,Kaneohe,HI,96744,21.41,-157.79,$24516,$49529,1385.0,689,6,49529.0,24516.0,461,106700.0,6,1.2980318650421743,16204,578438.0700000001,35.69723957047643,96.25194424181738,1754.27,5
Karson Green,76,63,1943,12,Male,343 Lafayette Drive,,Derby,KS,67037,37.54,-97.25,$24531,$41790,24676.0,719,5,41790.0,24531.0,462,64685.0,5,38.14794774677282,19903,618955.89,31.0986228206803,72.84011871638091,1113.14,4
June Morales,81,57,1939,1,Female,482 Grant Street,,Baldwin Park,CA,91706,34.09,-117.96,$15775,$29928,2028.0,713,4,29928.0,15775.0,463,22392.0,4,9.056806002143624,10278,488808.81000000006,47.55874781085815,77.29781698585532,1004.44,2
Paula Gray,47,67,1972,5,Female,3816 Spruce Drive,53.0,Copiague,NY,11726,40.67,-73.39,$21077,$42976,58765.0,748,3,42976.0,21077.0,464,36538.0,3,100.0,18083,1097985.42,60.719206989990596,71.96851763752136,1260.07,3
Shaun Jenkins,40,68,1979,3,Male,9594 Burns Lane,,Thomson,GA,30824,33.46,-82.5,$15755,$32126,56283.0,770,3,32126.0,15755.0,465,37130.0,3,100.0,12598,697672.1799999999,55.37959834894427,77.66300429932468,1325.53,3
Tristan Powell,56,69,1963,4,Male,4966 Grant Street,,Canal Fulton,OH,44614,40.89,-81.58,$22170,$45202,71022.0,683,4,45202.0,22170.0,466,56509.0,4,100.0,14010,818996.3,58.45798001427552,83.05032111070136,1463.95,4
Kenia Perry,20,65,1999,3,Female,7132 Rose Avenue,,Cape Coral,FL,33904,26.63,-81.99,$17120,$34907,64107.0,742,3,34907.0,17120.0,467,35567.0,3,100.0,169,4814.66,28.4891124260355,44.666110709997746,275.88,3
Korbin Torres,27,65,1992,4,Male,238 Eighth Avenue,,Cambridge Springs,PA,16403,41.8,-80.06,$16965,$34591,65770.0,688,2,34591.0,16965.0,468,17317.0,2,100.0,178,10580.390000000001,59.44039325842697,110.4089159013868,1052.21,2
Payton Neufelder,22,69,1997,3,Female,7318 Mill Lane,95.0,Richlands,NC,28574,34.89,-77.54,$15661,$31933,65405.0,746,1,31933.0,15661.0,469,13161.0,1,100.0,59,1786.3099999999997,30.276440677966097,90.39105115004024,398.0,1
Antonio Abe,42,70,1978,2,Male,9566 Tenth Street,4.0,Pflugerville,TX,78660,30.44,-97.62,$25584,$52165,97248.0,730,4,52165.0,25584.0,470,55690.0,4,100.0,15130,725846.6000000001,47.97399867812294,91.21024320573704,1140.11,4
Christina Lee,58,64,1961,8,Female,416 Madison Street,30.0,Uhrichsville,OH,44683,40.4,-81.35,$14477,$29519,45597.0,643,3,29519.0,14477.0,471,15236.0,3,100.0,16848,579146.02,34.37476377018044,38.97169796317809,785.13,2
Emerson Richardson,57,67,1962,5,Male,5079 Sussex Avenue,,Mitchell,IN,47446,38.73,-86.47,$15981,$32583,12501.0,812,7,32583.0,15981.0,472,66996.0,7,18.65932294465341,15844,572454.3899999999,36.130673441050234,58.16151445362437,1607.54,5
Jedidiah Rodriguez,37,65,1982,7,Male,3914 Mill Street,,Prairieville,LA,70769,30.3,-90.97,$29006,$59139,128870.0,742,4,59139.0,29006.0,473,93261.0,4,100.0,20950,1149973.9300000002,54.8913570405728,89.48725397958977,1015.51,5
Lewis Martinez,44,64,1975,10,Male,7815 Hillside Avenue,,Houston,TX,77058,29.76,-95.38,$30499,$62185,114235.0,749,1,62185.0,30499.0,474,65.0,1,100.0,25256,444922.82,17.61651963889769,16.572001414399253,184.23,1
Howard Abe,22,67,1997,6,Male,2429 Eighth Avenue,,Albany,OR,97322,44.63,-123.0,$17561,$35800,65841.0,753,2,35800.0,17561.0,475,28882.0,2,100.0,79,3016.3500000000004,38.18164556962026,58.8937519505345,266.94,3
Marshall Clark,26,71,1993,10,Male,4379 Lake Avenue,,Laurel,MD,20723,39.09,-76.85,$35553,$72485,31605.0,691,2,72485.0,35553.0,476,32289.0,2,97.88163151537675,185,6007.62,32.47362162162162,43.91746719383639,299.97,3
Kaliyah Lee,24,65,1995,3,Female,215 Elm Lane,,Ventura,CA,93003,34.28,-119.22,$25524,$52036,26232.0,703,3,52036.0,25524.0,477,97475.0,3,26.911515773275198,2722,244111.1,89.68078618662749,177.83944898965058,2013.68,5
Brian Cruz,33,67,1986,7,Male,67424 Tenth Boulevard,,Kalamazoo,MI,49048,42.24,-85.48,$17409,$35499,80517.0,724,1,35499.0,17409.0,478,7900.0,1,100.0,6014,276229.44,45.93106750914533,79.7640360449704,1112.62,1
Blaine Diaz,44,65,1976,1,Male,3675 Bayview Drive,1.0,Dunlap,TN,37327,35.37,-85.38,$15209,$31015,103094.0,737,2,31015.0,15209.0,479,7507.0,2,100.0,6855,432533.75,63.09755652808169,96.97991170513505,1264.1,1
Wayne Robinson,79,65,1940,11,Male,127 Valley Boulevard,,San Diego,CA,92122,32.85,-117.2,$34848,$53222,23051.0,640,1,53222.0,34848.0,480,24.0,1,100.0,28605,478152.94,16.715711938472296,6.661805033211335,139.0,1
Kora Barnes,56,69,1963,6,Female,9603 South Lane,,Short Hills,NJ,7078,40.74,-74.33,$137428,$280199,91367.0,752,5,280199.0,137428.0,481,360766.0,5,25.325834474423864,24116,2009204.52,83.31416984574557,156.58849522713064,5682.22,5
Davis Jenkins,48,67,1971,6,Male,604 Pine Street,,Burlington,IA,52601,40.8,-91.12,$18076,$36853,112139.0,834,5,36853.0,18076.0,482,66714.0,5,100.0,16931,458400.26,27.07461224971945,64.463939922804,1236.04,5
Craig Labelle,22,70,1998,2,Male,79 Burns Drive,,Fairview,NJ,7022,40.81,-74.0,$18392,$37497,0.0,695,1,37497.0,18392.0,483,74.0,1,0.0,183,3164.12,17.290273224043716,19.1729916035337,89.0,1
Noor Johnson,88,66,1931,10,Female,41740 First Street,,Wayne,NJ,7470,40.94,-74.24,$37030,$31828,3777.0,593,3,31828.0,37030.0,484,56100.0,3,6.732620320855615,16624,685191.19,41.216986886429254,71.26069916349601,947.68,4
Estella Fu,49,68,1970,7,Female,530 Main Boulevard,58.0,League City,TX,77573,29.48,-95.1,$35246,$71866,132580.0,662,1,71866.0,35246.0,485,22676.0,1,100.0,18422,1433771.7,77.82931820649223,70.48996607999455,3524.62,2
Beckett Gonzalez,62,69,1957,8,Male,702 Elm Drive,,Watsonville,CA,95076,36.95,-121.72,$16920,$34496,33122.0,731,5,34496.0,16920.0,486,51588.0,5,64.20485384197876,82355,4478219.81,54.37702398154331,53.0037582072454,977.32,4
Alondra White,74,71,1946,1,Female,4 Plum Boulevard,4.0,North Richland Hills,TX,76180,32.86,-97.21,$26016,$39003,10793.0,788,5,39003.0,26016.0,487,85437.0,5,12.632700118215762,10116,851352.1100000001,84.15896698299724,118.45427597894984,1095.39,5
Kaiden Morgan,68,64,1951,3,Male,29 Federal Boulevard,7.0,Los Angeles,CA,90033,34.04,-118.21,$12349,$11566,9102.0,536,4,11566.0,12349.0,488,31331.0,4,29.051099549966487,31696,1200356.67,37.87091967440686,49.248037346799116,1187.76,3
Anna Nelson,45,71,1974,12,Female,627 Ninth Drive,,Atlanta,GA,30317,33.74,-84.31,$25586,$52172,66085.0,667,4,52172.0,25586.0,489,62050.0,4,100.0,27961,1261648.4100000001,45.12171989556883,83.52092251847209,1663.96,4
Keith Bell,91,66,1928,3,Male,120 Lafayette Boulevard,,Pompano Beach,FL,33060,26.23,-80.13,$18266,$40141,805.0,850,6,40141.0,18266.0,490,91322.0,6,0.8814962440594818,27107,1357069.35,50.063428265761615,63.870490005572194,2131.01,5
Jeffery Farhad,48,66,1971,5,Male,2981 Ninth Boulevard,,Latrobe,PA,15650,40.31,-79.38,$19486,$39733,79302.0,781,4,39733.0,19486.0,491,33131.0,4,100.0,21644,608711.6699999999,28.123806597671408,64.99944523449851,1118.5,3
Miriam Phillips,29,65,1991,2,Female,8463 Second Street,,Waynesville,OH,45068,39.53,-84.08,$25333,$51651,22705.0,801,3,51651.0,25333.0,492,64442.0,3,35.23323298469942,22291,722437.86,32.409396617468936,77.39520189525203,1563.28,4
Addilynn Garcia,22,64,1997,3,Female,814 Washington Street,67.0,Tempe,AZ,85283,33.36,-111.93,$24122,$49190,122458.0,630,1,49190.0,24122.0,493,4000.0,1,100.0,76,5861.49,77.12486842105262,82.00266682912178,435.12,1
Demetrius Murphy,42,68,1977,11,Male,8580 Valley Stream Avenue,,Martinsburg,WV,25401,39.46,-77.96,$18003,$36711,84949.0,739,4,36711.0,18003.0,494,49113.0,4,100.0,15344,514075.28,33.503342022940565,61.73920200738484,1621.69,4
Mateo Howard,22,61,1997,5,Male,666 Lafayette Lane,,Halethorpe,MD,21227,39.21,-76.72,$22728,$46344,66994.0,732,3,46344.0,22728.0,495,191.0,3,100.0,255,4579.41,17.958470588235294,57.24337419329375,196.0,1
Easton Cruz,26,71,1993,3,Male,4872 Lexington Avenue,,Doylestown,PA,18902,40.36,-75.09,$49534,$100991,0.0,722,3,100991.0,49534.0,496,178945.0,3,0.0,182,9036.56,49.65142857142857,77.30903296626447,502.33,5
Kassidy Reyes,62,65,1957,6,Female,1305 Spruce Boulevard,7.0,Belle Fourche,SD,57717,44.66,-103.85,$16097,$32819,25393.0,826,5,32819.0,16097.0,497,53670.0,5,47.313210359604994,9263,446102.62,48.159626470905756,84.82414860065585,852.97,4
Aron Roman,30,62,1989,8,Male,437 Madison Street,,Chicago,IL,60626,41.83,-87.68,$23446,$47803,81929.0,652,1,47803.0,23446.0,498,0.0,1,100.0,88,2875.71,32.67852272727273,49.031636251500764,245.92,1
Gordon Neufelder,44,69,1975,9,Male,919 Lafayette Drive,,Medford,OR,97504,42.33,-122.79,$18961,$38661,88636.0,765,3,38661.0,18961.0,499,23454.0,3,100.0,9169,454764.42000000004,49.59803904460683,98.31941460621766,1415.88,2
Dakota Allen,45,66,1974,4,Male,3346 Hillside Street,24.0,Douglassville,PA,19518,40.26,-75.74,$28278,$57658,74288.0,766,5,57658.0,28278.0,500,115556.0,5,64.28744504828828,17211,679700.94,39.49223984660972,86.69619840414093,1952.53,5
Belen Reyes,45,69,1974,5,Female,9891 Valley Drive,,Belzoni,MS,39038,33.17,-90.48,$10909,$22249,20420.0,789,3,22249.0,10909.0,501,11936.0,3,100.0,6981,186196.88,26.67194957742444,52.34801811007236,812.71,1
Zariyah Myers,38,68,1982,2,Female,731 Lincoln Boulevard,,Boca Raton,FL,33486,26.37,-80.1,$31706,$64647,58250.0,738,4,64647.0,31706.0,502,79047.0,4,73.69033612913836,9996,611676.1,61.19208683473389,135.19543705830984,3302.13,5
Lilyana Fernandez,32,64,1987,10,Female,1782 South Boulevard,,Beacon Falls,CT,6403,41.44,-73.04,$28814,$58749,113308.0,768,6,58749.0,28814.0,503,160041.0,6,70.79935766459845,23800,1343056.98,56.43096554621849,74.13254134761573,1355.7,5
Blaire Bailey,46,68,1973,12,Female,8070 Mill Lane,,Saint George,UT,84770,37.18,-113.6,$14470,$29510,47153.0,752,4,29510.0,14470.0,504,26310.0,4,100.0,11570,402467.95,34.7854753673293,62.60678244081592,758.86,2
Malaya Sanchez,53,65,1966,3,Female,696 Oak Boulevard,,Fresno,CA,93710,36.81,-119.75,$17985,$36672,99454.0,655,2,36672.0,17985.0,505,16313.0,2,100.0,5917,391724.51,66.20322967720129,98.85734042952602,991.93,2
Raquel Jackson,41,61,1979,1,Female,1063 Federal Boulevard,8302.0,Canton,MA,2021,42.15,-71.13,$38878,$79271,211919.0,759,1,79271.0,38878.0,506,40176.0,1,100.0,16229,875007.1699999999,53.91627148930926,107.53792695345001,2147.33,3
Isabella Hall,35,68,1985,1,Female,955 11th Street,,High Springs,FL,32643,29.82,-82.59,$19693,$40156,70128.0,738,3,40156.0,19693.0,507,30578.0,3,100.0,31439,832342.02,26.474824899010784,60.35028642484766,683.98,3
Maryam Rivera,30,58,1989,4,Female,341 Hill Drive,,Saint Louis,MO,63129,38.63,-90.24,$28373,$57853,131828.0,558,4,57853.0,28373.0,508,97623.0,4,100.0,13003,512832.02999999997,39.439516265477195,88.96445562607175,1409.85,5
Jessica Reed,73,64,1946,9,Female,862 Martin Luther King Drive,,Germantown,MD,20874,39.17,-77.26,$33637,$37789,24575.0,605,3,37789.0,33637.0,509,63791.0,3,38.524243231803865,17133,889922.13,51.94199089476449,114.35282717612309,1608.57,4
Cullen Ryan,61,63,1958,10,Male,9525 First Boulevard,,Longview,TX,75604,32.51,-94.76,$20531,$41865,60911.0,676,4,41865.0,20531.0,510,51575.0,4,100.0,16449,423600.69,25.752367317162136,67.7759262190981,1320.77,4
Mack Merkel,66,69,1953,3,Male,602 First Street,,Strongsville,OH,44149,41.31,-81.85,$30381,$61937,138153.0,684,7,61937.0,30381.0,511,157267.0,7,87.84614699841671,6950,549998.48,79.13647194244604,137.95809611382498,2704.6,5
Lucinda Xi,32,67,1987,7,Female,698 11th Lane,69.0,Washington,NC,27889,35.55,-77.05,$15827,$32274,72974.0,545,1,32274.0,15827.0,512,10934.0,1,100.0,3546,161327.62,45.49566271855612,81.8181365612716,882.58,1
Bennett Cruz,48,71,1971,3,Male,9570 North Drive,,Rutherford,NJ,7070,40.81,-74.1,$37170,$75785,117920.0,814,3,75785.0,37170.0,513,30087.0,3,100.0,36846,2156402.7700000005,58.52474542691203,74.28077272784755,1857.52,3
Kameron Rodriguez,50,64,1969,4,Male,9762 Pine Street,,Fletcher,NC,28732,35.43,-82.5,$22345,$45560,79660.0,644,3,45560.0,22345.0,514,55196.0,3,100.0,6138,222154.57999999996,36.19331704138155,97.01391090626949,1284.96,4
Marissa Torres,46,67,1973,3,Female,778 Main Avenue,,Kimberly,WI,54136,44.27,-88.34,$20013,$40810,65643.0,614,4,40810.0,20013.0,515,50882.0,4,100.0,17446,652762.8200000001,37.41618823799152,63.729345910137845,1269.08,4
Lyric Gomez,58,67,1961,11,Male,669 Wessex Lane,,Bigelow,AR,72016,34.99,-92.63,$18817,$38371,50530.0,703,3,38371.0,18817.0,516,53161.0,3,95.05088316623088,11530,743569.6799999999,64.48999826539462,62.47591172286142,1020.75,4
Salma Rogers,46,67,1973,10,Female,31 Oak Avenue,,Columbia,SC,29229,34.0,-81.03,$23917,$48762,143208.0,771,6,48762.0,23917.0,517,111975.0,6,100.0,42525,1016366.48,23.90044632569077,71.19003635599239,3261.63,5
Blaine Scott,26,61,1994,2,Male,4840 Summit Lane,,Rescue,CA,95672,38.72,-121.0,$28660,$58435,134789.0,666,2,58435.0,28660.0,518,48241.0,2,100.0,180,8734.83,48.526833333333336,92.07862940911487,479.58,4
Emmanuel Wood,48,68,1971,7,Male,1772 Essex Boulevard,,Vinton,VA,24179,37.27,-79.88,$19188,$39124,66231.0,722,4,39124.0,19188.0,519,54011.0,4,100.0,8236,448395.85,54.443400922778046,106.49461296086452,1518.44,4
Luciano Wilson,50,65,1970,1,Male,720 Seventh Avenue,9.0,Camas,WA,98607,45.64,-122.37,$31226,$63673,147913.0,591,4,63673.0,31226.0,520,91250.0,4,100.0,14743,857763.8200000001,58.18109068710575,87.35927871547769,1065.36,5
Lila Neufelder,34,65,1985,11,Female,5449 Lexington Drive,,Garden Grove,CA,92840,33.78,-117.93,$18679,$38081,28613.0,811,4,38081.0,18679.0,521,50107.0,4,57.10379787255274,16273,581609.75,35.740782277392,71.4156269621413,1664.4,4
Rose Fu,23,61,1996,11,Female,5459 El Camino Avenue,,Blacksburg,SC,29702,35.12,-81.51,$14443,$29450,36002.0,692,1,29450.0,14443.0,522,5400.0,1,100.0,301,10375.51,34.47013289036545,60.91179757406007,439.0,1
Katherine Burns,56,65,1963,12,Female,291 Seventh Drive,,Hudson,IL,61748,40.6,-88.98,$28237,$57576,161107.0,589,2,57576.0,28237.0,523,41336.0,2,100.0,14383,808254.5900000001,56.19513244802893,105.40235943842795,1590.33,3
Amari Martin,31,70,1988,8,Female,9833 Forest Street,,Lawton,OK,73505,34.6,-98.42,$16829,$34311,6971.0,680,4,34311.0,16829.0,524,63142.0,4,11.040195115770803,9131,219243.71000000002,24.010919943051146,66.13895864982916,1374.79,4
Alison Parker,63,65,1956,11,Female,891 El Camino Lane,,Pompano Beach,FL,33062,26.23,-80.13,$26530,$54095,76109.0,753,3,54095.0,26530.0,525,56814.0,3,100.0,23628,1079409.46,45.68348823429829,82.55215869400763,1971.6,4
Sally Fisher,24,65,1995,9,Female,162 Rose Drive,,Stockton,CA,95205,37.96,-121.26,$12089,$24648,32962.0,600,1,24648.0,12089.0,526,3900.0,1,100.0,5863,117935.03,20.115133890499745,44.13932182889271,507.85,1
Dayana Fox,37,61,1982,8,Female,1059 Elm Avenue,8.0,Brighton,CO,80602,39.95,-104.9,$32793,$66863,89031.0,673,1,66863.0,32793.0,527,7200.0,1,100.0,164,9979.029999999999,60.84774390243902,94.76183264377903,464.0,1
Gemma Cooper,61,68,1959,1,Female,475 Oak Boulevard,,Charlotte,NC,28212,35.19,-80.83,$14793,$30165,36972.0,694,2,30165.0,14793.0,528,11826.0,2,100.0,8956,362017.13,40.421742965609646,77.5631776095472,1216.77,1
Lennon Lewis,53,67,1966,6,Male,822 Ocean Street,,Hinsdale,IL,60521,41.8,-87.92,$92938,$189490,448929.0,717,3,189490.0,92938.0,529,243814.0,3,100.0,3792,536049.8999999999,141.36337025316453,228.40761940590107,1721.94,5
Madelynn Abe,19,68,2000,3,Female,671 George Drive,,Georgetown,KY,40324,38.2,-84.55,$23827,$48582,189348.0,546,1,48582.0,23827.0,530,27305.0,1,100.0,33,2221.25,67.31060606060606,75.00238775752183,240.8,2
Derrick Sadr,84,65,1935,12,Male,6478 Valley Stream Avenue,,Levittown,PA,19054,40.15,-74.85,$23207,$26476,406.0,813,5,26476.0,23207.0,531,88567.0,5,0.4584100172750573,15037,656667.98,43.67014564075281,73.67267606696662,1280.01,5
Cayden Murphy,39,69,1980,11,Male,6405 Fifth Avenue,386.0,Manchester,NH,3104,42.99,-71.45,$27706,$56486,116394.0,689,2,56486.0,27706.0,532,23100.0,2,100.0,12275,657340.48,53.55115926680244,83.06767209427018,1228.8,2
Heaven Wright,59,71,1960,3,Female,85 Littlewood Avenue,,San Antonio,TX,78217,29.45,-98.5,$17609,$35906,69819.0,659,3,35906.0,17609.0,533,22100.0,3,100.0,28099,790875.13,28.14602405779565,45.016673007101936,799.37,2
Perla Myers,19,61,2000,4,Female,528 Spruce Lane,7.0,Chesterton,IN,46304,41.6,-87.05,$27261,$55587,151141.0,621,2,55587.0,27261.0,534,23482.0,2,100.0,101,8990.399999999998,89.01386138613859,149.72793591050535,1087.78,2
Paula Leroux,21,67,1998,4,Female,100 Seventh Drive,,Florence,WI,54121,45.93,-88.25,$18016,$36733,0.0,761,3,36733.0,18016.0,535,8837.0,3,0.0,146,3197.81,21.90280821917808,85.472143509371,800.59,1
Iliana Brown,48,66,1971,11,Female,58 Catherine Drive,,Omaha,NE,68136,41.26,-96.01,$33232,$67761,0.0,745,4,67761.0,33232.0,536,41900.0,4,0.0,21628,868818.8300000001,40.171020436471245,62.887698522646396,1194.46,3
Emiliano White,57,56,1963,2,Male,919 Lafayette Avenue,,Murfreesboro,TN,37129,35.85,-86.39,$22760,$36282,14141.0,725,1,36282.0,22760.0,537,22501.0,1,62.84609572907871,5392,309665.48,57.430541543026706,87.31620494988687,1128.04,2
Brenda Masvidal,46,68,1973,7,Female,75 Birch Lane,691.0,Palm Beach Gardens,FL,33410,26.74,-80.12,$27696,$56467,66565.0,688,3,56467.0,27696.0,538,83093.0,3,80.10903445536928,11853,724670.74,61.138170927191425,103.94965006620271,1303.86,5
Elliot Ajami,55,73,1965,2,Female,82 Jefferson Avenue,,Republic,OH,44867,41.12,-83.01,$18462,$37645,46298.0,654,4,37645.0,18462.0,539,56891.0,4,81.38018315726565,30673,779565.55,25.415366935089494,59.89428888480412,1128.07,4
Byron Morales,48,64,1971,11,Male,3034 Third Boulevard,,Worcester,MA,1602,42.26,-71.8,$24506,$49967,62509.0,655,1,49967.0,24506.0,540,25093.0,1,100.0,28911,1255747.2200000002,43.434928573899214,80.84444525025089,1532.94,2
Jakob Johnson,20,67,1999,11,Male,189 Ninth Lane,8.0,Langhorne,PA,19047,40.17,-74.91,$31656,$64548,14864.0,726,1,64548.0,31656.0,541,19991.0,1,74.35345905657546,70,5672.23,81.03185714285713,153.57914135987588,1139.35,2
Bennett Flores,20,66,1999,9,Male,354 Main Drive,,Heathsville,VA,22473,37.91,-76.47,$13938,$28421,77772.0,738,1,28421.0,13938.0,542,29.0,1,100.0,48,478.23,9.963125,25.90993689335635,84.0,1
Tori Bailey,33,65,1986,6,Female,689 Littlewood Lane,1.0,Moulton,AL,35650,34.48,-87.28,$17271,$35213,87653.0,719,3,35213.0,17271.0,543,38562.0,3,100.0,6101,76421.32,12.526031798065892,18.0882685302254,183.3,3
Dexter Thomas,48,67,1971,3,Male,1813 Second Lane,,Kenner,LA,70062,29.99,-90.24,$14696,$29962,55000.0,684,3,29962.0,14696.0,544,43294.0,3,100.0,12252,424122.96,34.616630754162586,64.21121384811975,2301.2,4
Vihaan Ward,49,59,1970,5,Male,710 North Lane,,Bradenton,FL,34203,27.48,-82.57,$17590,$35868,48465.0,562,4,35868.0,17590.0,545,25292.0,4,100.0,31161,949413.3900000001,30.468001347838648,54.956614403220165,2060.2,2
Francisco Masvidal,31,73,1988,7,Male,5558 Littlewood Avenue,,Lovelock,NV,89419,40.32,-118.2,$18734,$38193,39874.0,703,3,38193.0,18734.0,546,27797.0,3,100.0,3798,252111.01,66.37993944181149,104.83135740205186,1178.02,2
Adam Myers,48,66,1972,2,Male,819 Park Boulevard,,Terre Haute,IN,47803,39.47,-87.38,$21131,$43084,0.0,850,3,43084.0,21131.0,547,34572.0,3,0.0,11401,383826.07999999996,33.666001227962454,69.35115044690639,1173.55,3
Bailee Walker,42,72,1977,4,Female,849 Norfolk Lane,,Hubbard,OH,44425,41.16,-80.56,$18351,$37415,66403.0,665,1,37415.0,18351.0,548,14600.0,1,100.0,16526,821425.8200000001,49.70505990560329,88.60563679293061,1065.98,1
Alaric Flores,40,64,1979,12,Male,390 Tenth Street,3.0,Newark,NJ,7103,40.72,-74.17,$17370,$35418,51741.0,660,6,35418.0,17370.0,549,79329.0,6,65.223310516961,29296,675650.31,23.062886059530314,60.23524726455182,1177.59,5
Gustavo Lee,18,62,2002,2,Male,4279 West Boulevard,,Parkton,NC,28371,34.9,-79.01,$15331,$31259,40701.0,798,2,31259.0,15331.0,550,28253.0,2,100.0,180,11139.189999999999,61.88438888888888,77.95666787933388,740.27,3
Uriah Martin,26,66,1993,12,Male,6693 George Drive,,Seattle,WA,98188,47.44,-122.28,$20233,$41255,85439.0,683,2,41255.0,20233.0,551,27228.0,2,100.0,288,8668.02,30.097291666666667,74.47620983612029,927.59,2
Alivia Watson,41,71,1978,3,Female,8 Tenth Drive,2263.0,Raleigh,NC,27610,35.82,-78.65,$17056,$34774,78060.0,850,5,34774.0,17056.0,552,63477.0,5,100.0,9604,527569.0900000001,54.93222511453562,91.38157672632089,1386.36,4
Lauryn James,90,75,1929,11,Female,6245 River Lane,,Poughkeepsie,NY,12603,41.69,-73.92,$27934,$51717,418.0,717,5,51717.0,27934.0,553,138757.0,5,0.30124606326167325,20691,759040.99,36.684596684548836,72.09681161821925,1360.42,5
Dominik Miller,52,62,1967,9,Male,5581 Federal Street,,Bastrop,TX,78602,30.11,-97.3,$20346,$41483,64715.0,584,1,41483.0,20346.0,554,19913.0,1,100.0,17419,552162.1099999999,31.698840920833565,53.809529448290824,1013.34,2
Octavia Butler,28,65,1991,3,Female,99 El Camino Drive,6.0,Barton,MD,21521,39.53,-79.01,$17079,$34825,65082.0,759,1,34825.0,17079.0,555,18648.0,1,100.0,76,3029.8999999999996,39.86710526315789,36.12715634852854,164.46,2
Yosef Cruz,51,72,1969,2,Male,2994 Tenth Lane,,Fayetteville,NC,28306,35.05,-78.87,$18316,$37346,64030.0,680,5,37346.0,18316.0,556,45695.0,5,100.0,17120,533905.9,31.186092289719628,76.6720277642514,1225.65,4
Galilea Gonzalez,58,67,1961,10,Female,927 Ocean View Drive,5.0,Miami,FL,33196,25.77,-80.2,$21923,$44699,21685.0,842,5,44699.0,21923.0,557,49516.0,5,43.79392519589628,13488,506004.6699999999,37.51517422894424,59.54539508637739,1067.76,4
Thatcher Xi,35,73,1984,10,Male,356 Mill Street,,The Villages,FL,32162,28.92,-81.92,$8491,$17316,26872.0,748,1,17316.0,8491.0,558,4600.0,1,100.0,12901,369097.72,28.610008526470814,47.9318882085786,493.0,1
Cody Wood,57,67,1962,3,Male,45 Maple Lane,,Holden,ME,4429,44.75,-68.67,$24259,$49467,77465.0,697,5,49467.0,24259.0,559,51273.0,5,100.0,15885,779611.51,49.078470884482215,92.54341217963957,1254.18,4
Rylee Schmidt,18,68,2001,11,Female,3395 Spruce Drive,,Kansas City,KS,66103,39.1,-94.62,$16795,$34242,0.0,837,1,34242.0,16795.0,560,19079.0,1,0.0,66,3595.6200000000003,54.479090909090914,46.93856816086037,187.75,2
Nicolas Peres,25,63,1994,10,Male,2800 Third Drive,,Birmingham,AL,35244,33.52,-86.79,$34578,$70502,90003.0,614,2,70502.0,34578.0,561,40686.0,2,100.0,247,14767.73,59.78838056680162,55.964479703384654,322.76,3
Brielle Brooks,59,67,1960,9,Female,645 Catherine Lane,9.0,Boston,MA,2127,42.35,-71.06,$39312,$80156,61817.0,735,4,80156.0,39312.0,562,104691.0,4,59.04710051484846,18119,859067.9500000001,47.41254760196479,106.58240160186634,1463.93,5
Danica Watson,51,63,1968,12,Female,1248 Second Drive,,Meriden,CT,6450,41.53,-72.79,$24393,$49737,136056.0,643,1,49737.0,24393.0,563,12200.0,1,100.0,3585,174969.48,48.805991631799166,93.00510062751151,889.63,1
Gregory Ajami,60,60,1959,12,Male,700 Lexington Avenue,,Dover,OH,44622,40.52,-81.47,$18794,$31003,23000.0,699,3,31003.0,18794.0,564,31095.0,3,73.96687570348931,13861,339793.2,24.514335185051586,64.6701753820141,750.01,3
Jennifer Peres,23,66,1996,9,Female,9264 Norfolk Lane,,Orlando,FL,32811,28.5,-81.37,$14405,$29376,51428.0,629,1,29376.0,14405.0,565,3000.0,1,100.0,130,3299.55,25.381153846153847,40.5817880455794,146.46,1
Kathleen Allen,56,63,1963,11,Female,4581 Eighth Boulevard,,Eastman,GA,31023,32.19,-83.17,$14425,$29413,46043.0,703,2,29413.0,14425.0,566,6970.0,2,100.0,17327,480812.64,27.74932994748081,43.526977832265366,495.0,1
Layla Myers,28,64,1992,1,Female,146 Lafayette Drive,,Ridgefield,WA,98642,45.79,-122.69,$27308,$55684,114269.0,722,3,55684.0,27308.0,567,54928.0,3,100.0,94,6281.5999999999985,66.8255319148936,109.71431374078172,932.54,4
Fabian Collins,39,60,1980,10,Male,6757 Eighth Avenue,,Staunton,IL,62088,39.01,-89.78,$20056,$40894,51844.0,657,1,40894.0,20056.0,568,9562.0,1,100.0,13491,809959.37,60.037015047068415,60.49013552537664,993.35,1
Samara Price,64,66,1956,1,Female,599 First Drive,,Fontana,CA,92336,34.14,-117.45,$23172,$47242,62224.0,704,6,47242.0,23172.0,569,70256.0,6,88.5675244818948,8092,495187.27,61.19467004448838,90.88032573996122,1402.49,5
Charles Edwards,65,67,1954,12,Male,654 Birch Lane,,Omaha,NE,68107,41.26,-96.01,$14199,$28951,56777.0,711,2,28951.0,14199.0,570,8047.0,2,100.0,10296,489716.32000000007,47.56374514374515,48.48009825891227,709.17,1
Luka Flores,53,68,1966,6,Male,6223 Lexington Drive,5623.0,Allen,TX,75002,33.1,-96.66,$32580,$66428,197102.0,669,2,66428.0,32580.0,571,42404.0,2,100.0,4547,290085.4,63.79709698702442,108.9411553471231,1720.99,3
Sylvie Brown,52,64,1968,2,Female,25622 Lake Street,6244.0,Pearland,TX,77584,29.55,-95.27,$36253,$73920,166395.0,683,1,73920.0,36253.0,572,43033.0,1,100.0,22909,1359176.72,59.32937797372212,93.23772511063893,2411.06,3
Alaia Jackson,22,73,1998,2,Female,5762 River Lane,83.0,Salt Lake City,UT,84112,40.76,-111.84,$10539,$21490,32587.0,682,2,21490.0,10539.0,573,12700.0,2,100.0,90,3486.33,38.737,45.06450521074084,154.07,1
Marlee Phillips,68,64,1951,4,Female,315 Norfolk Lane,,Somerville,MA,2143,42.39,-71.1,$31849,$59938,36978.0,670,1,59938.0,31849.0,574,17432.0,1,100.0,21729,1263748.8,58.15954714897142,94.8313679144644,1640.92,2
Vladimir Xi,54,65,1965,6,Male,758 Sixth Boulevard,832.0,Monroe,NY,10950,41.32,-74.18,$25534,$52062,97881.0,775,4,52062.0,25534.0,575,63424.0,4,100.0,23168,1504340.69,64.9318322686464,94.66594471162266,1366.37,4
Tyson Young,58,65,1961,10,Male,860 Maple Avenue,9.0,Union City,CA,94587,37.59,-122.06,$29097,$59322,145137.0,694,3,59322.0,29097.0,576,58214.0,3,100.0,10254,715344.54,69.76248683440609,114.30606895967004,2372.11,4
Miya Russell,26,69,1993,9,Female,229 Norfolk Street,,Troy,MI,48083,42.58,-83.14,$26120,$53254,131334.0,736,1,53254.0,26120.0,577,24498.0,1,100.0,10227,416543.54000000004,40.729787816564,86.11553624812991,1236.79,2
Soren Martinez,61,67,1958,11,Male,4975 Madison Boulevard,,Indianapolis,IN,46235,39.77,-86.14,$16045,$32716,46919.0,593,3,32716.0,16045.0,578,47602.0,3,98.56518633670855,9921,384359.8,38.74204213284951,88.09161737355835,1564.11,4
Chandler Morales,79,68,1940,3,Male,5336 Tenth Drive,,Muskegon,MI,49441,43.22,-86.25,$19131,$30977,21507.0,796,5,30977.0,19131.0,579,49948.0,5,43.058781132377675,12649,373035.7,29.49131947189501,88.98501036507078,1061.6,4
Reign Russell,67,71,1952,10,Female,311 Washington Lane,,Adrian,MI,49221,41.89,-84.04,$17144,$34954,5942.0,729,3,34954.0,17144.0,580,31531.0,3,18.844946243379532,7567,438275.39,57.91930619796485,100.24448050854132,2578.41,3
Ellen Watson,47,69,1973,2,Female,1342 Hill Lane,,Chicago,IL,60623,41.83,-87.68,$11951,$24372,63295.0,793,4,24372.0,11951.0,581,26072.0,4,100.0,5498,179286.35,32.60937613677701,61.83908954279664,813.29,2
Guadalupe Chen,51,66,1968,7,Female,2554 11th Lane,67.0,Defiance,OH,43512,41.28,-84.36,$18229,$37169,93844.0,722,3,37169.0,18229.0,582,26575.0,3,100.0,30735,984892.08,32.044642264519275,69.73537435833698,1575.93,2
Blake Sanchez,36,69,1983,8,Male,995 Martin Luther King Street,,Houston,TX,77047,29.76,-95.38,$19554,$39871,73726.0,719,4,39871.0,19554.0,583,35056.0,4,100.0,17648,1202252.75,68.12402255213055,73.3450676224755,1064.09,3
Lauryn Fox,44,68,1976,2,Female,1450 Rose Drive,39.0,Morristown,MN,55052,44.22,-93.44,$19630,$40026,70877.0,768,1,40026.0,19630.0,584,2001.0,1,100.0,7508,163498.01,21.776506393180608,37.912346809516386,798.35,1
Gwen Evans,19,67,2000,3,Female,762 Lake Drive,,Sugar Land,TX,77478,29.61,-95.61,$35183,$71740,38238.0,767,2,71740.0,35183.0,585,19580.0,2,100.0,93,3459.32,37.196989247311826,49.56204103308777,160.0,2
Avery Williams,21,66,1998,8,Male,72834 Grant Boulevard,,Hempstead,NY,11550,40.7,-73.61,$20152,$41087,22720.0,695,2,41087.0,20152.0,586,29217.0,2,77.76294622993463,172,5298.5599999999995,30.805581395348835,73.55252246326084,568.77,3
Maleah Morris,18,55,2001,12,Female,892 Third Boulevard,,Anchorage,AK,99507,61.14,-149.76,$28730,$58579,94998.0,808,1,58579.0,28730.0,587,13600.0,1,100.0,86,4873.429999999999,56.66779069767441,75.90048258573125,459.85,1
Colt Martinez,86,68,1933,9,Male,90 Lexington Drive,,San Antonio,TX,78230,29.45,-98.5,$29557,$33426,1852.0,699,4,33426.0,29557.0,588,68507.0,4,2.703373377902988,29897,2414512.21,80.76101983476603,110.49623419117951,840.08,5
Winnie Nelson,23,65,1997,2,Female,98 Mountain View Drive,30.0,Lafayette,LA,70506,30.21,-92.02,$22001,$44862,78350.0,750,3,44862.0,22001.0,589,61634.0,3,100.0,235,9104.250000000002,38.741489361702136,57.99681498880461,435.54,4
Cade Campbell,34,65,1985,10,Male,8229 Bayview Avenue,,Amherst,OH,44001,41.4,-82.23,$22261,$45388,64749.0,723,1,45388.0,22261.0,590,49.0,1,100.0,9202,137018.96000000002,14.89012823299283,28.630174243752585,495.0,1
Ivan Morales,73,68,1946,9,Male,9355 Ocean View Drive,,Tucker,GA,30084,33.85,-84.22,$22682,$34220,0.0,745,5,34220.0,22682.0,591,57377.0,5,0.0,7475,283838.43,37.97169632107023,77.45974338750169,1229.66,4
Trent Brown,19,66,2000,9,Male,616 Catherine Avenue,,Devon,PA,19333,40.04,-75.42,$58297,$118862,276156.0,782,1,118862.0,58297.0,592,36900.0,1,100.0,94,6264.339999999999,66.64191489361701,131.5357163313496,1089.35,3
Azariah Diaz,20,62,1999,9,Female,825 Norfolk Drive,,Getzville,NY,14068,43.02,-78.75,$29558,$60265,80939.0,582,3,60265.0,29558.0,593,35065.0,3,100.0,148,9606.220000000001,64.9068918918919,78.63103658647763,659.21,3
Khalid Cooper,45,66,1974,3,Male,8385 Mill Boulevard,,Vancleve,KY,41385,37.62,-83.41,$11644,$23740,4313.0,841,3,23740.0,11644.0,594,15546.0,3,27.74347098932201,12310,522682.38999999996,42.459982940698616,53.13172282611276,967.43,2
Fisher Roman,39,67,1980,5,Male,9735 Birch Street,9940.0,Miami,FL,33175,25.77,-80.2,$18828,$38386,74820.0,850,6,38386.0,18828.0,595,52627.0,6,100.0,13438,323029.16,24.038484893585352,61.24752580934973,1171.06,4
Harrison Fisher,46,70,1973,6,Male,285 Washington Street,500.0,Woonsocket,RI,2895,41.99,-71.5,$19065,$38872,86648.0,585,1,38872.0,19065.0,596,13417.0,1,100.0,7539,349594.48,46.37146571163284,69.88840788000995,750.49,1
Anabelle Faraday,37,68,1982,3,Female,49 Tenth Street,,Atlanta,GA,30316,33.72,-84.32,$24196,$49335,51520.0,773,3,49335.0,24196.0,597,15260.0,3,100.0,15013,1397386.6099999999,93.0784393525611,105.27820125229093,1543.05,2
Valerie Scott,50,79,1969,9,Female,6695 River Lane,3.0,Monroe,MI,48161,41.91,-83.38,$19736,$40246,74352.0,641,5,40246.0,19736.0,598,78315.0,5,94.93966673051139,23802,668073.3,28.067948071590624,62.77172288163896,1739.54,5
Kace Gao,50,66,1970,1,Male,1012 Hill Drive,,Chicago,IL,60622,41.83,-87.68,$39789,$81122,112394.0,682,5,81122.0,39789.0,599,99036.0,5,100.0,18796,1285349.28,68.38419238135774,138.86282823426197,3097.99,5
Jayceon Neufelder,18,64,2001,4,Male,5819 Norfolk Drive,56.0,Punta Gorda,FL,33950,26.89,-82.05,$14352,$29265,37375.0,647,1,29265.0,14352.0,600,28.0,1,100.0,31,350.44000000000005,11.30451612903226,43.91442351332651,95.0,1
Darius Evans,51,65,1968,4,Male,774 Wessex Lane,864.0,Gilbert,AZ,85295,33.3,-111.74,$30557,$62304,113416.0,719,4,62304.0,30557.0,601,51316.0,4,100.0,8097,588631.5,72.69748054835124,140.97339900035615,1617.24,4
Dean Lonsdale,54,65,1965,10,Male,6721 Sussex Drive,2761.0,Carrollton,TX,75006,32.98,-96.89,$21381,$43598,15891.0,757,4,43598.0,21381.0,602,69458.0,4,22.878574102335225,16941,837400.69,49.43041674045215,71.61916361325652,1046.95,5
Zavier Allen,54,63,1965,5,Male,990 West Street,10.0,Rosharon,TX,77583,29.37,-95.45,$22856,$46603,57177.0,612,1,46603.0,22856.0,603,12224.0,1,100.0,7543,389594.89999999997,51.64986079809094,81.28556825600769,1832.61,1
Nathan Sanders,26,71,1993,3,Male,7703 Fourth Avenue,58.0,Fort Lauderdale,FL,33311,26.14,-80.13,$14191,$28931,34511.0,711,4,28931.0,14191.0,604,30424.0,4,100.0,4005,102305.57,25.544461922596756,54.80759044173375,716.11,3
Susan Labelle,42,71,1977,9,Female,338 Bayview Lane,,Broad Run,VA,20137,38.81,-77.72,$35905,$73208,115827.0,664,6,73208.0,35905.0,605,88674.0,6,100.0,25039,962669.9199999999,38.44681976117257,74.67191756317169,1417.8,5
Ellianna Cooper,42,68,1978,2,Female,794 Lake Street,,Township Of Washington,NJ,7676,40.98,-74.06,$37908,$77288,46160.0,771,4,77288.0,37908.0,606,99931.0,4,46.19187239195045,21798,1111784.38,51.00396274887604,90.00282379445733,2065.14,5
Shepherd Cox,30,66,1989,9,Male,6657 West Street,,Lake Worth,FL,33463,26.61,-80.05,$18415,$37544,15489.0,703,4,37544.0,18415.0,607,24031.0,4,64.45424659814407,8934,292743.22000000003,32.76731811058877,82.30666475206142,1566.08,2
Dallas Fox,58,65,1961,11,Male,217 Fifth Lane,,Cornell,IL,61319,40.99,-88.72,$19926,$40628,66552.0,636,1,40628.0,19926.0,608,10500.0,1,100.0,1440,43856.83,30.456131944444447,81.65048043147648,967.09,1
Kimora Lewis,24,68,1995,4,Female,418 Elm Street,,Warm Springs,GA,31830,32.88,-84.67,$15433,$31469,53555.0,645,1,31469.0,15433.0,609,19185.0,1,100.0,93,2251.0600000000004,24.204946236559145,70.66004461197998,374.0,2
Milo Walker,53,65,1967,2,Male,9385 Birch Street,,Albuquerque,NM,87121,35.11,-106.62,$15385,$31369,0.0,707,3,31369.0,15385.0,610,23808.0,3,0.0,26158,455229.29000000004,17.403061778423428,61.456871458355394,904.32,2
Ophelia Peres,36,65,1983,9,Female,7643 Martin Luther King Street,,Greenville,OH,45331,40.1,-84.62,$16351,$33339,83353.0,679,2,33339.0,16351.0,611,20417.0,2,100.0,8637,498914.81999999995,57.76482806530045,65.96553917186081,1045.74,2
Kyree Wood,25,65,1994,11,Male,944 Lexington Boulevard,,Cantonment,FL,32533,30.6,-87.34,$20273,$41338,90737.0,772,1,41338.0,20273.0,612,2066.0,1,100.0,207,12646.18,61.09265700483092,41.70245744207937,125.98,1
Alma Xi,54,66,1965,12,Female,85 Lafayette Boulevard,,Carthage,NY,13619,43.98,-75.6,$17220,$35114,24637.0,686,5,35114.0,17220.0,613,62042.0,5,39.71019631862287,34062,1159344.8599999999,34.03631201925899,48.20399045702881,864.57,4
Bryan Ajami,39,65,1980,9,Male,5193 East Street,77.0,Louisville,KY,40299,38.22,-85.74,$25258,$51499,7226.0,788,4,51499.0,25258.0,614,32042.0,4,22.55165095811747,22773,1511384.3,66.36737803539279,110.88092113992434,1348.28,3
Joslyn Faraday,85,67,1934,10,Female,577 12th Lane,,Lakewood,NJ,8701,40.09,-74.21,$13006,$9795,396.0,771,7,9795.0,13006.0,615,60198.0,7,0.6578291637595933,15151,341178.77999999997,22.51856511121378,53.767294614054634,827.41,4
Prakash Braun,19,67,2000,9,Male,1317 Wessex Lane,,Belmont,CA,94002,37.5,-122.3,$46616,$95045,132371.0,708,3,95045.0,46616.0,616,33576.0,3,100.0,91,4485.06,49.28637362637363,74.3975470545134,332.83,3
Kace Gomez,66,72,1953,3,Male,9218 Martin Luther King Avenue,,Mulberry,FL,33860,27.9,-81.97,$17944,$36589,86573.0,676,3,36589.0,17944.0,617,32254.0,3,100.0,7500,399799.72,53.306629333333326,95.81048468971758,1049.05,3
Romina Smith,59,63,1960,11,Female,4701 Littlewood Drive,,Tampa,FL,33618,27.95,-82.48,$28916,$58959,109358.0,598,2,58959.0,28916.0,618,32939.0,2,100.0,2292,89302.14000000001,38.962539267015714,71.02812606886121,1200.04,3
Kaleb Lonsdale,61,61,1958,12,Male,363 Third Drive,,Pinole,CA,94564,37.99,-122.27,$25849,$28210,22961.0,655,2,28210.0,25849.0,619,44511.0,2,51.58500146031319,24255,1884244.37,77.68478128220985,123.2022170899275,1824.27,4
Colton Stewart,39,68,1980,5,Male,700 Rose Avenue,,Laurel,MD,20708,39.09,-76.85,$27635,$56347,32530.0,779,3,56347.0,27635.0,620,55535.0,3,58.57567299900963,14142,563415.3699999999,39.839864941309564,96.12441858739913,1183.72,4
Alicia Young,59,72,1961,1,Female,704 Summit Drive,4775.0,Claremont,NC,28610,35.71,-81.15,$18029,$36760,95755.0,593,2,36760.0,18029.0,621,33969.0,2,100.0,18907,681837.21,36.06268630665891,69.53306007531205,1034.68,3
Cassius Schmidt,38,67,1981,11,Male,8897 East Street,,Carmel,CA,93923,36.46,-121.82,$29174,$59482,130605.0,688,4,59482.0,29174.0,622,146081.0,4,89.40587756107912,21985,797595.96,36.27909756652263,90.65075621148789,1574.63,5
Sadie Cruz,55,60,1964,5,Female,4941 Ocean View Drive,3.0,Fort Worth,TX,76119,32.75,-97.33,$12175,$24827,60261.0,590,1,24827.0,12175.0,623,1241.0,1,100.0,12267,954141.7000000001,77.7811771419255,67.66521519706143,596.04,1
Royalty Miller,67,65,1953,1,Female,9205 Summit Street,,San Jose,CA,95134,37.42,-121.94,$51631,$52929,37514.0,737,7,52929.0,51631.0,624,217937.0,7,17.21323134667358,24227,1307224.1800000002,53.957327774796724,91.48896720779824,5694.44,5
Nathaniel Bell,52,70,1967,12,Male,469 Mountain View Boulevard,,Indianapolis,IN,46256,39.77,-86.14,$31114,$63433,122550.0,770,7,63433.0,31114.0,625,129048.0,7,94.96466431095406,23612,1266480.83,53.63716881246824,82.51482498400563,3416.64,5
Judah Richardson,21,67,1998,11,Male,78596 Birch Drive,,Houston,TX,77049,29.76,-95.38,$19364,$39485,144101.0,685,1,39485.0,19364.0,626,12035.0,1,100.0,174,6543.74,37.60770114942529,59.99405549481787,443.0,1
Celine Gutierrez,33,59,1986,8,Female,142 Valley Drive,,Valparaiso,IN,46383,41.47,-87.05,$25472,$51938,97252.0,697,2,51938.0,25472.0,627,27132.0,2,100.0,4015,313655.79000000004,78.12099377334995,99.63341969506622,1466.08,2
Lucinda Cox,68,53,1951,12,Female,6723 Maple Street,10.0,Annandale,VA,22003,38.83,-77.21,$30622,$65298,18684.0,524,2,65298.0,30622.0,628,27657.0,2,67.55613407094046,20887,1554545.75,74.42647340450998,109.36087385886226,2013.0,2
Zaniyah Lewis,58,65,1962,1,Female,501 Grant Lane,,Trenton,GA,30752,34.87,-85.5,$15950,$32520,29433.0,731,4,32520.0,15950.0,629,54974.0,4,53.53985520427839,7070,440079.73,62.246072135785006,114.2630048302874,2782.7,4
Chandler Wright,41,63,1978,8,Male,992 Martin Luther King Avenue,,Park Forest,IL,60466,41.48,-87.68,$19359,$39472,82626.0,698,1,39472.0,19359.0,630,7200.0,1,100.0,104,4757.860000000001,45.74865384615385,66.2272489971185,294.0,1
Victoria Edwards,37,66,1982,5,Female,4189 Birch Street,,Kilauea,HI,96754,22.21,-159.41,$16898,$34457,48966.0,666,2,34457.0,16898.0,631,14042.0,2,100.0,8223,268426.5,32.64337832907698,69.80104357457328,636.67,1
Alessandro Thompson,48,73,1971,12,Male,2193 Sixth Avenue,,Highland,NY,12528,41.71,-73.96,$26227,$53478,73030.0,674,3,53478.0,26227.0,632,43452.0,3,100.0,7053,555528.55,78.76485892528002,112.47726374644446,1497.64,4
Keegan Myers,39,68,1980,10,Male,952 Mountain View Boulevard,455.0,Ludington,MI,49431,43.95,-86.44,$15863,$32343,59006.0,732,3,32343.0,15863.0,633,27837.0,3,100.0,9186,334580.43000000005,36.42286414108426,64.23616658905028,980.34,2
Remington Labelle,83,65,1937,1,Male,637 Seventh Street,,Westminster,SC,29693,34.66,-83.09,$15406,$31943,1248.0,686,6,31943.0,15406.0,634,55662.0,6,2.2421041284898138,15347,569574.6799999999,37.11309571903303,46.803594883580786,580.59,4
Jillian Ramirez,41,56,1978,10,Female,9413 12th Boulevard,8.0,Manly,IA,50456,43.28,-93.2,$16081,$32789,47679.0,699,2,32789.0,16081.0,635,20246.0,2,100.0,10068,417216.64,41.439872864521256,72.22289062917694,1032.33,2
William Foster,29,64,1990,8,Male,1734 George Drive,,San Francisco,CA,94134,37.72,-122.41,$20536,$41873,76725.0,717,1,41873.0,20536.0,636,24576.0,1,100.0,53,2902.6,54.76603773584905,136.40108439423457,601.16,2
Kenny Evans,44,66,1976,1,Male,9900 Ninth Avenue,,Bloomfield,IN,47424,39.02,-86.93,$18204,$37115,58438.0,685,3,37115.0,18204.0,637,33948.0,3,100.0,10952,338017.62,30.863551862673482,64.45634736682042,935.53,3
Kaylani Thompson,40,65,1979,12,Female,613 George Boulevard,,Stanford,KY,40484,37.53,-84.66,$15202,$30997,81716.0,722,2,30997.0,15202.0,638,16833.0,2,100.0,11493,351829.01,30.612460628208474,76.93349284191731,1177.0,2
Alina Braun,25,67,1994,8,Female,157 Eighth Street,,Bellevue,WA,98005,47.62,-122.16,$43432,$88554,142154.0,701,2,88554.0,43432.0,639,63005.0,2,100.0,171,13803.86,80.72432748538012,192.82056074998727,2016.24,4
Simeon Miller,29,63,1990,3,Male,32595 River Drive,,Shafter,CA,93263,35.49,-119.3,$14556,$29682,65845.0,659,2,29682.0,14556.0,640,24093.0,2,100.0,94,2122.3400000000006,22.578085106382986,38.05380821596489,167.4,2
Kade Williams,61,68,1959,1,Male,6762 Second Street,,Bennett,CO,80102,39.75,-104.42,$26369,$53762,37361.0,689,8,53762.0,26369.0,641,163472.0,8,22.854678477048058,10632,558318.72,52.5130474040632,104.77167192763713,1174.51,5
Gwendolyn Labelle,19,66,2001,1,Female,534 Norfolk Lane,,New York,NY,10026,40.71,-73.99,$26718,$54477,72241.0,802,2,54477.0,26718.0,642,41523.0,2,100.0,76,2217.5100000000007,29.177763157894745,45.21598691423329,239.12,3
Frances Johnson,30,67,1989,7,Female,385 Grant Street,,Independence,MO,64050,39.08,-94.35,$16224,$33076,50117.0,721,3,33076.0,16224.0,643,31816.0,3,100.0,7814,271037.99,34.68620296902994,80.2484993797745,1186.5,3
Reid Robinson,58,67,1961,5,Male,1034 Pine Boulevard,6545.0,Erie,PA,16505,42.12,-80.08,$24324,$49595,68057.0,676,1,49595.0,24324.0,644,31554.0,1,100.0,12594,1018540.3300000001,80.87504605367636,110.57528588334522,1253.26,3
Pierce Perry,31,67,1988,12,Male,8803 Washington Boulevard,,Scituate,MA,2066,42.18,-70.73,$40226,$82019,64583.0,695,3,82019.0,40226.0,645,102016.0,3,63.30673619824341,11856,1159441.27,97.79362938596492,122.25810179816625,1749.29,5
Ulises Chen,76,66,1943,5,Male,3462 Ocean Boulevard,,Sacramento,CA,95831,38.49,-121.53,$26815,$51942,22839.0,723,4,51942.0,26815.0,646,90443.0,4,25.252368895326338,9393,919369.3899999999,97.87814223357819,196.01447758890785,1778.84,5
Faith Myers,74,67,1945,3,Female,54 Lafayette Street,22.0,Chula Vista,CA,91910,32.63,-117.05,$20102,$29130,8746.0,720,5,29130.0,20102.0,647,82480.0,5,10.603782735208535,10316,368901.27,35.7601075998449,76.21900768083738,1270.85,5
Maya Torres,71,66,1948,8,Female,5822 Fourth Boulevard,,Charleston,WV,25312,38.35,-81.63,$16835,$13937,3854.0,783,4,13937.0,16835.0,648,24239.0,4,15.899995874417261,47094,2470620.5,52.461470675669936,38.83112482749962,781.89,2
Austin Robinson,20,63,1999,3,Male,592 Hillside Drive,,Berwyn,IL,60402,41.84,-87.79,$18714,$38158,80609.0,666,1,38158.0,18714.0,649,5158.0,1,100.0,218,10524.73,48.278577981651374,43.14635736052872,240.36,1
Amora Jenkins,47,67,1972,7,Female,45 Ocean Lane,37.0,Batavia,IL,60510,41.85,-88.3,$33701,$68710,201796.0,717,3,68710.0,33701.0,650,73431.0,3,100.0,11911,699505.0800000001,58.727653429602896,110.2710542081698,1435.12,5
Finley Evans,37,75,1983,1,Female,94 Ocean Avenue,,Naperville,IL,60564,41.76,-88.15,$49195,$100303,53919.0,821,2,100303.0,49195.0,651,101755.0,2,52.98904230750332,307,31076.510000000002,101.22641693811076,101.31492169392277,522.7,5
Naomi Anwar,58,65,1961,11,Female,9191 Main Avenue,,Epping,NH,3042,43.03,-71.07,$25001,$50980,87715.0,691,1,50980.0,25001.0,652,14138.0,1,100.0,63,3824.9000000000005,60.71269841269842,128.1328790711727,757.04,1
Levi Gomez,18,69,2002,1,Male,5504 Spruce Drive,,Sergeant Bluff,IA,51054,42.4,-96.35,$22958,$46810,0.0,747,2,46810.0,22958.0,653,44889.0,2,0.0,186,5948.66,31.982043010752687,51.3023414347369,254.15,4
Hugo Diaz,61,65,1959,2,Male,945 Third Avenue,,Sammamish,WA,98075,47.58,-122.03,$50607,$103185,206422.0,564,1,103185.0,50607.0,654,32808.0,1,100.0,22034,1230141.64,55.82924752654987,128.72087257012691,2546.05,3
Colson James,23,71,1996,4,Male,938 Maple Boulevard,,North Las Vegas,NV,89081,36.25,-115.08,$22907,$46704,91946.0,810,1,46704.0,22907.0,655,29674.0,1,100.0,155,7052.01,45.49683870967742,51.08468678772331,191.82,3
Gianni Merkel,35,61,1985,1,Male,583 Seventh Street,4.0,Wynnewood,PA,19096,39.99,-75.27,$50579,$103126,130160.0,642,1,103126.0,50579.0,656,24300.0,1,100.0,21988,1714045.32,77.95367109332363,101.33280739620648,1590.1,2
Anakin Harris,48,61,1971,6,Male,8993 Madison Avenue,,Fayetteville,NC,28312,34.93,-78.72,$18376,$37468,73448.0,666,3,37468.0,18376.0,657,34497.0,3,100.0,30275,1038532.76,34.30331164327003,73.15763231062952,932.94,3
Evelyn Hall,51,67,1968,7,Female,6840 North Lane,,Mount Kisco,NY,10549,41.2,-73.73,$55274,$112695,35135.0,840,6,112695.0,55274.0,658,311509.0,6,11.278967862886786,32952,2691073.5300000003,81.66647032046615,116.29149210740748,1853.04,5
Maximus Cruz,23,65,1996,5,Male,512 Tenth Street,,Holland,MI,49424,42.77,-86.1,$21668,$44181,82622.0,701,1,44181.0,21668.0,659,16998.0,1,100.0,64,1168.62,18.2596875,43.72906263175949,273.82,2
Princess Collins,26,65,1993,5,Female,388 Third Street,9.0,Mohegan Lake,NY,10547,41.31,-73.84,$33263,$67820,86177.0,628,2,67820.0,33263.0,660,29400.0,2,100.0,120,8060.15,67.16791666666667,104.1459535051317,531.65,3
Francesca Schmidt,80,67,1939,4,Female,499 Lafayette Lane,,Frankfort,IN,46041,40.28,-86.51,$16421,$24884,1828.0,850,6,24884.0,16421.0,661,84584.0,6,2.161165232195214,10776,412397.47000000003,38.2699953600594,88.30408978177724,1202.45,5
Juliette Wright,41,53,1978,8,Female,165 Fourth Street,,San Diego,CA,92130,32.95,-117.19,$0,$553,740.0,719,3,553.0,0.0,662,832.0,3,88.9423076923077,3334,79848.74,23.94983203359328,34.390664178454806,712.38,1
Leif Sullivan,40,64,1979,11,Male,83302 Valley Stream Lane,,Foxboro,MA,2035,42.06,-71.24,$35544,$72470,133421.0,711,2,72470.0,35544.0,663,63610.0,2,100.0,14496,703749.0,48.54780629139073,106.48042075289773,1224.71,4
Selena Thompson,35,66,1984,11,Female,610 Lake Drive,,Hillsboro,IL,62049,39.16,-89.48,$17696,$36081,118151.0,682,2,36081.0,17696.0,664,25322.0,2,100.0,79,2692.2200000000003,34.078734177215196,48.17689651577158,196.84,2
Jayden Myers,37,68,1982,6,Male,13 Federal Street,,Woburn,MA,1801,42.48,-71.15,$29122,$59375,0.0,729,2,59375.0,29122.0,665,54798.0,2,0.0,6160,412598.47,66.9802711038961,117.21387447007668,1045.72,4
Rodney James,18,70,2002,2,Male,18 Bayview Avenue,2.0,Hernando,MS,38632,34.82,-89.98,$23782,$48491,158871.0,588,1,48491.0,23782.0,666,10522.0,1,100.0,95,5986.549999999999,63.01631578947368,98.96635862280763,469.77,1
Stephanie Gomez,60,67,1959,4,Female,89075 Spruce Drive,,West Baden Springs,IN,47469,38.56,-86.61,$15138,$30867,12686.0,794,3,30867.0,15138.0,667,51275.0,3,24.74110190151146,21849,529647.95,24.241290219232,62.47932262760118,1110.44,4
Annabella Ward,33,67,1986,5,Female,906 Little Creek Drive,,Monroe,NC,28110,34.98,-80.54,$19605,$39974,64403.0,652,2,39974.0,19605.0,668,17936.0,2,100.0,14318,978253.39,68.32332658192485,75.43144407867153,1405.64,2
Camden Neufelder,39,72,1981,2,Male,1105 Wessex Avenue,,Arlington,TX,76002,32.69,-97.12,$24331,$49611,110543.0,739,4,49611.0,24331.0,669,64174.0,4,100.0,13366,714003.2899999999,53.41936929522669,117.46970380434111,1236.58,4
Cristiano Morris,24,69,1995,10,Male,841 Spruce Drive,3.0,Hammond,LA,70401,30.5,-90.46,$17584,$35856,73257.0,712,4,35856.0,17584.0,670,57250.0,4,100.0,5646,144349.28,25.566645412681545,51.323494338421035,1156.7,4
Ansley Reed,35,72,1984,9,Female,707 Elm Boulevard,3.0,Covington,VA,24426,37.77,-79.99,$17537,$35760,62768.0,830,1,35760.0,17537.0,671,3100.0,1,100.0,10665,404799.65,37.955897796530714,72.88564922929008,803.7,1
Colten Bailey,40,69,1979,6,Male,2336 George Drive,,Greenville,SC,29611,34.83,-82.37,$13249,$27013,58806.0,651,3,27013.0,13249.0,672,21886.0,3,100.0,7223,252683.86,34.98322857538419,80.76262752985042,725.42,2
Kole Gonzalez,63,62,1956,4,Male,690 Catherine Street,,Aurora,CO,80013,39.69,-104.81,$24849,$58006,20196.0,774,1,58006.0,24849.0,673,64.0,1,100.0,8631,160280.27000000002,18.5703012397173,29.58382260169417,404.0,1
Brylee Wilson,80,67,1940,1,Female,305 Pine Avenue,,Kent,WA,98032,47.39,-122.26,$24884,$39110,363.0,750,5,39110.0,24884.0,674,84511.0,5,0.42952988368378076,17242,940993.44,54.57565479642732,74.76141885427508,1514.83,5
Isabela Bell,38,66,1981,12,Female,422 Burns Street,,Shepherdsville,KY,40165,37.98,-85.71,$19661,$40087,17392.0,712,2,40087.0,19661.0,675,43953.0,2,39.5695401906582,7821,255617.45,32.68347398030942,50.374499438430306,849.5,4
Lane Cooper,46,65,1973,10,Male,12067 Federal Boulevard,,Philadelphia,PA,19135,39.95,-75.16,$17603,$35891,87749.0,577,3,35891.0,17603.0,676,15805.0,3,100.0,12471,492165.39,39.46478951166707,66.91594452405933,1160.41,2
Rosie Lonsdale,83,65,1936,3,Female,480 Catherine Drive,,Stamford,CT,6902,41.09,-73.55,$37213,$74753,1585.0,726,5,74753.0,37213.0,677,75526.0,5,2.098615046474062,15283,860918.25,56.331757508342605,104.74065399777578,1926.63,5
Finley Reed,31,70,1988,5,Male,1495 Elm Boulevard,,Banning,CA,92220,33.92,-116.83,$13002,$26511,21869.0,769,6,26511.0,13002.0,678,39398.0,6,55.507893801715824,14797,557827.2,37.69866864905048,44.80918876821259,762.83,3
Kian Richardson,76,69,1943,4,Male,2609 Plum Drive,,Olathe,KS,66061,38.88,-94.81,$28490,$19682,0.0,683,4,19682.0,28490.0,679,78115.0,4,0.0,9765,816407.86,83.60551561699948,91.02884217749339,1122.97,5
Sadie Braun,81,64,1938,9,Female,678 Park Drive,,Miami,FL,33179,25.77,-80.2,$19386,$23217,2559.0,616,3,23217.0,19386.0,680,42785.0,3,5.981068131354447,19418,604889.05,31.150944999485016,74.56359925087713,1543.06,3
Avi Wilson,30,66,1989,5,Male,323 Eighth Drive,54.0,Boulder,CO,80302,40.02,-105.25,$33151,$67589,0.0,734,3,67589.0,33151.0,681,61107.0,3,0.0,18665,1049043.39,56.203771229574066,88.79960550089486,1481.4,4
Atlas Fox,30,68,1989,8,Male,4262 Madison Drive,9.0,South Hamilton,MA,1982,42.62,-70.86,$45596,$92960,64167.0,724,3,92960.0,45596.0,682,138411.0,3,46.35975464377831,8263,451818.48,54.67971438944693,114.08347232686222,1990.86,5
Macy Wilson,52,61,1967,4,Female,2332 Elm Lane,,Walnut Creek,CA,94596,37.89,-122.03,$42685,$87030,156474.0,646,5,87030.0,42685.0,683,113680.0,5,100.0,16647,1496108.03,89.8725313870367,164.42534800829057,3854.44,5
Keanu Ortiz,72,66,1948,2,Male,493 South Street,,Ridgewood,NY,11385,40.7,-73.89,$19329,$22918,11371.0,750,5,22918.0,19329.0,684,84815.0,5,13.406826622649296,7920,362467.70999999996,45.766124999999995,95.0479434909861,1320.24,5
Samara Cruz,29,56,1990,9,Female,8958 Catherine Street,6.0,Stockton,UT,84071,40.3,-112.3,$24445,$49842,79750.0,698,1,49842.0,24445.0,685,39431.0,1,100.0,8777,420346.82999999996,47.89185712658083,104.80181813192114,1102.77,3
Miya Campbell,36,75,1983,4,Female,3194 Norfolk Street,28.0,Seaford,DE,19973,38.64,-75.61,$17624,$35933,23451.0,812,2,35933.0,17624.0,686,11666.0,2,100.0,19214,552568.95,28.758662954095968,43.34000387419339,1053.09,1
Leon Lewis,42,67,1978,2,Male,376 Fourth Drive,,Waimanalo,HI,96795,21.34,-157.72,$18080,$36860,65049.0,714,3,36860.0,18080.0,687,19664.0,3,100.0,13791,861735.46,62.48534986585454,79.72496048417484,1416.08,2
Scott Sanchez,53,70,1967,2,Male,302 Park Boulevard,,Cordele,GA,31015,31.96,-83.77,$13864,$28269,66681.0,734,6,28269.0,13864.0,688,33997.0,6,100.0,26059,664727.68,25.50856441152769,51.06977614706241,892.27,3
Clyde Fisher,20,66,1999,11,Male,135 Spruce Lane,,Ottawa,OH,45875,41.02,-84.04,$19827,$40426,76199.0,727,1,40426.0,19827.0,689,15579.0,1,100.0,115,3851.62,33.492347826086956,47.03908198103091,195.26,2
Yaretzi Kelley,43,71,1976,8,Female,93 11th Avenue,,Anaheim,CA,92804,33.81,-117.97,$18330,$37371,3378.0,739,4,37371.0,18330.0,690,50741.0,4,6.657338247176839,12831,396455.03,30.898217598004834,66.13960401900555,1055.53,4
Evelynn Foster,33,68,1986,9,Female,212 Ocean View Avenue,9.0,San Rafael,CA,94903,38.02,-122.54,$33148,$67589,106072.0,602,2,67589.0,33148.0,691,26200.0,2,100.0,8483,513321.18000000005,60.51175055994342,106.5987856498754,1009.82,2
Clyde Brooks,55,66,1964,4,Male,455 Little Creek Boulevard,99.0,Williston Park,NY,11596,40.75,-73.64,$39705,$80957,161166.0,683,6,80957.0,39705.0,692,162910.0,6,98.92947025965258,25932,1335394.15,51.495995295387935,106.22172039340057,2349.81,5
Linda Phillips,64,69,1955,7,Female,729 Littlewood Avenue,,Wilton,CT,6897,41.18,-73.42,$94302,$192269,100192.0,700,6,192269.0,94302.0,693,381413.0,6,26.268637933159066,24856,2257604.43,90.82734269391698,222.04851671470485,12390.5,5
Bo Bailey,34,75,1985,8,Male,6444 Madison Drive,4.0,Tucson,AZ,85710,32.22,-110.82,$17480,$35641,64419.0,625,2,35641.0,17480.0,694,26988.0,2,100.0,5957,404647.67000000004,67.92809635722679,92.56413651741597,828.15,2
Alice Torres,33,69,1986,8,Female,850 Birch Avenue,,Lobelville,TN,37097,35.75,-87.79,$14073,$28696,52910.0,686,4,28696.0,14073.0,695,23398.0,4,100.0,5828,184763.9,31.702796842827727,54.08827986200194,706.63,2
Lance Xi,30,65,1989,4,Male,7350 Fourth Lane,2.0,Rome,NY,13440,43.21,-75.47,$18712,$38153,92466.0,658,1,38153.0,18712.0,696,5716.0,1,100.0,6375,209922.25,32.928980392156866,69.5437910156404,744.27,1
Ana Gray,51,73,1968,8,Female,2897 West Street,,Lorton,VA,22079,38.7,-77.24,$35062,$71490,0.0,782,3,71490.0,35062.0,697,46474.0,3,0.0,20127,1237036.6400000001,61.46155115019626,92.11465258360289,1703.72,4
Magdalena Schmidt,20,67,1999,12,Female,3183 Burns Boulevard,2.0,Woodland,WA,98674,45.94,-122.67,$21093,$43006,26144.0,688,2,43006.0,21093.0,698,33978.0,2,76.943904879628,79,2107.22,26.673670886075946,46.913857367593145,197.5,3
Guillermo Richardson,44,67,1975,6,Male,41043 Lincoln Lane,6.0,Saint Amant,LA,70774,30.19,-90.78,$24289,$49523,89129.0,688,4,49523.0,24289.0,699,23276.0,4,100.0,23009,1887439.2299999997,82.03047633534703,118.36055818027879,2254.4,2
Mohammed Carter,31,76,1988,11,Male,7948 Martin Luther King Avenue,9.0,Memphis,TN,38106,35.1,-90.0,$10730,$21876,20169.0,786,2,21876.0,10730.0,700,13800.0,2,100.0,7838,328623.91,41.92701071701964,45.63151844938505,497.97,1
Brooklynn Butler,27,67,1992,8,Female,8893 Valley Drive,,Griffith,IN,46319,41.52,-87.42,$21992,$44843,67179.0,756,2,44843.0,21992.0,701,6283.0,2,100.0,118,2902.9700000000003,24.601440677966103,44.43002569791814,247.12,1
Kaiya Johnson,43,65,1976,3,Female,41332 Lincoln Avenue,,Durham,NC,27704,35.98,-78.91,$17625,$35938,47204.0,670,3,35938.0,17625.0,702,12345.0,3,100.0,19226,750019.5800000001,39.010692811817336,48.48544068640247,1038.12,1
Arielle Williams,73,65,1946,10,Female,518 Main Street,1.0,Danville,VA,24541,36.58,-79.4,$16745,$28553,19507.0,745,5,28553.0,16745.0,703,34916.0,5,55.86836980181006,6679,300141.63,44.938108998353044,81.44916945851784,1296.6,3
Thea Harris,18,68,2001,12,Female,753 East Avenue,8.0,Fayetteville,NC,28311,35.05,-78.87,$19520,$39803,53607.0,695,1,39803.0,19520.0,704,1990.0,1,100.0,141,5458.51,38.71283687943263,125.63321934623673,1140.1,1
Hana Flores,50,68,1969,9,Female,9982 Summit Boulevard,3516.0,Murrieta,CA,92563,33.57,-117.14,$24069,$49076,56547.0,715,4,49076.0,24069.0,705,93379.0,4,60.55644202657985,12842,985313.85,76.72588771219436,135.2323284151003,1392.51,5
Ledger Barnes,41,65,1978,10,Male,8425 East Lane,,Cleveland,OH,44143,41.47,-81.67,$27646,$56368,71544.0,664,3,56368.0,27646.0,706,56610.0,3,100.0,23005,1219414.47,53.0064972831993,80.79686970991337,1620.68,4
Julieta Gao,35,66,1984,6,Female,9006 Ocean Boulevard,,Philadelphia,PA,19138,39.95,-75.16,$16114,$32855,94228.0,693,2,32855.0,16114.0,707,35617.0,2,100.0,3237,167161.85,51.640979301822675,76.18534852132602,766.52,3
Ian Reyes,65,64,1955,2,Male,364 Eighth Drive,,Fort Worth,TX,76148,32.75,-97.33,$21401,$18149,26672.0,738,2,18149.0,21401.0,708,18900.0,2,100.0,2946,181022.49,61.44687372708757,95.2259320443182,1225.12,2
Brecken Roman,44,65,1975,11,Male,8349 Valley Avenue,,Wellington,OH,44090,41.16,-82.22,$19818,$40407,25986.0,697,3,40407.0,19818.0,709,34927.0,3,74.40089329172274,5342,296258.18000000005,55.45828903032573,91.05111441141202,1258.91,3
Harry Murphy,19,60,2000,6,Male,57285 Jefferson Avenue,,Surprise,AZ,85388,33.61,-112.46,$23747,$48418,73106.0,756,2,48418.0,23747.0,710,5311.0,2,100.0,252,6181.719999999999,24.530634920634917,40.76237400492654,184.72,1
Keenan Labelle,61,73,1958,7,Male,9888 Washington Boulevard,4.0,Levittown,NY,11756,40.72,-73.51,$29337,$59815,73325.0,573,2,59815.0,29337.0,711,44576.0,2,100.0,11467,1032829.73,90.06974186796896,142.12817225998472,2505.58,4
Carlee Fu,23,66,1996,8,Female,9392 Fifth Avenue,,Chicago,IL,60612,41.83,-87.68,$20822,$42454,63754.0,750,4,42454.0,20822.0,712,51871.0,4,100.0,54,3121.54,57.806296296296296,169.49566876686563,1125.69,4
Lillian Butler,43,69,1976,5,Female,580 Fifth Boulevard,,Bessemer City,NC,28016,35.28,-81.28,$16073,$32775,72785.0,637,1,32775.0,16073.0,713,14270.0,1,100.0,14273,650840.2,45.599397463742726,67.22736542108409,932.03,1
Santino Powell,36,67,1983,12,Male,42720 East Drive,,Mukwonago,WI,53149,42.86,-88.33,$28215,$57532,61268.0,735,4,57532.0,28215.0,714,83973.0,4,72.96154716396937,5092,201908.23,39.6520483110762,70.53565475070593,1193.49,5
Scarlet Martin,34,67,1985,11,Female,97 Fourth Drive,,Mena,AR,71953,34.58,-94.23,$12910,$26325,32456.0,562,1,26325.0,12910.0,715,3039.0,1,100.0,9080,305071.33999999997,33.59816519823788,54.923966206950354,740.61,1
Landry Smith,70,74,1950,1,Male,20382 Park Drive,,Fremont,CA,94536,37.56,-121.98,$33727,$68765,75608.0,798,5,68765.0,33727.0,716,140318.0,5,53.88332216821791,13959,614913.5599999999,44.0514048284261,72.28526196423745,1137.95,5
Merrick Barnes,26,58,1993,4,Male,7344 Oak Drive,,Saint Marys,PA,15857,41.42,-78.55,$18965,$38670,80894.0,630,1,38670.0,18965.0,717,9740.0,1,100.0,48,1772.6699999999998,36.930625,55.87521630853917,192.57,1
Ari Phillips,57,65,1962,11,Female,4940 Ocean View Drive,,Prichard,WV,25555,38.21,-82.56,$17918,$36528,109785.0,701,3,36528.0,17918.0,718,34552.0,3,100.0,15539,533151.66,34.31055151554154,53.07015032092424,836.04,3
Micheal Long,28,61,1991,4,Male,54 Burns Avenue,,Broken Bow,OK,74728,34.02,-94.73,$13811,$28163,50872.0,689,4,28163.0,13811.0,719,27223.0,4,100.0,6074,210104.42,34.590783668093515,61.80170607969628,1038.12,2
Liv Rivera,56,70,1963,8,Female,212 Mountain View Lane,,Marietta,GA,30008,33.95,-84.54,$17977,$36652,60949.0,600,3,36652.0,17977.0,720,34307.0,3,100.0,16283,710616.3799999999,43.64161272492783,71.77701695970543,1058.94,3
Mustafa Torres,18,70,2001,12,Male,65690 Bayview Lane,28.0,Attleboro,MA,2703,41.93,-71.29,$26693,$54427,96369.0,714,2,54427.0,26693.0,721,37756.0,2,100.0,144,11014.98,76.49291666666666,81.95229626024148,572.38,3
Kaydence Allen,27,66,1992,6,Female,563 Jefferson Boulevard,,Poway,CA,92064,32.97,-117.02,$36390,$74198,16084.0,838,3,74198.0,36390.0,722,33262.0,3,48.355480728759545,2448,45421.33,18.554464869281045,46.56336989580441,1057.5,3
Yousef Long,18,66,2002,1,Male,6295 Norfolk Boulevard,,Greenville,NC,27834,35.59,-77.37,$17116,$34904,46002.0,657,2,34904.0,17116.0,723,18868.0,2,100.0,87,9383.999999999998,107.86206896551722,123.144675191026,840.44,2
Grant Mitchell,55,73,1964,12,Male,905 West Avenue,,Memphis,TN,38103,35.1,-90.0,$47798,$97455,219213.0,616,2,97455.0,47798.0,724,73364.0,2,100.0,12519,1141665.0499999998,91.19458822589662,155.803854502044,5712.06,5
Jamie Ajami,37,66,1983,1,Female,911 Ocean Boulevard,,Fullerton,CA,92831,33.87,-117.89,$25592,$52181,26792.0,727,2,52181.0,25592.0,725,36073.0,2,74.27161589000083,13269,590449.59,44.49842414650689,92.06597474827116,1233.68,3
Micheal Farhad,68,68,1951,6,Male,8199 Park Boulevard,,Claypool,IN,46510,41.12,-85.87,$17969,$27939,11243.0,841,5,27939.0,17969.0,726,59670.0,5,18.84196413608178,27140,544519.15,20.06334377302874,57.64227052908688,1116.12,4
Alessia Abe,54,74,1965,5,Female,1444 Plum Boulevard,,Colorado Springs,CO,80903,38.86,-104.76,$20579,$41957,151027.0,783,3,41957.0,20579.0,727,52996.0,3,100.0,4833,224393.09,46.429358576453545,83.69719440590431,1186.98,4
Leighton Faraday,26,61,1993,11,Female,9129 Lexington Lane,,Richmond,KY,40475,37.74,-84.29,$19666,$40102,57857.0,601,6,40102.0,19666.0,728,73265.0,6,78.96949430150822,157,5806.130000000001,36.98171974522294,98.95566346317617,997.06,5
Hallie Perry,61,69,1958,9,Female,7945 Fourth Avenue,,Honolulu,HI,96825,21.3,-157.85,$30410,$62005,149968.0,651,9,62005.0,30410.0,729,253066.0,9,59.26043008543226,11317,591287.0800000001,52.24768754970399,136.33263514365115,3679.33,5
Edward Rivera,18,58,2002,1,Male,36 First Drive,,Spokane,WA,99208,47.78,-117.45,$21609,$44061,107955.0,713,4,44061.0,21609.0,730,56200.0,4,100.0,248,16166.259999999998,65.1865322580645,58.75556153558457,544.83,4
Warren El-Mafouk,49,69,1970,5,Male,3225 Lexington Street,,Rocky Point,NY,11778,40.92,-72.92,$28694,$58503,37838.0,680,4,58503.0,28694.0,731,42094.0,4,89.88929538651588,20895,1276174.1,61.07557310361331,79.55890032611889,1208.57,3
Johanna Peres,28,67,1991,5,Female,34542 Ninth Drive,25.0,Buffalo,NY,14215,42.88,-78.85,$14456,$29478,39224.0,675,2,29478.0,14456.0,732,7329.0,2,100.0,73,1935.1299999999999,26.508630136986298,105.91884943963764,485.0,1
Allie Sadr,29,66,1990,8,Female,933 Sussex Drive,,Laurel,MT,59044,45.6,-108.68,$19625,$40005,37694.0,737,2,40005.0,19625.0,733,37062.0,2,100.0,4158,136265.84000000003,32.7719672919673,82.37088108706872,1035.66,3
Dario El-Mafouk,70,66,1949,5,Male,111 Hillside Avenue,,Delavan,WI,53115,42.62,-88.63,$18351,$31901,16285.0,778,4,31901.0,18351.0,734,52199.0,4,31.197915668882548,7846,269512.61,34.350319908233494,72.69715392746356,2150.83,4
Brianna Jenkins,28,63,1991,8,Female,5671 Sussex Drive,,Miami,FL,33194,25.77,-80.2,$21602,$44046,57982.0,557,3,44046.0,21602.0,735,46023.0,3,100.0,7989,289183.19000000006,36.19767054700213,53.839696812424414,1265.19,4
Ari Roman,61,65,1958,5,Male,206 Pine Lane,95.0,Joliet,IL,60436,41.52,-88.12,$17567,$35823,96691.0,732,3,35823.0,17567.0,736,28679.0,3,100.0,8167,388632.87,47.585756091588095,88.61284108707369,957.75,3
Maria Kelly,29,69,1990,5,Female,637 Littlewood Drive,,Prince George,VA,23875,37.22,-77.28,$22059,$44976,80109.0,717,2,44976.0,22059.0,737,35192.0,2,100.0,11986,336487.88,28.073408977139998,62.30267830347946,1311.57,3
Orlando Perry,28,66,1992,2,Male,768 Valley Stream Drive,,Portage,WI,53901,43.54,-89.46,$19635,$40035,69241.0,684,2,40035.0,19635.0,738,18933.0,2,100.0,1614,31519.35,19.52871747211896,25.812978384214407,171.49,2
Suzette Burns,31,62,1988,5,Female,551 Essex Drive,51.0,North Little Rock,AR,72116,34.78,-92.25,$25002,$50978,76898.0,574,2,50978.0,25002.0,739,33576.0,2,100.0,15579,1240826.98,79.64740869118685,95.97615081500228,1806.65,3
Mark Merkel,76,72,1943,6,Male,93374 11th Street,45.0,Clinton Township,MI,48036,42.58,-82.91,$19780,$34408,9107.0,701,4,34408.0,19780.0,740,58212.0,4,15.644540644540644,20672,757870.23,36.66167908281734,51.1401555925435,1370.59,4
Alexia Ward,22,68,1997,9,Female,6054 Main Avenue,,Chicago,IL,60614,41.83,-87.68,$0,$2026,1417.0,779,1,2026.0,0.0,741,78.0,1,100.0,748,10907.42,14.58211229946524,16.878609159005638,77.94,1
Kaleb Miller,59,66,1960,5,Male,756 El Camino Avenue,,Oviedo,FL,32765,28.65,-81.18,$27255,$55571,93460.0,636,3,55571.0,27255.0,742,30427.0,3,100.0,17664,1181219.35,66.87156646286232,95.7179729166044,1380.84,3
Valentino Reed,26,59,1993,12,Male,6222 Sixth Lane,,Weare,NH,3281,43.1,-71.73,$26084,$53182,99550.0,623,1,53182.0,26084.0,743,7600.0,1,100.0,133,8727.579999999998,65.62090225563908,72.98078532225868,236.24,1
Jerry Jackson,33,67,1987,2,Male,6785 Valley Stream Boulevard,,Wellsburg,WV,26070,40.28,-80.6,$16648,$33944,53353.0,798,4,33944.0,16648.0,744,47817.0,4,100.0,2182,66860.06,30.641640696608615,67.15979248644476,703.04,4
Isaiah Murphy,54,59,1965,7,Male,275 Tenth Street,,Bethesda,MD,20814,38.98,-77.12,$56069,$114318,328089.0,748,3,114318.0,56069.0,745,151060.0,3,100.0,13287,1149459.48,86.51008354030255,98.3484406914437,1612.49,5
Marcelo Cruz,67,66,1952,12,Male,9385 Lincoln Drive,,Detroit,MI,48202,42.38,-83.1,$14848,$28714,12978.0,638,2,28714.0,14848.0,746,16280.0,2,79.71744471744472,16346,577393.84,35.32324972470329,88.77144496759949,914.93,2
Aydin Cook,41,66,1979,2,Male,7061 Littlewood Street,,Henderson,NV,89002,36.0,-114.96,$28985,$59093,117325.0,737,5,59093.0,28985.0,747,127807.0,5,91.79857128326304,20983,1200654.91,57.22036458085116,108.93358428975506,1847.57,5
Alayah Gray,39,68,1980,3,Female,95 12th Avenue,,Whittier,CA,90601,34.0,-118.03,$25242,$51465,0.0,702,2,51465.0,25242.0,748,29812.0,2,0.0,12652,781550.0800000001,61.77284856149226,111.84207152663289,1449.29,3
Travis Cook,20,69,1999,8,Male,1177 Elm Avenue,,Waterford,NY,12188,42.79,-73.67,$24904,$50776,19785.0,701,1,50776.0,24904.0,749,33306.0,1,59.40371104305531,339,14427.720000000001,42.559646017699116,68.79329899274619,351.45,3
Shelby Phillips,28,65,1991,9,Female,3615 Lafayette Boulevard,,Quakertown,PA,18951,40.43,-75.34,$25205,$51391,84768.0,573,1,51391.0,25205.0,750,14149.0,1,100.0,103,4805.79,46.65815533980582,64.4268887324451,376.18,1
Kobe Carter,53,65,1966,12,Male,353 South Boulevard,,Princeton,NJ,8540,40.35,-74.65,$0,$920,1914.0,788,3,920.0,0.0,751,1024.0,3,100.0,10042,107692.59,10.72421728739295,31.459380637947564,586.79,1
Briella Nguyen,50,73,1969,10,Female,24 River Avenue,,Stuart,FL,34997,27.19,-80.24,$20315,$41420,0.0,691,5,41420.0,20315.0,752,109266.0,5,0.0,29338,1239724.4,42.25660917581293,49.94302278905253,1058.52,5
Mary Peterson,52,67,1967,4,Female,6467 Birch Street,,David City,NE,68632,41.25,-97.12,$16901,$34460,43936.0,692,2,34460.0,16901.0,753,18845.0,2,100.0,13015,458955.29000000004,35.263564348828275,63.785351339332806,1159.62,2
Ismael Masvidal,41,65,1979,2,Male,9684 Grant Drive,,Waynesboro,VA,22980,38.06,-78.9,$18531,$37786,107692.0,693,5,37786.0,18531.0,754,67578.0,5,100.0,13981,891420.2,63.75940204563336,60.634558880278,864.78,5
Vivian Rogers,21,70,1998,4,Female,5259 Lake Drive,,Virginia Beach,VA,23453,36.78,-76.08,$20678,$42161,59210.0,672,1,42161.0,20678.0,755,10400.0,1,100.0,63,2264.85,35.949999999999996,42.679785408782024,119.97,1
Reign Scott,30,69,1989,3,Male,3636 El Camino Avenue,,Cincinnati,OH,45245,39.09,-84.51,$25503,$51998,73575.0,640,1,51998.0,25503.0,756,1900.0,1,100.0,2335,150525.5,64.46488222698073,128.25540732454124,1286.38,1
Evelynn Harris,22,67,1997,12,Female,5941 South Lane,,Central,SC,29630,34.72,-82.78,$18271,$37253,63522.0,576,1,37253.0,18271.0,757,1862.0,1,100.0,75,4112.59,54.83453333333333,52.05026386851677,200.95,1
Aarav Jenkins,49,65,1970,12,Male,840 Elm Avenue,,Wichita Falls,TX,76301,33.89,-98.51,$13705,$27943,18693.0,681,4,27943.0,13705.0,758,13722.0,4,100.0,7526,345405.09,45.8949096465586,37.83845544981462,990.2,1
Genesis Mitchell,76,69,1943,3,Female,15 Elm Lane,,Myrtle Beach,SC,29579,33.69,-78.89,$19025,$32817,27209.0,705,6,32817.0,19025.0,759,31453.0,6,86.50685149270339,25842,1224552.24,47.38612491293244,54.124754011537185,1746.89,3
Amos Leroux,62,66,1957,8,Male,7378 Park Lane,,Bristol,NH,3222,43.6,-71.74,$18972,$38681,113190.0,663,5,38681.0,18972.0,760,66602.0,5,100.0,14484,514715.17000000004,35.53681096382215,57.02599231929148,860.36,5
Amari Torres,48,68,1971,7,Male,671 Little Creek Street,,Luverne,AL,36049,31.7,-86.26,$15474,$31553,63938.0,729,3,31553.0,15474.0,761,30482.0,3,100.0,20417,1444128.71,70.73167997257187,83.09938404460462,1086.69,3
Roman Barnes,36,70,1983,8,Male,97 Little Creek Boulevard,,Puyallup,WA,98373,47.14,-122.32,$24519,$49993,52978.0,767,3,49993.0,24519.0,762,91542.0,3,57.872888947149946,9342,581291.49,62.22345215157354,106.5762767448774,1334.81,5
Gary Anwar,63,64,1956,4,Male,716 Lafayette Street,,New Marshfield,OH,45766,39.33,-82.23,$14137,$28828,49793.0,687,4,28828.0,14137.0,763,62834.0,4,79.24531304707642,12111,331689.83,27.387484931054416,44.272005376539674,622.24,4
Ximena Butler,77,63,1942,3,Female,2073 South Avenue,,New York,NY,10003,40.71,-73.99,$0,$1,0.0,673,3,1.0,0.0,764,92.0,3,0.0,7902,76161.22,9.638220703619337,21.48537972639139,1135.92,1
Charles Fisher,31,74,1988,3,Male,557 Catherine Drive,3.0,Houston,TX,77096,29.76,-95.38,$31072,$63356,140107.0,704,5,63356.0,31072.0,765,98581.0,5,100.0,17645,934648.3600000001,52.969586851799384,76.88232754482665,3012.04,5
Kora Watson,33,58,1986,12,Female,1884 Lake Avenue,,Carrollton,TX,75007,32.98,-96.89,$28213,$57526,82715.0,812,1,57526.0,28213.0,766,77.0,1,100.0,43,887.59,20.641627906976744,32.52869501955928,90.0,1
Odin Evans,36,65,1983,7,Male,1531 North Lane,,Cherry Hill,NJ,8003,39.9,-74.99,$39626,$80794,3867.0,803,2,80794.0,39626.0,767,53907.0,2,7.173465412655128,23042,1264348.4900000002,54.87147339640657,94.10168287974555,2662.39,4
Kaylani Sullivan,57,64,1962,12,Female,442 Burns Boulevard,,Mansfield,MA,2048,42.02,-71.21,$37407,$76274,102611.0,698,2,76274.0,37407.0,768,22517.0,2,100.0,6574,507785.43000000005,77.24147094615151,145.42727488396332,1860.17,2
Zaylee Anderson,29,60,1990,5,Female,8265 Mountain View Drive,,Berlin,WI,54923,43.97,-88.95,$19059,$38861,62080.0,528,1,38861.0,19059.0,769,674.0,1,100.0,61,4411.699999999999,72.32295081967212,97.8991722757464,364.03,1
Henrik Johnson,32,65,1987,4,Male,549 Rose Drive,13.0,Thibodaux,LA,70301,29.79,-90.82,$22223,$45312,11788.0,681,4,45312.0,22223.0,770,43286.0,4,27.23282354571917,7696,275467.36000000004,35.79357588357589,76.30126248740237,1946.61,4
Gerald Myers,63,68,1956,12,Male,39126 El Camino Boulevard,,Alhambra,CA,91801,34.09,-118.13,$21178,$43180,36832.0,764,5,43180.0,21178.0,771,41855.0,5,87.99904431967506,20758,332563.82999999996,16.020995760670584,52.366355199039305,867.18,3
Stella Masvidal,25,66,1994,10,Female,79 Hill Avenue,,Andover,MN,55304,45.25,-93.33,$29580,$60310,91017.0,647,6,60310.0,29580.0,772,58532.0,6,100.0,141,9429.27,66.87425531914894,84.54278145877313,480.22,4
Leila Ryan,64,69,1955,11,Female,6606 Jefferson Avenue,,Moreno Valley,CA,92553,33.92,-117.24,$15079,$30747,51667.0,850,4,30747.0,15079.0,773,39292.0,4,100.0,14959,521214.99000000005,34.84290326893509,78.56793804712756,1004.27,3
Tate Garcia,21,68,1998,9,Male,740 Burns Lane,,Pueblo,CO,81007,38.27,-104.62,$21394,$43617,16661.0,803,3,43617.0,21394.0,774,43386.0,3,38.40178859539944,476,8705.07,18.287962184873948,67.08332568629125,333.84,4
Lillie Mitchell,51,71,1968,7,Female,32299 Federal Street,,Janesville,WI,53546,42.68,-89.01,$21278,$43386,2192.0,698,3,43386.0,21278.0,775,35325.0,3,6.205237084217976,15377,594518.67,38.66285166157248,65.44711271895315,1074.41,3
Vanessa Sullivan,62,62,1958,2,Female,690 Oak Street,3.0,Milwaukee,WI,53224,43.06,-87.96,$19483,$36465,12789.0,688,1,36465.0,19483.0,776,5616.0,1,100.0,9126,417262.8,45.722419460881,97.9927216108992,1054.38,1
Duncan Torres,72,66,1948,1,Male,5138 North Drive,,San Francisco,CA,94131,37.74,-122.44,$51692,$65055,1676.0,736,6,65055.0,51692.0,777,198347.0,6,0.8449837910328868,40020,1679534.8199999998,41.9673868065967,102.18808872754647,1301.89,5
Randy Sadr,21,68,1998,6,Male,2537 Forest Boulevard,,Ennis,TX,75119,32.33,-96.62,$18112,$36924,71952.0,701,3,36924.0,18112.0,778,24280.0,3,100.0,80,2755.68,34.446,44.24457971322589,291.84,2
Leif Howard,34,69,1985,11,Male,860 George Avenue,,Calistoga,CA,94515,38.62,-122.61,$21373,$43579,96994.0,795,3,43579.0,21373.0,779,26272.0,3,100.0,10961,386558.63,35.2667302253444,82.77627731022916,853.85,2
Elias Collins,54,65,1965,12,Male,498 Littlewood Avenue,,Rochester,MN,55901,44.01,-92.47,$26478,$53986,58381.0,748,4,53986.0,26478.0,780,118028.0,4,49.46368658284475,17701,812813.8200000001,45.919090446867415,92.83460087614188,1324.38,5
Kailyn Ramirez,21,61,1998,9,Female,95 Burns Drive,,Cambridge,MA,2138,42.37,-71.11,$47637,$97127,210206.0,660,2,97127.0,47637.0,781,36300.0,2,100.0,945,65062.19,68.8488783068783,162.63928648506618,1683.92,3
Calvin Peres,52,71,1967,4,Male,514 Pine Boulevard,,Stamford,CT,6906,41.09,-73.55,$34138,$69604,47193.0,684,4,69604.0,34138.0,782,95017.0,4,49.66795415557216,21512,707711.45,32.89844970249163,59.0154866381422,1008.37,5
Marissa Bailey,49,68,1971,1,Female,97536 Summit Street,212.0,Cedar Park,TX,78613,30.51,-97.83,$30418,$62019,85666.0,543,4,62019.0,30418.0,783,66772.0,4,100.0,14695,614833.7,41.839652943177946,90.16991865059121,2910.32,5
Henrik Farhad,19,68,2000,11,Male,723 Summit Drive,,Inglewood,CA,90301,33.95,-118.36,$15965,$32550,82878.0,746,6,32550.0,15965.0,784,29198.0,6,100.0,117,5793.3099999999995,49.51547008547008,131.26641029194354,554.81,3
Holden Howard,30,65,1989,4,Male,445 Fifth Avenue,,Lost Creek,WV,26385,39.15,-80.35,$17701,$36092,63276.0,679,1,36092.0,17701.0,785,6700.0,1,100.0,8533,293834.89,34.43512129380054,90.75886338157642,997.07,1
Lincoln Sanders,55,67,1964,7,Male,287 Pine Lane,,Mountlake Terrace,WA,98043,47.79,-122.3,$23668,$48259,146774.0,721,3,48259.0,23668.0,786,19293.0,3,100.0,8931,348101.69999999995,38.97678871346993,75.12882140705256,970.85,2
Zahir Gomez,42,68,1977,11,Male,3835 Norfolk Street,35.0,Paragould,AR,72450,36.05,-90.51,$15447,$31499,45661.0,782,4,31499.0,15447.0,787,60183.0,4,75.870262366449,52604,1054265.07,20.041538095962284,57.26378350869691,1510.75,4
Brielle Ortiz,36,71,1983,7,Female,65 Fifth Lane,3.0,Abbeville,SC,29620,34.17,-82.37,$15243,$31079,91845.0,605,2,31079.0,15243.0,788,23496.0,2,100.0,11431,336361.79,29.425403726708073,63.275908178501645,787.05,2
Jaxson Brown,46,66,1973,8,Male,1833 George Drive,,Miami,FL,33186,25.77,-80.2,$23244,$47395,41381.0,755,2,47395.0,23244.0,789,48391.0,2,85.51383521729247,14786,456669.61,30.885270526173407,74.45482886548282,1419.76,4
Eduardo Torres,42,73,1977,10,Male,663 Summit Boulevard,368.0,Brooklyn,NY,11210,40.64,-73.94,$23316,$47542,2667.0,725,3,47542.0,23316.0,790,29525.0,3,9.03302286198137,21459,493293.42000000004,22.987717041800646,58.619062824799556,1033.92,3
Marcelo Flores,58,67,1962,1,Male,3385 Hill Lane,6.0,Burke,VA,22015,38.78,-77.27,$35563,$72510,44317.0,727,4,72510.0,35563.0,791,94844.0,4,46.726203028130406,19676,1112696.77,56.55096411872332,102.19530474723929,1340.97,5
Nixon Butler,48,66,1972,2,Male,8849 West Drive,,Shelton,CT,6484,41.3,-73.13,$32240,$65736,206000.0,733,3,65736.0,32240.0,792,72444.0,3,100.0,15832,803050.74,50.72326553815058,92.22749306850747,1190.08,5
Noor Fisher,71,71,1948,3,Female,557 Burns Boulevard,990.0,Weatherford,TX,76086,32.75,-97.77,$19120,$19581,21424.0,706,3,19581.0,19120.0,793,17273.0,3,100.0,8934,321085.91000000003,35.93977053951198,78.8017491277664,1035.29,2
Dean Evans,57,64,1962,6,Male,2288 Pine Lane,,Auburn,ME,4210,44.08,-70.24,$20800,$42411,111077.0,765,2,42411.0,20800.0,794,23879.0,2,100.0,15729,672636.3899999999,42.764091169177945,45.90190636882671,1234.46,2
Madalynn Gonzalez,87,64,1932,4,Female,115 Bayview Lane,35.0,Seattle,WA,98122,47.61,-122.3,$37485,$55902,3385.0,531,1,55902.0,37485.0,795,25021.0,1,13.528635945805522,5229,416347.14,79.62270797475617,133.63933756101676,973.03,2
Peyton Stewart,38,68,1981,10,Male,182 Valley Street,,Lancaster,PA,17601,40.04,-76.3,$25917,$52844,0.0,826,3,52844.0,25917.0,796,33752.0,3,0.0,8321,151572.57,18.215667588030286,35.95650410419971,1006.13,3
Ulises Ward,46,65,1973,9,Male,189 Forest Street,,Winder,GA,30680,33.99,-83.72,$18171,$37056,75730.0,753,4,37056.0,18171.0,797,49366.0,4,100.0,35343,1722284.08,48.73055711173358,61.20496327394149,1526.8,4
Paul Thompson,44,64,1976,1,Male,48 Fourth Avenue,,Citrus Heights,CA,95621,38.69,-121.31,$19726,$40220,106171.0,718,3,40220.0,19726.0,798,53880.0,3,100.0,13605,312925.74,23.00078941565601,65.07039204037619,1331.23,4
Canaan Long,81,71,1938,9,Male,84497 Valley Stream Drive,,North Hollywood,CA,91605,34.2,-118.39,$15239,$28644,879.0,806,7,28644.0,15239.0,799,87949.0,7,0.9994428589296069,15349,433967.94,28.273368949117206,73.3398905576787,2299.48,5
Abril Perry,52,66,1968,2,Female,401 Bayview Lane,,Los Angeles,CA,90018,34.02,-118.31,$14553,$29673,12950.0,788,3,29673.0,14553.0,800,21071.0,3,61.458877129704334,9057,376121.28,41.52824113945015,70.90106805180551,856.71,2
Rodney Jackson,61,62,1958,12,Male,649 Spruce Boulevard,,Rincon,GA,31326,32.29,-81.23,$23029,$46954,69753.0,578,4,46954.0,23029.0,801,45323.0,4,100.0,23040,595835.27,25.860905815972224,52.62929613583371,880.34,4
Cristian Adams,33,66,1986,7,Male,239 Sussex Drive,,Huntington,WV,25705,38.41,-82.43,$21842,$44534,107410.0,702,4,44534.0,21842.0,802,61131.0,4,100.0,14883,446636.44,30.00983941409662,60.72362895125108,616.78,4
Jerry Abe,51,65,1968,6,Male,691 Ocean View Street,1.0,Riverside,CA,92505,33.93,-117.49,$18619,$37963,102716.0,772,4,37963.0,18619.0,803,80948.0,4,100.0,22395,1016573.27,45.39286760437598,49.79272466273361,529.88,5
Henley Anwar,40,67,1979,5,Female,8799 Elm Avenue,,Mckinney,TX,75069,33.2,-96.65,$24684,$50329,76759.0,625,4,50329.0,24684.0,804,70677.0,4,100.0,7349,612923.21,83.4022601714519,93.14244998504914,1784.75,5
Kaiser Watson,44,66,1975,6,Male,9414 Summit Boulevard,,Philadelphia,PA,19145,39.95,-75.16,$18007,$36715,74022.0,547,4,36715.0,18007.0,805,39824.0,4,100.0,37324,981513.9400000001,26.297126245847178,74.68632971524144,1147.94,3
Elisha Rivera,60,66,1959,7,Male,1583 Grant Avenue,,Jacksonville,FL,32218,30.33,-81.65,$19382,$39521,61861.0,491,3,39521.0,19382.0,806,34668.0,3,100.0,34605,2609957.37,75.42139488513222,55.92239786961065,882.21,3
Paola Howard,78,67,1941,5,Female,245 Martin Luther King Drive,,Fort Mill,SC,29715,35.0,-80.94,$26707,$51014,23366.0,759,4,51014.0,26707.0,807,85353.0,4,27.37572200156995,18544,1060491.14,57.18783110440034,118.71848782595197,3093.52,5
Oscar Sanders,41,65,1978,10,Male,439 George Avenue,,Alpine,UT,84004,40.5,-111.7,$35834,$73067,6332.0,721,3,73067.0,35834.0,808,73174.0,3,8.6533468171755,60781,1521523.94,25.032887580000327,69.41097417860219,1098.34,5
Aspen Nguyen,63,65,1956,12,Female,560 Eighth Boulevard,4730.0,San Leandro,CA,94578,37.7,-122.12,$21669,$44183,89852.0,850,4,44183.0,21669.0,809,39433.0,4,100.0,11250,480732.93000000005,42.731816,85.39448801301151,1113.02,3
Zion Hill,21,65,1998,10,Male,979 Fifth Avenue,,Columbus,OH,43211,39.98,-82.98,$11243,$22922,9004.0,694,1,22922.0,11243.0,810,17882.0,1,50.3523095850576,26,891.3199999999999,34.28153846153846,31.925853725384925,148.66,2
Maggie Abe,28,68,1992,1,Female,441 Rose Lane,,Powell,OH,43065,40.16,-83.06,$41682,$84987,162718.0,600,2,84987.0,41682.0,811,38491.0,2,100.0,9067,792464.76,87.40098819896328,134.03540861596358,2163.78,3
Veda Brown,63,69,1956,3,Female,292 First Avenue,3.0,Rosebush,MI,48878,43.69,-84.76,$16542,$33728,107287.0,730,3,33728.0,16542.0,812,6467.0,3,100.0,20588,507379.45999999996,24.644426850592577,79.06837228611181,1511.47,1
Emilee Fu,81,65,1939,1,Female,374 Lexington Street,,Warren,OH,44485,41.23,-80.81,$12406,$11613,427.0,790,8,11613.0,12406.0,813,68538.0,8,0.6230120517085412,22785,978603.5800000001,42.94946587667325,56.159260272200996,1803.83,5
Chad Gray,47,66,1972,8,Male,801 12th Drive,,Barnhart,MO,63012,38.33,-90.4,$23836,$48600,23992.0,791,5,48600.0,23836.0,814,150488.0,5,15.942799425867843,19885,975982.56,49.081345737993466,96.00376409527941,2093.73,5
Ray El-Mafouk,58,63,1961,7,Male,9212 Plum Avenue,,Cordova,TN,38018,35.15,-89.75,$29571,$60292,114223.0,531,1,60292.0,29571.0,815,7200.0,1,100.0,18214,1105141.31,60.67537663335896,112.42994278794535,1906.77,1
Opal Fisher,42,61,1977,3,Female,215 Main Drive,,Oxford,MI,48371,42.82,-83.25,$28463,$58034,129546.0,676,2,58034.0,28463.0,816,27900.0,2,100.0,12052,490537.12,40.70171921672751,99.52211751219093,2809.44,2
Edison Hill,68,67,1951,7,Male,5828 Wessex Drive,,Orlando,FL,32818,28.5,-81.37,$15849,$43004,15304.0,761,6,43004.0,15849.0,817,40020.0,6,38.240879560219895,16860,510481.37,30.277661328588376,75.3090046924212,1343.48,3
Danielle Macron,51,70,1968,7,Female,2699 Littlewood Avenue,5.0,Okmulgee,OK,74447,35.63,-95.95,$14293,$29144,35268.0,645,1,29144.0,14293.0,818,12200.0,1,100.0,5717,163198.90999999997,28.546249781353854,63.22075473734981,691.83,1
Armando Nguyen,46,63,1973,8,Male,7677 Little Creek Drive,296.0,San Antonio,TX,78210,29.45,-98.5,$12677,$25850,56285.0,630,1,25850.0,12677.0,819,3700.0,1,100.0,21566,989702.0,45.89177408884355,52.15454754467078,1003.12,1
Ariella Fisher,28,59,1992,2,Female,4633 Sixth Avenue,,Wyoming,MI,49519,42.89,-85.72,$18431,$37583,51633.0,782,2,37583.0,18431.0,820,29810.0,2,100.0,5786,285771.87,49.39022986519184,91.87137917552589,1025.78,3
Jayden Howard,20,60,1999,11,Female,88 George Street,,Kent,OH,44240,41.14,-81.36,$20305,$41403,206131.0,776,1,41403.0,20305.0,821,2070.0,1,100.0,79,1062.49,13.449240506329113,31.375138580445455,97.0,1
Alvaro Cook,61,69,1958,7,Male,386 11th Lane,,Mamaroneck,NY,10543,40.93,-73.72,$49546,$101018,78115.0,748,6,101018.0,49546.0,822,169770.0,6,46.0122518701773,16084,1326280.06,82.45959089778663,133.00798680356823,1826.62,5
Simeon Wilson,30,69,1989,4,Male,989 Hill Lane,,Thomson,GA,30824,33.46,-82.5,$15755,$32125,58712.0,733,2,32125.0,15755.0,823,16880.0,2,100.0,11470,347998.71,30.339904969485616,50.689609805821846,735.94,2
Avah White,80,67,1939,12,Female,80471 Eighth Street,,Tampa,FL,33610,27.95,-82.48,$13254,$13596,352.0,684,4,13596.0,13254.0,824,44539.0,4,0.7903185971844899,11940,491448.41000000003,41.15983333333334,53.7597659213993,631.69,4
Judah Collins,51,62,1968,11,Male,2003 Ninth Avenue,,Morrisville,PA,19067,40.2,-74.78,$39495,$80526,117380.0,632,1,80526.0,39495.0,825,21000.0,1,100.0,11367,1052042.53,92.55234714524501,117.30524475154382,3077.02,2
Ben Cook,36,59,1983,8,Male,99 Mill Lane,,Loganville,GA,30052,33.83,-83.89,$21556,$43953,76915.0,607,1,43953.0,21556.0,826,20362.0,1,100.0,98,8240.43,84.08602040816326,53.23990345480667,258.9,2
Alyson Carter,56,68,1963,12,Female,407 Seventh Lane,,Birmingham,AL,35212,33.52,-86.79,$15471,$31533,42315.0,753,3,31533.0,15471.0,827,29982.0,3,100.0,13457,695666.93,51.69554358326522,73.88894845077866,1212.41,3
Belle Parker,23,65,1996,9,Female,871 Second Street,10.0,El Cajon,CA,92020,32.79,-116.96,$20947,$42711,48493.0,717,1,42711.0,20947.0,828,21686.0,1,100.0,53,2371.04,44.7366037735849,51.23021911655071,203.45,2
Genesis Ortiz,74,67,1945,11,Female,951 11th Avenue,,North Myrtle Beach,SC,29598,33.82,-78.67,$13409,$23137,4871.0,642,5,23137.0,13409.0,829,56963.0,5,8.55116479118024,10447,354171.78,33.90176892887911,65.12327662496567,591.92,4
Tristian White,18,64,2002,1,Male,631 Elm Drive,3.0,Sylmar,CA,91342,34.32,-118.38,$19508,$39778,60850.0,702,1,39778.0,19508.0,830,11029.0,1,100.0,71,3530.8999999999996,49.73098591549295,88.78292349693028,504.39,1
Melvin Barnes,42,72,1977,8,Male,78 Lexington Street,8298.0,Lake Hopatcong,NJ,7849,40.96,-74.61,$34205,$69747,80763.0,741,4,69747.0,34205.0,831,93083.0,4,86.76450049955416,29821,1240874.52,41.610761543878475,70.60493457636767,1120.28,5
Charlie Martin,54,63,1965,10,Male,600 Grant Lane,,Cape Coral,FL,33909,26.63,-81.99,$17140,$34947,49024.0,751,3,34947.0,17140.0,832,33218.0,3,100.0,29254,1108261.5,37.88410131947768,59.815953799499525,1974.54,3
Elijah Reyes,63,60,1956,4,Male,3283 Park Lane,,Mokena,IL,60448,41.53,-87.87,$32083,$77961,39811.0,616,3,77961.0,32083.0,833,56017.0,3,71.06949675991217,9221,579225.78,62.81593970285219,114.921398038584,1248.97,4
Melina Nguyen,22,66,1997,4,Female,37 Norfolk Boulevard,,Little Silver,NJ,7739,40.33,-74.03,$56252,$114692,91575.0,805,2,114692.0,56252.0,834,52600.0,2,100.0,154,7977.61,51.80266233766233,122.68729127466527,1090.82,4
Ahmed Anderson,47,62,1972,9,Male,523 Federal Drive,7.0,Bronx,NY,10456,40.84,-73.87,$12475,$25434,45540.0,712,4,25434.0,12475.0,835,23127.0,4,100.0,20424,594495.82,29.10770759890325,46.3416274210818,1072.39,2
Gia Davis,56,64,1964,2,Female,532 Sixth Drive,11.0,Columbus,OH,43228,39.98,-82.98,$18420,$37558,72514.0,778,3,37558.0,18420.0,836,26552.0,3,100.0,17309,612836.72,35.405668727251715,57.180825926392366,938.78,2
Jessica Evans,30,66,1989,12,Female,714 North Drive,9.0,Columbus,OH,43206,39.98,-82.98,$23104,$47110,57159.0,804,2,47110.0,23104.0,837,31908.0,2,100.0,3171,150994.27000000002,47.617240618101555,80.2655821610069,1245.42,3
Apollo Roberts,52,68,1968,2,Male,531 Pine Avenue,,Eaton,IN,47338,40.34,-85.35,$15048,$30681,81680.0,746,4,30681.0,15048.0,838,33415.0,4,100.0,30629,743719.91,24.28156028600346,74.49262492592558,1651.06,3
Esperanza Peres,20,66,1999,8,Female,5342 Valley Stream Avenue,83.0,The Colony,TX,75056,33.09,-96.88,$31905,$65051,220951.0,703,2,65051.0,31905.0,839,69412.0,2,100.0,488,22455.11,46.014569672131145,35.66991605961617,327.12,5
Lillian Rodriguez,49,67,1970,5,Female,7499 Lake Boulevard,5382.0,Eight Mile,AL,36613,30.76,-88.12,$15207,$31008,60527.0,713,4,31008.0,15207.0,840,46444.0,4,100.0,12059,487514.37000000005,40.427429305912604,80.52576926048987,1622.88,4
Elliot Harris,62,68,1957,11,Male,878 Forest Street,,Columbus,OH,43228,39.98,-82.98,$18420,$37556,0.0,735,6,37556.0,18420.0,841,106485.0,6,0.0,37729,1388447.31,36.800533011741635,55.00939943343523,1765.96,5
Kamryn Adams,76,68,1944,2,Male,359 Valley Street,,Indianapolis,IN,46221,39.77,-86.14,$17909,$21547,16040.0,785,5,21547.0,17909.0,842,40675.0,5,39.434542102028274,8375,365550.43,43.647812537313435,70.75726014567316,706.73,3
Lukas Ortiz,20,68,1999,4,Male,176 River Boulevard,,Osceola,AR,72370,35.7,-89.99,$14249,$29051,5819.0,774,2,29051.0,14249.0,843,22269.0,2,26.13049530737797,73,2718.5899999999997,37.24095890410958,38.54701211399036,131.58,2
Kennedy Farhad,19,69,2000,5,Female,700 Madison Lane,1.0,Aurora,IL,60505,41.76,-88.29,$14200,$28953,3619.0,738,2,28953.0,14200.0,844,13800.0,2,26.224637681159418,119,5122.030000000002,43.04226890756304,31.434310709955778,131.03,1
Autumn Mitchell,39,65,1980,7,Female,3 Main Street,,Fort Lauderdale,FL,33326,26.11,-80.39,$28826,$58774,94053.0,528,2,58774.0,28826.0,845,8994.0,2,100.0,17127,855338.27,49.94092777485841,79.6333295077615,3262.43,1
Grant Carter,46,61,1973,7,Male,671 Essex Street,2.0,Twin Falls,ID,83301,42.41,-114.59,$16378,$33395,57774.0,588,2,33395.0,16378.0,846,18386.0,2,100.0,10385,435294.06,41.91565334617236,85.11172950976659,1226.85,2
Tatum Baker,87,65,1933,1,Female,7736 Eighth Boulevard,631.0,Venice,FL,34293,27.09,-82.43,$14395,$22894,1501.0,767,5,22894.0,14395.0,847,44696.0,5,3.3582423483085733,10531,440811.77,41.85849112145095,43.361081939900416,673.1,4
Legacy Peres,45,67,1974,6,Female,95 12th Drive,,Yonkers,NY,10710,40.94,-73.86,$31299,$63815,4832.0,699,6,63815.0,31299.0,848,109281.0,6,4.421628645418691,29097,1772859.46,60.929286868062,86.72261483664836,1290.78,5
Journey Ramirez,57,67,1963,2,Female,339 Little Creek Lane,,Chula Vista,CA,91913,32.64,-116.98,$26957,$54963,105623.0,675,4,54963.0,26957.0,849,34257.0,4,100.0,41900,1314091.52,31.362566109785202,58.697083606769944,1512.29,3
Lamar Sanders,28,69,1991,9,Male,18 Lake Avenue,,New York,NY,10039,40.71,-73.99,$17624,$35940,54354.0,595,3,35940.0,17624.0,850,29041.0,3,100.0,10932,561601.57,51.372262166117814,68.64823259951693,1474.83,3
Blaze Bennett,62,67,1957,5,Male,75540 Valley Street,,Palmdale,CA,93552,34.5,-118.01,$18103,$36911,93367.0,724,4,36911.0,18103.0,851,17938.0,4,100.0,34225,806275.69,23.558091745799853,50.3391254854854,1109.69,2
Erin Burns,34,64,1985,12,Female,232 Jefferson Boulevard,49.0,Jasper,IN,47546,38.39,-86.93,$21991,$44838,109951.0,561,1,44838.0,21991.0,852,10824.0,1,100.0,4297,320156.23,74.50691878054457,85.43524265082783,1142.56,1
Zoe Gray,59,72,1960,3,Female,963 11th Drive,,Sunnyvale,CA,94087,37.35,-122.03,$45509,$92785,122254.0,786,6,92785.0,45509.0,853,215631.0,6,56.69592962050911,13208,850573.8300000001,64.39838204118716,144.5324571196139,1931.79,5
Avi Martin,67,70,1953,1,Male,127 Grant Street,,Butler,OH,44822,40.58,-82.42,$17161,$34985,29409.0,723,6,34985.0,17161.0,854,72642.0,6,40.4848434789791,27218,966515.6400000001,35.51016386215005,56.218961196740416,994.45,5
Sebastian Howard,39,68,1980,11,Male,2773 El Camino Lane,50.0,Muncie,IN,47304,40.19,-85.39,$20644,$42086,79530.0,784,4,42086.0,20644.0,855,53270.0,4,100.0,11847,346978.31000000006,29.288284797839122,69.76705003047049,948.66,4
Magdalena Farhad,45,61,1974,11,Female,535 Hill Boulevard,,Sarasota,FL,34232,27.33,-82.54,$19065,$38872,94970.0,663,4,38872.0,19065.0,856,44802.0,4,100.0,16687,1029108.3999999999,61.67126505663091,74.02229327754684,874.66,4
Paisleigh Perez,50,66,1970,2,Female,2516 Essex Drive,2.0,Beaverton,OR,97008,45.45,-122.79,$23687,$48295,109558.0,707,3,48295.0,23687.0,857,40370.0,3,100.0,7273,342623.47,47.10896053897979,94.31402604843765,1099.15,3
Paislee Collins,28,64,1991,6,Female,5367 Pine Avenue,,Gadsden,AL,35902,34.01,-86.01,$19474,$39708,113715.0,717,3,39708.0,19474.0,858,7634.0,3,100.0,2473,124825.66,50.475398301657904,67.43708466927475,1018.39,1
Jazmine Ortiz,56,72,1963,6,Female,3248 Hill Drive,,Queensbury,NY,12804,43.34,-73.67,$22273,$45416,82611.0,713,1,45416.0,22273.0,859,20022.0,1,100.0,14097,834552.96,59.20074909555224,86.90562864409591,2150.92,2
Analia Nelson,36,67,1983,7,Female,2062 Fourth Street,2.0,Fontana,CA,92335,34.08,-117.46,$13739,$28007,0.0,691,4,28007.0,13739.0,860,26984.0,4,0.0,19666,423385.88,21.528825383911318,38.59939683656951,954.23,2
Addilynn Bennett,48,64,1971,11,Female,55378 Burns Avenue,,Rockford,IL,61109,42.27,-89.06,$18906,$38554,47186.0,708,1,38554.0,18906.0,861,8165.0,1,100.0,15702,650922.01,41.45471978091963,60.338963060443724,1897.1,1
Bexley Howard,27,67,1992,8,Female,9354 Lafayette Street,,Elkton,VA,22827,38.41,-78.61,$18335,$37384,120327.0,706,2,37384.0,18335.0,862,30599.0,2,100.0,11603,499774.86,43.07290011203999,52.696586658725685,826.14,3
Jenna Thompson,29,71,1990,11,Female,6595 Ocean Drive,,North Brunswick,NJ,8902,40.45,-74.48,$31234,$63684,96864.0,709,5,63684.0,31234.0,863,65380.0,5,100.0,10278,609544.3199999998,59.305732632807924,78.81947773566377,879.39,4
Lucia Gonzalez,92,61,1927,12,Female,34 Bayview Drive,,Rialto,CA,92376,34.1,-117.38,$14632,$26546,2480.0,689,6,26546.0,14632.0,864,50197.0,6,4.94053429487818,6961,200688.38999999998,28.8303964947565,72.54647848476843,548.07,4
Melody Clark,35,62,1984,11,Female,800 Ninth Boulevard,,Lebanon,MO,65536,37.67,-92.66,$13963,$28472,42750.0,508,1,28472.0,13963.0,865,47.0,1,100.0,18287,130137.15999999999,7.116375567342921,16.27330007374777,210.05,1
Cayson Wood,49,65,1970,4,Male,6829 Main Boulevard,,Pana,IL,62557,39.38,-89.07,$15676,$31957,12347.0,771,6,31957.0,15676.0,866,48264.0,6,25.58221448698823,13861,541736.97,39.08354159151576,72.05900981042684,990.02,4
Dominik Gutierrez,61,68,1958,8,Male,8823 South Drive,,North Highlands,CA,95660,38.66,-121.37,$14318,$29195,64881.0,743,3,29195.0,14318.0,867,24770.0,3,100.0,14555,354270.20999999996,24.340103744417725,51.45134172844662,1211.03,2
Thaddeus Phillips,36,67,1983,10,Male,151 Lafayette Drive,1.0,Eureka,CA,95503,40.71,-124.11,$17839,$36372,79220.0,684,2,36372.0,17839.0,868,14541.0,2,100.0,8541,448338.49999999994,52.492506732232755,81.19785713248383,1111.06,1
Aspen Stewart,48,70,1971,7,Female,9243 Oak Street,,Atlanta,GA,30307,33.76,-84.33,$45818,$93417,115916.0,714,3,93417.0,45818.0,869,155997.0,3,74.30655717738162,6545,803546.8200000001,122.77262337662339,266.3746178346639,2244.36,5
Elsie Sanders,40,61,1980,2,Female,466 Pine Drive,,Silver City,NM,88061,32.78,-108.26,$14642,$29854,66044.0,674,3,29854.0,14642.0,870,16100.0,3,100.0,10690,193550.36,18.105739943872777,43.675584039564995,926.06,2
Wynter Myers,43,69,1976,11,Female,480 First Lane,,Los Angeles,CA,90044,33.95,-118.29,$12362,$25207,34107.0,685,1,25207.0,12362.0,871,4200.0,1,100.0,1039,34428.18,33.13588065447546,48.966403506359775,433.0,1
Fletcher Xi,25,66,1995,1,Male,3357 Hill Lane,1.0,Freeland,PA,18224,41.01,-75.89,$16168,$32966,73741.0,707,1,32966.0,16168.0,872,21794.0,1,100.0,127,4387.880000000001,34.55023622047245,58.41561007080384,250.64,2
Valentin Peterson,66,67,1953,7,Male,23 El Camino Street,,Clearwater,FL,33761,27.97,-82.76,$23528,$47972,0.0,748,5,47972.0,23528.0,873,64373.0,5,0.0,11729,468490.85000000003,39.94294910052008,88.9395717171496,1523.41,4
Leonidas Labelle,50,66,1970,2,Male,421 Essex Street,,Pinehurst,NC,28374,35.18,-79.46,$24206,$49350,20942.0,713,6,49350.0,24206.0,874,90546.0,6,23.128575530669494,15020,928509.9500000001,61.81823901464714,116.62730522259136,1645.31,5
Courtney Torres,39,63,1980,12,Female,31 Lincoln Avenue,529.0,Miami,FL,33126,25.77,-80.29,$14901,$30383,58466.0,609,2,30383.0,14901.0,875,20170.0,2,100.0,23639,572152.0399999999,24.20373281441685,50.926819632277,868.91,2
Kaya Macron,44,65,1975,3,Female,45682 Washington Lane,35.0,Ashland,KY,41102,38.45,-82.64,$18916,$38568,66300.0,756,4,38568.0,18916.0,876,41729.0,4,100.0,33957,1504662.5499999998,44.310821038372055,59.76791248056881,1161.22,3
Riley Neufelder,35,69,1984,5,Female,350 Third Avenue,,Alexandria,MN,56308,45.87,-95.37,$20179,$41141,81016.0,706,3,41141.0,20179.0,877,50712.0,3,100.0,3201,95272.51000000001,29.763358325523278,71.85237770599522,1083.09,4
Decker Wood,24,66,1996,2,Male,5573 Sixth Lane,,Fort Dodge,IA,50501,42.5,-94.17,$18895,$38526,60556.0,778,1,38526.0,18895.0,878,1926.0,1,100.0,35,2002.4500000000003,57.21285714285715,141.7481830888128,431.0,1
Marie Cook,35,66,1984,12,Female,834 Tenth Lane,,Fort Wayne,IN,46809,41.07,-85.13,$16764,$34181,50668.0,764,2,34181.0,16764.0,879,16700.0,2,100.0,16518,523996.76,31.722772732776367,69.73799586191672,1351.61,2
Emiliano Wood,83,63,1936,3,Male,588 Lincoln Street,,Durham,NC,27713,35.98,-78.91,$30325,$41763,2279.0,714,5,41763.0,30325.0,880,123193.0,5,1.8499427727224762,22473,887658.8599999999,39.4989035731767,94.31910975966692,1369.39,5
Cole Baker,50,68,1969,11,Male,749 Oak Street,,Walnut Creek,CA,94598,37.91,-122.01,$42234,$86113,177353.0,713,6,86113.0,42234.0,881,138799.0,6,100.0,16043,931873.46,58.08598516486941,165.23528806420504,1946.8,5
Declan Foster,52,73,1968,2,Male,29 Martin Luther King Lane,,Sherwood,AR,72120,34.83,-92.2,$22377,$45625,81136.0,662,1,45625.0,22377.0,882,5900.0,1,100.0,2676,106576.79000000001,39.82690209267564,84.65365917558157,934.34,1
Princess Chen,62,66,1957,9,Female,314 Fourth Street,5.0,Kirkland,WA,98033,47.67,-122.18,$49629,$101193,124771.0,747,3,101193.0,49629.0,883,76259.0,3,100.0,13809,758859.9199999999,54.95400970381635,134.53156725860518,2013.85,5
Kannon Harris,64,66,1956,2,Male,690 Jefferson Lane,,Rochelle,IL,61068,41.91,-89.06,$18590,$37898,36994.0,716,5,37898.0,18590.0,884,75670.0,5,48.888595216069774,32079,1368643.9700000002,42.66479534898221,56.42702100135723,2060.21,5
Adele Anwar,82,67,1937,9,Female,7336 First Avenue,,Greensburg,PA,15601,40.31,-79.54,$23074,$52315,3174.0,695,4,52315.0,23074.0,885,51574.0,4,6.154263776321402,13424,526171.2,39.19630512514898,75.61790974944964,1109.33,4
Kailey Wright,28,67,1991,10,Female,207 Washington Lane,,Medford,NJ,8055,39.86,-74.82,$39269,$80060,0.0,689,2,80060.0,39269.0,886,78717.0,2,0.0,177,8261.2,46.67344632768362,84.36314223847292,457.47,5
Camila Braun,89,72,1930,10,Female,711 South Boulevard,,Glenview,IL,60025,42.07,-87.81,$38274,$50341,3270.0,735,5,50341.0,38274.0,887,47972.0,5,6.816476277828734,11315,495264.08,43.770577110030935,73.84396185164432,1208.61,4
Naya Howard,47,66,1972,7,Female,69590 Rose Drive,57.0,Williamstown,NJ,8094,39.68,-74.98,$24911,$50790,3547.0,726,4,50790.0,24911.0,888,38149.0,4,9.297753545309183,14583,759791.99,52.10121305629843,90.49172749783342,3228.77,3
Alivia Xi,33,65,1986,11,Female,2043 Mill Street,,Grand Prairie,TX,75050,32.69,-97.01,$18334,$37384,49182.0,713,3,37384.0,18334.0,889,19224.0,3,100.0,9515,497802.3,52.317635312664216,74.00095757386615,2110.55,2
Kane Martin,58,65,1961,6,Male,55 Fourth Drive,,Honesdale,PA,18431,41.57,-75.25,$17302,$35274,35234.0,708,3,35274.0,17302.0,890,30184.0,3,100.0,7189,359869.29000000004,50.05832382807067,67.74262514573914,1455.33,3
Timothy Anderson,30,68,1989,7,Male,498 Mountain View Avenue,,Mackinaw,IL,61755,40.53,-89.35,$23199,$47300,93788.0,784,1,47300.0,23199.0,891,22900.0,1,100.0,70,5035.500000000001,71.9357142857143,61.74110484391202,252.89,2
River Wilson,35,68,1984,9,Male,600 River Lane,8.0,Compton,CA,90221,33.87,-118.21,$12849,$26201,42551.0,655,1,26201.0,12849.0,892,7800.0,1,100.0,9390,311046.5,33.12529286474973,58.1056137682858,977.69,1
Kelly Reed,62,62,1958,2,Female,1563 Summit Boulevard,,Glendale,CA,91205,34.13,-118.24,$16842,$20783,23623.0,699,3,20783.0,16842.0,893,38389.0,3,61.535856625595876,13336,368430.66000000003,27.62677414517097,54.65561559632767,1109.02,3
Trent Peres,33,69,1986,10,Male,514 Sixth Boulevard,,San Antonio,TX,78240,29.45,-98.5,$21563,$43968,71218.0,644,1,43968.0,21563.0,894,96.0,1,100.0,10878,193508.34000000003,17.78896304467733,28.6206266708744,446.0,1
Kairo Morris,27,66,1992,7,Male,5222 Valley Stream Avenue,,Harlem,GA,30814,33.41,-82.31,$16568,$33778,10058.0,757,1,33778.0,16568.0,895,95.0,1,100.0,7979,255640.77000000002,32.03919914776288,42.625381999733506,480.0,1
Sloan Nelson,48,63,1971,3,Female,7554 Sixth Street,,Louisville,OH,44641,40.83,-81.26,$18936,$38611,93255.0,755,5,38611.0,18936.0,896,57841.0,5,100.0,29906,615232.26,20.572201564903363,39.519799258511625,944.34,4
Paula Gutierrez,68,65,1951,3,Female,7276 Valley Drive,,Sioux Falls,SD,57107,43.54,-96.73,$20153,$39082,16870.0,722,4,39082.0,20153.0,897,31295.0,4,53.906374820258826,22412,1010107.07,45.06992102445118,62.493325852805526,2208.45,3
Janiyah Morales,29,65,1990,6,Female,5544 Grant Avenue,,Ypsilanti,MI,48197,42.24,-83.62,$23487,$47891,114299.0,629,1,47891.0,23487.0,898,22172.0,1,100.0,4433,157350.77000000002,35.49532370854952,74.34682926272826,1337.29,2
Presley Nguyen,47,65,1972,5,Female,4191 Maple Avenue,,Bronx,NY,10463,40.84,-73.87,$25537,$52063,87549.0,753,2,52063.0,25537.0,899,30449.0,2,100.0,47375,2372364.88,50.07630353562005,70.15017592945517,1630.02,3
Chance Ramirez,23,68,1997,1,Male,28 Madison Lane,,Cambria Heights,NY,11411,40.69,-73.73,$24200,$49342,56137.0,703,1,49342.0,24200.0,900,11100.0,1,100.0,60,3336.42,55.607,59.769691686784974,343.01,1
Aisha Kelly,49,68,1970,12,Female,7406 Mill Avenue,,Somerset,CA,95684,38.62,-120.62,$19471,$39700,59062.0,701,3,39700.0,19471.0,901,31772.0,3,100.0,36321,1114007.7999999998,30.67117645439277,70.15113894020007,1561.2,3
Kieran Rogers,23,65,1996,12,Male,1430 Elm Avenue,9089.0,Fremont,CA,94536,37.56,-121.98,$33727,$68767,119831.0,723,3,68767.0,33727.0,902,52567.0,3,100.0,124,7446.45,60.05201612903225,109.60822613039292,1021.18,4
Darius Thomas,65,67,1955,1,Male,54 George Avenue,,Carson City,NV,89701,39.14,-119.71,$19392,$39543,53182.0,776,3,39543.0,19392.0,903,33280.0,3,100.0,14795,461370.54000000004,31.184220344711054,61.426078453420004,2560.96,3
Natasha Roman,41,68,1978,4,Female,40 River Boulevard,47.0,Tucson,AZ,85745,32.25,-111.08,$22662,$46209,56034.0,710,4,46209.0,22662.0,904,67065.0,4,83.55177812569895,23465,772102.14,32.90441679096527,58.08728727789462,1250.47,5
Braydon Flores,36,71,1984,2,Male,271 Sixth Drive,,Lansdale,PA,19446,40.24,-75.28,$31595,$64419,183210.0,711,1,64419.0,31595.0,905,25124.0,1,100.0,3573,292351.55000000005,81.82243212986288,73.82310278480604,694.86,2
Callie Fisher,50,65,1969,11,Female,687 Fifth Boulevard,,Vero Beach,FL,32960,27.64,-80.39,$16234,$33098,59605.0,775,3,33098.0,16234.0,906,33597.0,3,100.0,41989,1992063.8600000003,47.442517325966335,54.61151582003046,904.97,3
Kinslee Schmidt,57,66,1962,12,Female,545 Eighth Avenue,4.0,Houston,TX,77086,29.76,-95.38,$14959,$30495,70825.0,773,4,30495.0,14959.0,907,47963.0,4,100.0,32302,1031645.83,31.937521825273976,48.50774936590716,999.94,4
Kylan Murphy,45,61,1975,1,Male,2270 Sixth Lane,10.0,Humble,TX,77346,29.99,-95.26,$32943,$67170,114251.0,489,3,67170.0,32943.0,908,49146.0,3,100.0,6145,419659.94000000006,68.29291131000815,157.69186284622162,1762.3,4
Aubree Wright,39,65,1980,10,Female,675 Fifth Avenue,,Baton Rouge,LA,70815,30.44,-91.12,$17412,$35501,78801.0,693,4,35501.0,17412.0,909,34262.0,4,100.0,10967,422133.42999999993,38.49124008388802,91.44401862781572,1225.48,3
Karlee Williams,46,65,1973,6,Female,9846 Second Lane,293.0,Colmar,PA,18915,40.27,-75.26,$26545,$54124,0.0,727,2,54124.0,26545.0,910,37369.0,2,0.0,24078,1861766.41,77.32230293213722,72.76131576263145,2926.83,3
Chase Ward,65,65,1954,12,Male,696 George Lane,8.0,Hartsdale,NY,10530,41.02,-73.8,$44664,$40957,64144.0,608,4,40957.0,44664.0,911,124806.0,4,51.394964985657744,19662,1021321.6200000001,51.94393347574001,120.1394649863103,1839.16,5
Riya Lopez,42,67,1977,5,Female,939 Main Lane,,Laurel,MD,20723,39.09,-76.85,$35553,$72478,63078.0,728,2,72478.0,35553.0,912,59313.0,2,100.0,21445,629838.01,29.369923525297274,71.08321138162816,1275.58,4
Whitney Mitchell,70,67,1950,1,Female,867 Valley Stream Boulevard,645.0,Sanford,FL,32773,28.78,-81.27,$17736,$26574,5244.0,689,3,26574.0,17736.0,913,14093.0,3,37.20996239267721,13347,419295.53,31.414964411478238,76.35046662252329,977.5,1
Addison Long,78,63,1941,8,Female,3553 Mountain View Drive,,Brandon,MS,39042,32.28,-90.0,$22304,$23821,22427.0,613,8,23821.0,22304.0,914,83522.0,8,26.85160795957951,18450,788605.6900000001,42.74285582655827,84.6090498038885,858.92,5
Brooklyn Morris,55,70,1964,9,Female,1392 Plum Avenue,6.0,Brooklyn,NY,11214,40.64,-73.94,$18719,$38165,45891.0,719,1,38165.0,18719.0,915,8923.0,1,100.0,12909,422542.42,32.73238980556201,56.62601041463805,1052.98,1
Ailani Carter,68,72,1951,7,Female,267 Birch Boulevard,,Iron Mountain,MI,49801,45.82,-88.06,$19243,$39238,85457.0,702,4,39238.0,19243.0,916,77567.0,4,100.0,8856,350601.14,39.58910794941283,81.85266143066355,1000.75,5
Emelia Green,19,65,2001,2,Female,939 Lake Drive,,North Dartmouth,MA,2747,41.64,-71.0,$25308,$51601,79143.0,745,1,51601.0,25308.0,917,12900.0,1,100.0,56,2601.3900000000003,46.453392857142866,63.06112950590045,275.23,1
Galilea Fox,44,66,1975,4,Female,5810 Sixth Drive,,Lucama,NC,27851,35.64,-78.0,$15938,$32491,24515.0,682,3,32491.0,15938.0,918,42244.0,3,58.03190985702111,9861,468439.84,47.504293682182336,79.37672281504224,1306.62,3
Joy Campbell,19,62,2000,10,Female,2481 Hillside Street,,Hyde Park,MA,2136,42.26,-71.11,$23691,$48308,106571.0,703,4,48308.0,23691.0,919,81667.0,4,100.0,225,8235.91,36.60404444444444,48.94726935157673,256.72,5
Jazmin Sanchez,49,61,1970,6,Female,620 12th Avenue,6.0,Miami,FL,33155,25.77,-80.2,$20499,$41800,67836.0,699,6,41800.0,20499.0,920,74140.0,6,91.4971675209064,18624,630888.76,33.87504080756014,67.12236458242037,2420.11,5
Danica Morales,27,74,1993,2,Female,31919 Summit Boulevard,,Ankeny,IA,50021,41.72,-93.6,$29680,$60510,23196.0,790,3,60510.0,29680.0,921,79413.0,3,29.209323410524725,12545,602934.47,48.06173535273017,75.2593818921182,1227.97,5
Mina Taylor,24,65,1995,7,Female,7454 12th Lane,,Pleasant Prairie,WI,53158,42.52,-87.88,$30288,$61760,163824.0,590,2,61760.0,30288.0,922,12371.0,2,100.0,76,4543.130000000001,59.77802631578949,143.53809214776527,1038.51,1
Alana Lonsdale,85,69,1934,8,Female,726 Oak Avenue,,Silver City,NM,88062,32.78,-108.26,$16654,$25066,424.0,695,7,25066.0,16654.0,923,58502.0,7,0.724761546613791,21611,638879.72,29.56270973115543,67.0155542423022,1320.31,4
Victoria Labelle,78,66,1942,2,Female,3601 Catherine Boulevard,8.0,Knoxville,TN,37931,35.97,-83.94,$24801,$44469,12777.0,733,5,44469.0,24801.0,924,67991.0,5,18.792193084378813,21825,1712371.1199999999,78.4591578465063,83.5813192561115,949.95,5
Mercy Russell,21,55,1998,8,Female,729 Wessex Avenue,,Griffith,IN,46319,41.52,-87.42,$21992,$44842,54189.0,500,4,44842.0,21992.0,925,48789.0,4,100.0,166,9809.470000000001,59.09319277108435,66.49493260010838,467.0,4
Leroy Gutierrez,18,50,2002,1,Male,66 Birch Lane,,Okatie,SC,29909,32.3,-80.92,$14305,$29169,37230.0,754,1,29169.0,14305.0,926,68.0,1,100.0,112,1510.2000000000003,13.483928571428574,26.11020050249734,80.0,1
Bonnie Braun,21,68,1998,7,Female,5995 Valley Stream Avenue,18.0,Portland,OR,97210,45.55,-122.73,$42850,$87372,40547.0,792,3,87372.0,42850.0,927,90332.0,3,44.88664039321614,86,6307.8,73.34651162790698,140.59609619251682,1224.51,5
Joshua Ortiz,46,70,1973,4,Male,574 Norfolk Street,,Chesterfield,VA,23832,37.37,-77.5,$26918,$54881,3584.0,700,4,54881.0,26918.0,928,66536.0,4,5.38655765299988,19989,1260859.38,63.07766171394266,78.89926852849341,852.69,5
Arely Gonzalez,49,73,1970,3,Female,732 Lincoln Drive,4.0,Tampa,FL,33607,27.95,-82.48,$15447,$31497,30805.0,702,3,31497.0,15447.0,929,28789.0,3,100.0,10403,639314.6599999999,61.454836104969715,110.32554646580948,2684.86,3
Julio Rodriguez,24,69,1995,7,Male,7043 Ocean Avenue,,Oxnard,CA,93033,34.14,-119.1,$14076,$28703,94364.0,560,1,28703.0,14076.0,930,5836.0,1,100.0,52,1264.96,24.326153846153847,51.091022964066724,169.5,1
Suzette Reed,35,66,1984,4,Female,334 Birch Drive,,Thompsons Station,TN,37179,35.82,-87.01,$27637,$56350,120125.0,808,4,56350.0,27637.0,931,33741.0,4,100.0,16211,995124.92,61.3857824933687,99.0182787411632,1474.12,3
Zechariah Cook,31,66,1988,12,Male,3487 Bayview Drive,,Upper Marlboro,MD,20774,38.81,-76.75,$33295,$67886,7137.0,803,4,67886.0,33295.0,932,68193.0,4,10.465883595090405,20952,1660171.25,79.23688669339442,121.75678760086191,1367.3,5
Koa Ross,54,70,1965,4,Male,377 Lake Lane,,Philadelphia,PA,19145,39.95,-75.16,$18007,$36711,47490.0,687,4,36711.0,18007.0,933,44603.0,4,100.0,13057,515324.83999999997,39.46732327487172,60.0285816915028,1333.23,4
Ivy Macron,61,66,1959,1,Female,96 Lake Lane,613.0,Maywood,IL,60153,41.88,-87.84,$15451,$31505,59730.0,655,4,31505.0,15451.0,934,28266.0,4,100.0,23067,893202.8099999999,38.72210560541033,58.613889507794326,1245.15,3
Chase Bell,46,62,1973,11,Male,298 Federal Avenue,1.0,Phoenix,AZ,85023,33.63,-112.09,$24064,$49068,123937.0,530,2,49068.0,24064.0,935,14451.0,2,100.0,4733,404671.03,85.4999006972322,152.29186410080473,1519.38,1
Jaycee Taylor,41,68,1978,11,Female,37 Sixth Lane,,Albuquerque,NM,87105,35.11,-106.62,$14078,$28704,103891.0,700,2,28704.0,14078.0,936,18100.0,2,100.0,9262,209401.5,22.608669833729216,51.04383012749616,493.0,2
Prince Labelle,82,61,1937,6,Male,996 Valley Drive,97.0,Fresno,CA,93650,36.83,-119.79,$12508,$26126,1213.0,697,5,26126.0,12508.0,937,35000.0,5,3.4657142857142857,5311,185705.45,34.96619280738091,82.3158802749354,974.72,3
Tristen Jackson,50,70,1969,7,Male,2040 Washington Boulevard,2.0,Versailles,KY,40383,38.05,-84.72,$21869,$44587,17148.0,775,6,44587.0,21869.0,938,122140.0,6,14.039626657933518,8525,451680.42000000004,52.98304046920821,108.99171668888759,1194.76,5
Carter Macron,25,65,1994,10,Male,7091 Lexington Lane,69.0,Fayetteville,AR,72701,36.07,-94.15,$22964,$46822,0.0,810,4,46822.0,22964.0,939,35269.0,4,0.0,346,8338.37,24.09933526011561,67.11091533909074,1064.11,3
Antonio Davis,40,67,1979,4,Male,5468 Little Creek Drive,,Skokie,IL,60077,42.03,-87.73,$21801,$44452,12409.0,711,5,44452.0,21801.0,940,67127.0,5,18.4858551700508,29144,1589509.88,54.539866867965955,77.71489693530067,3084.57,5
Andrew Young,37,73,1983,2,Male,169 Oak Street,,Seneca,PA,16346,41.37,-79.7,$16237,$33108,44044.0,829,2,33108.0,16237.0,941,30502.0,2,100.0,21590,556971.48,25.79766002779064,60.512635327079394,880.2,3
Decker Gomez,25,69,1994,6,Male,9804 Third Street,,Morganton,NC,28655,35.74,-81.69,$16445,$33534,76166.0,761,3,33534.0,16445.0,942,9864.0,3,100.0,4147,199402.31,48.083508560405114,76.30614771453963,1356.89,1
Corinne Brown,47,61,1973,2,Female,54 Valley Lane,,Chicago,IL,60629,41.83,-87.68,$14497,$29564,54279.0,694,2,29564.0,14497.0,943,124.0,2,100.0,14066,276522.27,19.6589129816579,13.449380151762417,498.0,1
Clarissa Long,67,67,1952,3,Female,488 Bayview Boulevard,781.0,Placentia,CA,92870,33.88,-117.85,$26675,$46945,17835.0,682,4,46945.0,26675.0,944,80376.0,4,22.18945954016124,14077,626373.51,44.496235703630035,103.56574317311237,1469.83,5
Titan Adams,48,72,1972,1,Male,73 Essex Lane,,Morrisville,NC,27560,35.83,-78.83,$37121,$75682,37163.0,727,5,75682.0,37121.0,945,165312.0,5,22.480521680216803,7534,621665.6799999999,82.51469073533315,110.14746736899227,1581.62,5
Norah Ryan,61,73,1958,10,Female,7561 Valley Avenue,,Greensboro,NC,27407,36.07,-79.82,$19453,$39661,74740.0,850,4,39661.0,19453.0,946,41686.0,4,100.0,14660,323453.64,22.06368622100955,55.12467862744199,916.19,3
Aden Rodriguez,20,64,1999,6,Male,8460 Oak Lane,,Portland,ME,4103,43.66,-70.25,$23785,$48495,97630.0,773,3,48495.0,23785.0,947,51521.0,3,100.0,194,6856.59,35.34324742268041,58.340943300802415,377.03,4
Blakely Roman,67,65,1952,3,Female,816 El Camino Drive,,Paradise,CA,95967,39.74,-121.6,$15436,$19199,15091.0,715,3,19199.0,15436.0,948,29674.0,3,50.855968187639014,5460,293759.72,53.802146520146515,105.87700383963988,1150.58,3
Lawson Howard,75,68,1944,7,Male,1222 First Drive,,Rochester,MN,55903,44.01,-92.47,$23553,$40696,15691.0,801,6,40696.0,23553.0,949,82143.0,6,19.102053735558723,24894,1219284.5499999998,48.97905318550654,65.00920251534295,1250.14,5
Liberty Rivera,31,72,1988,7,Female,95410 Pine Boulevard,,Arlington,VA,22203,38.87,-77.1,$47408,$96661,73401.0,721,2,96661.0,47408.0,950,29200.0,2,100.0,12361,1221731.4500000002,98.83759000080902,146.48844364036657,1798.76,3
Caylee Schmidt,55,64,1964,11,Female,4329 El Camino Boulevard,,Newland,NC,28657,36.08,-81.92,$13018,$26546,32087.0,686,5,26546.0,13018.0,951,45831.0,5,70.01156422508782,10798,576195.03,53.36127338396,57.986926800237924,656.88,4
Kathryn Morales,34,67,1985,10,Female,316 Valley Stream Avenue,,North Fork,CA,93643,37.23,-119.49,$16643,$33934,42945.0,622,3,33934.0,16643.0,952,23696.0,3,100.0,9400,533192.42,56.72259787234043,88.10758026338074,1633.51,2
Alyssa Cox,50,71,1969,9,Female,64 Mill Street,,Franklin,WI,53132,42.88,-88.0,$29924,$61008,0.0,781,4,61008.0,29924.0,953,81794.0,4,0.0,7581,609233.3999999999,80.36319746735258,129.47763230980127,1396.22,5
Luis Allen,33,64,1986,11,Male,27934 11th Street,,Fort Lauderdale,FL,33312,26.14,-80.13,$20995,$42808,117011.0,758,1,42808.0,20995.0,954,38.0,1,100.0,2627,27930.25,10.631994670727066,24.759768958304985,480.0,1
Nickolas Lopez,21,67,1999,2,Male,92196 Tenth Drive,,Leesburg,VA,20176,39.1,-77.55,$44196,$90104,85204.0,787,2,90104.0,44196.0,955,62304.0,2,100.0,181,13820.34,76.35546961325967,163.62858400423963,923.39,4
Naya Gonzalez,55,64,1964,12,Female,292 Tenth Street,,Sacramento,CA,95820,38.53,-121.44,$17435,$35553,76077.0,623,1,35553.0,17435.0,956,14751.0,1,100.0,20101,867400.29,43.152096413113775,73.49703332908456,1026.68,1
Kaison Turner,26,67,1994,2,Male,225 Ocean View Avenue,,Richmond,VA,23235,37.55,-77.46,$26269,$53554,119852.0,689,2,53554.0,26269.0,957,43668.0,2,100.0,9750,526216.47,53.97092,87.35536134207723,1695.66,4
Aaden Campbell,33,69,1986,3,Male,858 Plum Avenue,,Scarborough,ME,4074,43.59,-70.33,$29237,$59613,36199.0,763,4,59613.0,29237.0,958,105656.0,4,34.26118724918604,15701,774288.54,49.31460034392714,84.87969459326563,1128.47,5
Briar Reed,91,70,1928,9,Female,984 Little Creek Lane,501.0,Flushing,NY,11355,40.77,-73.84,$13810,$17150,375.0,807,6,17150.0,13810.0,959,30312.0,6,1.2371338083927157,16154,495926.98,30.69994923857868,64.33784605837666,766.95,3
Stephen Hill,67,65,1952,11,Male,391 Martin Luther King Boulevard,,San Leandro,CA,94577,37.71,-122.16,$24971,$30962,15336.0,743,5,30962.0,24971.0,960,98770.0,5,15.526981877088183,38805,1744143.92,44.94637082850148,53.69737772171925,1115.13,5
Marley Russell,59,62,1960,6,Male,485 Birch Boulevard,2.0,Napoleon,OH,43545,41.39,-84.12,$18600,$37927,79299.0,712,1,37927.0,18600.0,961,5488.0,1,100.0,8525,343408.94999999995,40.282574780058646,78.25213699362118,983.14,1
Khaleesi Green,33,66,1986,11,Female,776 Bayview Avenue,95.0,Commack,NY,11725,40.84,-73.28,$34188,$69706,97070.0,785,2,69706.0,34188.0,962,77293.0,2,100.0,6062,315149.29000000004,51.98767568459255,85.37956636251906,1749.11,5
Avianna Taylor,18,57,2001,8,Female,8026 East Drive,,Katy,TX,77449,29.79,-95.82,$21214,$43253,56323.0,718,1,43253.0,21214.0,963,16783.0,1,100.0,127,5715.249999999998,45.00196850393699,45.823824718949695,193.65,2
Giovanni Hughes,18,68,2002,2,Male,188 Ninth Boulevard,,Farmington,MO,63640,37.78,-90.42,$17707,$36101,46425.0,778,2,36101.0,17707.0,964,28524.0,2,100.0,92,4800.51,52.179456521739134,44.50002150375959,261.21,3
Evangeline Richardson,53,66,1966,11,Female,864 Jefferson Drive,,Duson,LA,70529,30.23,-92.19,$19798,$40363,111112.0,711,4,40363.0,19798.0,965,34497.0,4,100.0,10490,622182.99,59.312010486177314,64.99628953939839,1179.85,3
Warren Phillips,83,59,1936,11,Male,7994 Maple Lane,,East Hampton,NY,11937,40.95,-72.19,$37846,$80493,2027.0,610,5,80493.0,37846.0,966,155359.0,5,1.3047200355306097,18682,856111.42,45.82546943582058,98.77058689683614,1991.74,5
Hailee Ajami,78,57,1941,11,Female,939 Mill Street,,Chino,CA,91710,33.98,-117.65,$22682,$39263,24246.0,645,4,39263.0,22682.0,967,68521.0,4,35.38477255148057,6637,307679.74,46.358255235799305,100.77015106681728,1447.63,5
Ari Johnson,67,67,1952,4,Female,7927 Plum Lane,,Allen,TX,75002,33.1,-96.66,$32580,$78329,40161.0,720,3,78329.0,32580.0,968,67009.0,3,59.93374024384784,15643,669171.88,42.7777203861152,108.4691550867036,1464.5,5
Baylor Roberts,42,66,1977,5,Male,260 Spruce Avenue,,San Antonio,TX,78221,29.45,-98.5,$12547,$25585,59827.0,702,4,25585.0,12547.0,969,29761.0,4,100.0,11881,281572.87,23.6994251325646,59.67199929253691,719.51,3
Jaxen Powell,62,70,1957,8,Male,3776 Bayview Lane,,Garner,NC,27529,35.69,-78.62,$22685,$46256,106753.0,650,3,46256.0,22685.0,970,36926.0,3,100.0,14223,611890.29,43.02118329466357,80.34219073635616,2169.36,3
Jadiel Thomas,28,65,1991,3,Male,231 Littlewood Avenue,,Lynden,WA,98264,48.95,-122.43,$19301,$39354,26700.0,685,2,39354.0,19301.0,971,19641.0,2,100.0,1686,73333.29000000001,43.49542704626335,95.36353658184305,1226.7,2
Gordon Collins,35,66,1984,8,Male,33 Second Boulevard,,Plano,TX,75023,33.04,-96.74,$29793,$60746,88165.0,706,4,60746.0,29793.0,972,77180.0,4,100.0,46723,1059469.74,22.675550371337458,85.52917003343569,2142.46,5
Kynlee Martinez,51,68,1968,11,Female,375 Hillside Drive,,Round Rock,TX,78665,30.54,-97.64,$30358,$61901,29627.0,726,7,61901.0,30358.0,973,166795.0,7,17.7625228573998,53291,2352590.66,44.14611585445948,58.98293747609094,2340.46,5
Dakota Rivera,26,65,1994,2,Female,4726 Third Street,,Borden,IN,47106,38.46,-85.95,$21313,$43454,79295.0,774,2,43454.0,21313.0,974,31559.0,2,100.0,155,3879.1600000000003,25.02683870967742,48.481812110214214,264.54,3
Samuel Perez,43,67,1977,1,Male,2479 Valley Avenue,,Brooklyn,NY,11211,40.64,-73.94,$22456,$45789,94014.0,695,4,45789.0,22456.0,975,51352.0,4,100.0,34245,813947.42,23.76835800846839,55.11338908091176,1330.43,4
Craig Ajami,56,68,1964,1,Male,2742 El Camino Boulevard,5.0,Lake View,NY,14085,42.71,-78.93,$25916,$52841,36288.0,733,5,52841.0,25916.0,976,71387.0,5,50.83278468068416,26142,1345859.7,51.482660087215976,68.7779513975781,1030.87,5
Amber Flores,23,75,1996,10,Female,5883 Sixth Street,,Lugoff,SC,29078,34.22,-80.68,$18494,$37717,60367.0,688,3,37717.0,18494.0,977,48793.0,3,100.0,247,9902.07,40.08935222672065,52.975159754335756,415.0,4
Alexa Fox,22,63,1997,8,Female,3269 River Street,,Marysville,OH,43040,40.23,-83.37,$25313,$51613,62635.0,649,2,51613.0,25313.0,978,8013.0,2,100.0,183,12259.64,66.99256830601092,65.57984496008284,313.0,1
Avalyn Taylor,42,69,1977,9,Female,6777 First Drive,,Rialto,CA,92376,34.1,-117.38,$14632,$29835,46702.0,618,7,29835.0,14632.0,979,60032.0,7,77.79517590618337,9850,372047.88,37.77135837563452,56.00668504897536,903.64,4
Lucca James,78,65,1941,7,Male,22 East Avenue,,Novi,MI,48375,42.47,-83.49,$34259,$62103,33545.0,509,4,62103.0,34259.0,980,75553.0,4,44.39929585853639,27032,1020515.04,37.75211009174312,64.50988177686013,2052.77,5
Reyna Kelley,51,65,1969,2,Female,733 Maple Drive,4076.0,Columbia,MO,65201,38.95,-92.32,$20966,$42749,53471.0,728,4,42749.0,20966.0,981,56661.0,4,94.3700252378179,7989,270929.67,33.9128389034923,66.45075244995961,1147.73,4
Gabriella Flores,38,64,1981,7,Female,6022 Mill Street,,Houston,TX,77095,29.76,-95.38,$33925,$69171,102537.0,622,1,69171.0,33925.0,982,6900.0,1,100.0,1230,52381.08,42.58624390243902,87.99480097561026,820.47,1
Monserrat Perez,98,60,1921,11,Female,412 Burns Drive,,Ewa Beach,HI,96706,21.31,-158.01,$22778,$42306,472.0,725,5,42306.0,22778.0,983,48456.0,5,0.9740795773485224,38558,1132600.74,29.37394937496758,56.92971407284533,1494.45,4
Lilly James,29,67,1990,10,Female,645 Tenth Boulevard,,El Cajon,CA,92021,32.84,-116.88,$20673,$42150,39663.0,750,3,42150.0,20673.0,984,51912.0,3,76.40429958391124,12007,341443.39,28.437027567252436,40.82074704759743,1311.33,4
Keyla Moore,23,63,1996,11,Female,994 Second Lane,,Suitland,MD,20746,38.83,-76.92,$23340,$47589,114020.0,763,4,47589.0,23340.0,985,44726.0,4,100.0,238,7595.119999999999,31.91226890756302,40.24937678805535,248.29,4
Douglas Labelle,68,65,1952,2,Male,69 Spruce Avenue,,Hendersonville,NC,28792,35.32,-82.46,$13634,$23993,2573.0,714,5,23993.0,13634.0,986,51618.0,5,4.984695261342942,38819,1019659.6699999999,26.267025683299412,45.05989109297692,954.94,4
Esperanza Campbell,52,65,1967,8,Female,23 Sussex Lane,,Allenton,MI,48002,42.92,-82.88,$20942,$42701,53696.0,701,4,42701.0,20942.0,987,64691.0,4,83.00381815090198,16576,465748.31000000006,28.097750361969116,70.90697293206908,1544.84,4
Karina Parker,41,69,1978,8,Female,6157 Washington Drive,9.0,Capistrano Beach,CA,92624,33.45,-117.66,$27622,$56320,84614.0,792,3,56320.0,27622.0,988,57991.0,3,100.0,14358,541498.92,37.71409109903887,94.85723343492306,1652.38,4
Seth Wright,59,68,1960,6,Male,4728 George Drive,,Grand Rapids,MI,49548,42.96,-85.65,$15472,$31550,26738.0,710,3,31550.0,15472.0,989,48096.0,3,55.59298070525615,8530,396696.57999999996,46.506046893317695,96.26328083468583,1682.73,4
Terry Nguyen,56,75,1963,9,Male,1184 Essex Lane,,Highlands,NC,28741,35.05,-83.19,$15899,$32418,84507.0,758,4,32418.0,15899.0,990,40737.0,4,100.0,26144,1181700.1600000001,45.19966952264382,64.25224725022323,1362.72,3
Anderson Jackson,47,65,1972,10,Male,6232 Second Avenue,2.0,Perris,CA,92571,33.83,-117.2,$16109,$32847,3230.0,785,3,32847.0,16109.0,991,38351.0,3,8.422205418372403,23660,960487.93,40.595432375316996,65.19305250035711,1016.8,3
Emmett Hall,40,65,1980,2,Male,663 Third Drive,1.0,The Colony,TX,75056,33.09,-96.88,$31905,$65053,83571.0,775,2,65053.0,31905.0,992,43475.0,2,100.0,16341,674657.03,41.28615323419619,76.43785428759796,1138.31,4
Musa Abe,72,65,1947,6,Male,527 Federal Avenue,533.0,San Ramon,CA,94583,37.78,-121.99,$0,$2422,810.0,632,2,2422.0,0.0,993,808.0,2,100.0,3902,134389.21,34.441109687339825,44.35833141922796,483.0,1
Vera Hughes,36,68,1984,2,Female,4350 Valley Boulevard,,Caldwell,OH,43724,39.74,-81.51,$15950,$32522,28260.0,769,2,32522.0,15950.0,994,23287.0,2,100.0,10970,488587.26999999996,44.538493163172284,60.550763440716416,1517.97,2
Amara Moore,43,66,1976,9,Female,5180 Burns Boulevard,,Griffin,GA,30224,33.24,-84.27,$17811,$36315,0.0,824,3,36315.0,17811.0,995,51475.0,3,0.0,12873,347624.58,27.00416219995339,65.83286502435149,1200.77,4
Zoie Ward,64,62,1955,7,Female,28 First Lane,,Chambersburg,PA,17202,39.92,-77.71,$20943,$39206,9219.0,605,4,39206.0,20943.0,996,30965.0,4,29.772323591151302,18933,672175.79,35.50286748006127,67.31180691382407,1183.48,3
Rory Ross,27,66,1992,7,Female,8555 Eighth Avenue,,North Tazewell,VA,24630,37.16,-81.5,$16501,$33641,40696.0,743,1,33641.0,16501.0,997,21502.0,1,100.0,724,41422.12,57.2128729281768,81.82782245288972,793.35,2
Valeria Schmidt,56,65,1963,3,Female,900 Littlewood Street,,Barnegat,NJ,8005,39.75,-74.22,$20034,$40848,146608.0,706,2,40848.0,20034.0,998,15964.0,2,100.0,14185,518871.23,36.57886711314769,76.16457415426892,2233.57,2
Valentina Perez,47,66,1973,2,Female,96 Jefferson Street,,Daytona Beach,FL,32118,29.19,-81.05,$16733,$34112,39842.0,725,4,34112.0,16733.0,999,51456.0,4,77.42925995024875,12865,491574.7,38.210237077341624,73.20754999046508,1117.28,4
Charley King,26,67,1994,2,Female,682 Martin Luther King Avenue,,Dallas,TX,75230,32.79,-96.76,$63159,$128775,232506.0,655,1,128775.0,63159.0,1000,23996.0,1,100.0,115,7007.510000000001,60.934869565217404,86.6078335383144,656.82,2
Brennan Flores,50,66,1969,10,Male,517 Eighth Drive,440.0,Huntington,NY,11743,40.87,-73.4,$51032,$104045,0.0,734,3,104045.0,51032.0,1001,75596.0,3,0.0,5793,246921.55000000002,42.62412394268946,129.71682919624158,2788.65,5
Paulina Hill,58,66,1961,6,Female,385 Jefferson Avenue,9.0,Hendersonville,TN,37075,36.29,-86.6,$25166,$51316,0.0,759,6,51316.0,25166.0,1002,145663.0,6,0.0,10871,689261.56,63.40369423236133,102.48942155241225,1410.67,5
Ramona Parker,66,59,1954,1,Female,1105 Second Drive,,Dearborn,MI,48124,42.31,-83.21,$24561,$48690,36262.0,701,6,48690.0,24561.0,1003,78580.0,6,46.14660218885213,8472,457479.51,53.99899787535411,99.4021679909319,1382.06,5
Renee Brooks,18,65,2002,2,Female,1358 Plum Avenue,,Lucinda,PA,16235,41.31,-79.38,$17321,$35311,44783.0,684,5,35311.0,17321.0,1004,59271.0,5,75.55634289956302,246,18035.239999999998,73.3139837398374,101.8671006213874,1067.11,4
Emmy Gomez,42,63,1977,8,Female,800 Madison Street,,Orlando,FL,32808,28.5,-81.37,$13414,$27354,42226.0,799,1,27354.0,13414.0,1005,16347.0,1,100.0,12397,616970.48,49.76772444946358,60.617230778074024,941.62,2
Ainsley Phillips,56,66,1963,4,Female,13 Rose Boulevard,,Pawling,NY,12564,41.56,-73.59,$31288,$63796,82173.0,730,3,63796.0,31288.0,1006,67348.0,3,100.0,36600,2722291.31,74.37954398907104,79.95687572123363,1340.33,5
Marlon Howard,28,65,1991,5,Male,104 First Boulevard,,Apex,NC,27502,35.72,-78.84,$32485,$66237,146680.0,785,1,66237.0,32485.0,1007,9500.0,1,100.0,245,9963.05,40.66551020408163,89.06517961952393,534.27,1
Kai King,58,66,1961,7,Female,427 Essex Lane,,Matthews,NC,28105,35.12,-80.71,$27254,$55569,76181.0,698,6,55569.0,27254.0,1008,60240.0,6,100.0,27185,1733495.1600000001,63.766605113113854,98.62639586938433,1708.18,4
Emmett Morgan,40,65,1979,5,Male,855 Sussex Avenue,,Saint Paul,MN,55116,44.94,-93.1,$32972,$67226,128174.0,729,3,67226.0,32972.0,1009,83355.0,3,100.0,9960,546499.15,54.86939257028113,120.09782430666797,1777.79,5
Celine Lonsdale,43,50,1976,11,Female,689 Valley Stream Lane,9.0,Boxford,MA,1921,42.67,-70.98,$52066,$106159,144773.0,703,5,106159.0,52066.0,1010,175754.0,5,82.37252068231733,28744,1517236.5,52.78445936543279,93.26035173659014,1802.9,5
Brenna Gonzalez,68,72,1951,8,Female,222 Lafayette Lane,3.0,Elma,NY,14059,42.83,-78.63,$24651,$50258,0.0,686,3,50258.0,24651.0,1011,99103.0,3,0.0,9562,521906.37,54.581297845638986,78.74929470771355,1362.5,5
Keyla Russell,44,69,1975,5,Female,4868 Lake Lane,,Huntington Beach,CA,92647,33.72,-118.0,$26966,$54981,121701.0,737,1,54981.0,26966.0,1012,21400.0,1,100.0,7387,509935.97,69.03153783674021,110.66183178513836,1292.38,2
Khalil Fernandez,59,70,1960,8,Male,60396 Elm Street,,Naples,FL,34104,26.14,-81.79,$17455,$35590,92603.0,720,4,35590.0,17455.0,1013,70145.0,4,100.0,28194,932313.3700000001,33.06779350216358,55.58854811866035,1598.1,5
Robert Anwar,41,67,1978,5,Male,469 Pine Street,,Belleville,IL,62221,38.53,-90.0,$24509,$49967,58582.0,712,4,49967.0,24509.0,1014,78474.0,4,74.65147692229273,24517,1622834.4500000002,66.19221152669577,86.39659331052749,1530.39,5
Miranda Carter,30,63,1989,7,Female,4788 Jefferson Boulevard,,Springfield,OR,97478,44.1,-122.8,$18446,$37610,64933.0,586,1,37610.0,18446.0,1015,44.0,1,100.0,52,600.14,11.541153846153845,36.56400219288018,98.0,1
Tinley Fu,31,66,1988,11,Female,4947 Sussex Boulevard,,Bensalem,PA,19020,40.1,-74.93,$24817,$50599,83732.0,791,2,50599.0,24817.0,1016,32580.0,2,100.0,82,4886.020000000001,59.585609756097575,73.96052650384364,348.49,3
Michael Anwar,64,67,1955,10,Male,8999 Washington Drive,,Oceanside,NY,11572,40.63,-73.63,$32805,$66885,144703.0,698,7,66885.0,32805.0,1017,242860.0,7,59.58288726014989,18138,1394114.7000000002,76.8615448230235,94.90292206775426,1207.86,5
Adrienne Wilson,61,67,1959,1,Female,9473 Mill Street,,Clifton,NJ,7012,40.86,-74.15,$31281,$63781,111808.0,654,1,63781.0,31281.0,1018,44.0,1,100.0,9641,122997.67000000001,12.757770978114305,34.986264180367215,512.13,1
Kehlani Torres,49,65,1970,7,Female,836 Bayview Avenue,,Tulsa,OK,74137,36.12,-95.91,$46461,$94733,0.0,707,5,94733.0,46461.0,1019,89291.0,5,0.0,34343,2221417.83,64.68327839734444,123.85764175013443,1589.54,5
Reese Ryan,49,66,1970,5,Male,4882 Mountain View Lane,,Kansas City,MO,64124,39.09,-94.58,$12064,$24598,23019.0,695,4,24598.0,12064.0,1020,24190.0,4,95.15915667631253,10677,262601.42000000004,24.59505666385689,73.09684264118918,1231.43,2
Corey King,46,66,1974,1,Male,434 Bayview Avenue,91.0,Cowansville,PA,16218,40.93,-79.59,$17870,$36440,30574.0,745,2,36440.0,17870.0,1021,8315.0,2,100.0,40579,1219246.52,30.046243623549127,52.00869349414412,2529.39,1
Reagan Butler,24,65,1996,1,Male,716 Bayview Avenue,,Hamptonville,NC,27020,36.11,-80.81,$15545,$31693,98206.0,719,1,31693.0,15545.0,1022,11800.0,1,100.0,57,1943.17,34.09070175438597,50.505293690222324,146.0,1
Aylin Lopez,19,65,2000,3,Female,39 Park Lane,,Los Angeles,CA,90022,34.02,-118.15,$13485,$27494,26097.0,724,1,27494.0,13485.0,1023,10107.0,1,100.0,489,21426.050000000003,43.816053169734154,68.79923080136986,405.0,1
Abdullah Xi,65,65,1955,2,Male,1032 Second Lane,,Clifton Springs,NY,14432,42.95,-77.13,$19095,$20614,14042.0,711,2,20614.0,19095.0,1024,31180.0,2,45.03527902501603,7318,458264.55,62.62155643618475,121.7028939450998,1577.19,3
Rylee El-Mafouk,82,65,1938,1,Female,1437 Madison Lane,,Dallas,TX,75238,32.79,-96.76,$27814,$66999,3140.0,730,5,66999.0,27814.0,1025,140084.0,5,2.2415122355158332,26285,929087.0700000001,35.346664257180905,76.45852549844963,1495.07,5
Marcel Myers,41,61,1978,4,Male,4693 Elm Lane,682.0,Crestview,FL,32536,30.75,-86.57,$19066,$38874,64474.0,672,3,38874.0,19066.0,1026,40986.0,3,100.0,6347,210228.28999999998,33.122465731841814,88.8673268522646,1636.63,3
Julieta Schmidt,25,69,1995,1,Female,834 Elm Avenue,8.0,Woodland Park,CO,80863,38.99,-105.05,$23550,$48017,95549.0,711,1,48017.0,23550.0,1027,12800.0,1,100.0,94,3606.77,38.369893617021276,53.01840231496263,376.14,1
Josie Fernandez,47,64,1972,8,Female,5647 Burns Boulevard,6.0,Galliano,LA,70354,29.43,-90.3,$21966,$44789,94789.0,638,1,44789.0,21966.0,1028,9500.0,1,100.0,6267,204254.49,32.5920679751077,82.48536357877681,1252.23,1
Ellis Gray,35,62,1984,5,Female,96 Ninth Drive,,Atlanta,TX,75551,33.11,-94.16,$16746,$34143,49839.0,648,4,34143.0,16746.0,1029,39316.0,4,100.0,9819,558636.9099999999,56.893462674406756,93.89413866984727,1241.54,3
Trey Carter,83,65,1936,7,Male,3241 Park Lane,,Albuquerque,NM,87121,35.11,-106.62,$15385,$16611,1797.0,696,5,16611.0,15385.0,1030,69300.0,5,2.593073593073593,13653,661713.5900000001,48.466534095070685,91.16444965695993,1443.07,5
Sage Thompson,36,68,1983,3,Female,620 River Boulevard,,Walla Walla,WA,99362,46.11,-118.3,$18880,$38496,64688.0,642,2,38496.0,18880.0,1031,19589.0,2,100.0,9008,356186.37,39.54111567495559,86.55378335474637,1047.92,2
Ivan Anderson,78,64,1941,11,Male,5004 Lake Street,,Oklahoma City,OK,73110,35.46,-97.51,$16016,$31046,11436.0,706,6,31046.0,16016.0,1032,27473.0,6,41.62632402722673,19493,1182246.07,60.649775303955266,85.01737570886131,1346.25,2
Noe Sanchez,37,71,1982,3,Male,7954 Wessex Boulevard,3.0,Vienna,VA,22182,38.9,-77.26,$60593,$123540,236393.0,764,4,123540.0,60593.0,1033,67819.0,4,100.0,14928,781318.47,52.33912580385852,101.382333516657,1318.12,5
Brooklyn Cook,65,65,1954,5,Female,9052 River Lane,,Alcoa,TN,37701,35.79,-83.97,$18273,$39809,0.0,775,4,39809.0,18273.0,1034,42811.0,4,0.0,16479,890483.1100000001,54.03744826749197,62.60864074638722,853.9,3
Eric Lonsdale,64,65,1956,1,Male,25521 First Street,,Dublin,GA,31021,32.53,-82.92,$16958,$34576,81087.0,683,1,34576.0,16958.0,1035,4699.0,1,100.0,7766,297839.32,38.35170229204223,82.0282013871082,1119.2,1
Estella Price,74,67,1945,7,Female,5064 North Lane,,Woodmere,NY,11598,40.63,-73.72,$45685,$110570,5700.0,766,8,110570.0,45685.0,1036,207974.0,8,2.740727206285401,19263,1394868.5,72.41179982349583,139.78029542263454,1799.9,5
Jett Barnes,28,69,1992,1,Male,564 Catherine Lane,,Green Bay,WI,54302,44.52,-87.98,$16801,$34262,60506.0,846,2,34262.0,16801.0,1037,22441.0,2,100.0,6266,232723.39,37.14066230450048,72.17104368684367,893.9,2
Maximiliano Carter,40,71,1979,12,Male,9466 Essex Street,,Bessemer,AL,35023,33.43,-86.99,$19851,$40473,54899.0,689,4,40473.0,19851.0,1038,59863.0,4,91.70773265623173,35443,1482716.45,41.83383037553254,53.211386747396155,1321.78,4
Juliette Phillips,33,67,1986,4,Female,9761 East Street,,Atlanta,GA,30342,33.88,-84.37,$47453,$96744,128122.0,838,5,96744.0,47453.0,1039,185341.0,5,69.12771593980824,16130,1093361.68,67.78435709857408,121.39932613798376,2535.46,5
Miller Powell,48,70,1971,8,Male,884 Tenth Drive,563.0,Louisville,MS,39339,33.12,-89.05,$15316,$31231,40499.0,681,3,31231.0,15316.0,1040,25910.0,3,100.0,13790,849313.3,61.58907179115301,55.66558006065694,1125.73,2
Tori Macron,57,65,1962,5,Female,992 Forest Street,,Allen,TX,75002,33.1,-96.66,$32580,$66427,103290.0,779,5,66427.0,32580.0,1041,110382.0,5,93.57503940859922,9695,520487.27999999997,53.686155750386796,102.1368092488215,1791.36,5
Andres Lewis,31,70,1988,11,Male,237 Hill Lane,8.0,Waco,TX,76707,31.56,-97.18,$11512,$23469,22976.0,731,3,23469.0,11512.0,1042,35943.0,3,63.923434326572625,15127,412635.64,27.27808818668606,44.65619912252674,777.34,3
Aydin Long,30,69,1989,11,Male,8687 Ninth Drive,5154.0,Lakewood,NJ,8701,40.09,-74.21,$13006,$26519,63979.0,663,3,26519.0,13006.0,1043,18364.0,3,100.0,12456,157749.78999999998,12.6645624598587,30.232210406043365,688.58,2
Martha Bailey,40,64,1979,8,Female,6950 Federal Avenue,,Ashville,AL,35953,33.83,-86.26,$17067,$34799,72749.0,793,2,34799.0,17067.0,1044,19308.0,2,100.0,9038,225174.84000000003,24.914233237441916,75.92644944482277,1120.99,2
Ryann Schmidt,28,70,1991,12,Female,816 Little Creek Lane,,Astoria,OR,97103,46.12,-123.67,$17260,$35194,56006.0,620,1,35194.0,17260.0,1045,22362.0,1,100.0,5638,194122.36,34.43106775452288,83.91467754414649,1529.74,2
Marie Gray,28,66,1991,7,Female,7004 Mill Drive,,Zion,IL,60099,42.45,-87.84,$19463,$39679,93772.0,758,2,39679.0,19463.0,1046,23293.0,2,100.0,60,1896.5600000000002,31.609333333333336,102.39388738049205,493.0,2
Tomas Ross,67,66,1952,3,Male,1 Burns Lane,,San Jose,CA,95121,37.3,-121.8,$25115,$31287,25844.0,728,4,31287.0,25115.0,1047,79474.0,4,32.51881118353172,10017,480980.7,48.01644204851752,118.20515167242174,2090.28,5
Issac Gomez,26,71,1993,9,Male,381 Sussex Avenue,20.0,Nolanville,TX,76559,31.07,-97.61,$19032,$38805,54466.0,614,2,38805.0,19032.0,1048,26932.0,2,100.0,224,6757.02,30.165267857142858,56.06627760739677,471.0,2
Barbara Peterson,43,67,1976,4,Female,4 North Street,,Washington,DC,20011,38.89,-77.03,$23940,$48810,0.0,799,3,48810.0,23940.0,1049,47961.0,3,0.0,12970,734963.6699999999,56.666435620663066,99.34694853050186,1269.19,4
Owen Johnson,62,67,1957,6,Male,896 Madison Boulevard,,Meridian,ID,83646,43.65,-116.43,$22290,$45450,85218.0,686,3,45450.0,22290.0,1050,40079.0,3,100.0,7205,583951.6699999999,81.04811519777931,79.60525036789495,1167.56,3
Ellen Sanders,25,64,1994,7,Female,5338 Fifth Boulevard,,Union City,NJ,7087,40.76,-74.03,$16770,$34201,42895.0,731,1,34201.0,16770.0,1051,6100.0,1,100.0,56,2234.58,39.903214285714284,62.12619297811577,347.09,1
Nyla Faraday,53,64,1966,3,Female,5773 River Street,,Burney,CA,96013,40.94,-121.74,$16742,$34137,80467.0,671,4,34137.0,16742.0,1052,23504.0,4,100.0,11321,504937.01999999996,44.601803727585896,77.79693847697162,1040.63,2
Blaze Davis,67,67,1952,12,Male,388 Third Avenue,,Fresno,CA,93727,36.75,-119.67,$17683,$28357,10400.0,628,2,28357.0,17683.0,1053,6877.0,2,100.0,8058,525194.3899999999,65.1767671878878,62.04428150519843,946.0,1
Gabriella Price,30,62,1989,8,Female,9104 Second Avenue,689.0,Houston,TX,77081,29.76,-95.38,$15862,$32343,39656.0,683,3,32343.0,15862.0,1054,14842.0,3,100.0,5938,237886.16,40.061663859885485,82.8307076512301,1089.34,1
Jewel Smith,18,68,2002,1,Female,2108 Spruce Lane,,Sacramento,CA,95825,38.58,-121.4,$20670,$42142,116857.0,713,2,42142.0,20670.0,1055,27679.0,2,100.0,130,5362.9400000000005,41.25338461538462,78.32362162163464,507.81,2
Mekhi Phillips,30,65,1989,7,Male,7691 Ocean View Avenue,,New Bern,NC,28560,35.11,-77.07,$16177,$32985,32764.0,740,2,32985.0,16177.0,1056,18058.0,2,100.0,3814,191522.64,50.21568956476141,89.25516272832215,1429.15,2
Omari Cook,82,62,1937,8,Male,58 River Avenue,,New York,NY,10032,40.71,-73.99,$16494,$23572,216.0,590,2,23572.0,16494.0,1057,37682.0,2,0.5732179820604002,27201,1003148.5399999999,36.87910517995662,69.23469436896902,1161.98,3
Kehlani Foster,25,70,1994,12,Female,142 Rose Drive,,Springfield,MA,1107,42.11,-72.53,$14155,$28862,20944.0,751,2,28862.0,14155.0,1058,21522.0,2,97.31437598736177,2384,103298.37,43.32985318791946,72.05196904765722,1058.29,2
Aliana Diaz,76,68,1943,10,Female,2760 Forest Drive,,Sioux Falls,SD,57106,43.54,-96.73,$21089,$31145,5132.0,689,4,31145.0,21089.0,1059,77073.0,4,6.658622345049499,23260,692735.8,29.782278589853828,54.638005507913945,944.68,5
Amari Masvidal,64,70,1956,2,Female,9505 Martin Luther King Avenue,,Modesto,CA,95351,37.63,-121.01,$13015,$26535,93592.0,724,5,26535.0,13015.0,1060,26567.0,5,100.0,12864,357309.34,27.775912624378112,60.15260528532734,1221.78,2
Chanel Jackson,58,70,1962,2,Female,901 Oak Street,,New Kensington,PA,15068,40.56,-79.75,$19517,$39796,9452.0,729,5,39796.0,19517.0,1061,78614.0,5,12.023303737247819,10629,414860.02,39.03095493461285,82.25730263477654,1405.46,5
Kyree Phillips,71,67,1948,3,Male,3095 Hill Boulevard,6.0,Casper,WY,82604,42.83,-106.32,$25502,$51703,5371.0,722,7,51703.0,25502.0,1062,90782.0,7,5.916371086779317,15997,900973.25,56.32138838532225,104.05198207656419,1587.47,5
Sutton Harris,66,66,1953,12,Male,350 North Street,7659.0,Romulus,MI,48174,42.22,-83.36,$18879,$31175,5846.0,711,5,31175.0,18879.0,1063,44500.0,5,13.137078651685394,10090,398710.7,39.51543111992071,87.30731863715083,1123.58,4
Thiago Roman,89,73,1930,11,Male,89 Wessex Street,,Chicago Heights,IL,60411,41.5,-87.63,$16503,$38761,69.0,760,7,38761.0,16503.0,1064,67629.0,7,0.10202723683626845,43835,1649730.77,37.63501243298734,58.77278690814797,1963.91,5
Pedro Phillips,86,62,1933,11,Male,3899 Seventh Lane,,Jacksonville,FL,32218,30.33,-81.65,$19382,$33291,695.0,714,2,33291.0,19382.0,1065,6864.0,2,10.125291375291376,6423,204111.74,31.77825626654211,56.73909416837862,622.73,1
Emerson Faraday,40,64,1980,2,Female,7476 First Lane,,Gainesville,FL,32606,29.67,-82.33,$25812,$52630,68559.0,725,4,52630.0,25812.0,1066,61642.0,4,100.0,22537,1058149.1800000002,46.951643075830866,77.75027601257638,1356.97,4
Tony Walker,73,64,1946,12,Male,6781 Spruce Boulevard,,Pacoima,CA,91331,34.25,-118.41,$14317,$26481,10392.0,705,1,26481.0,14317.0,1067,8200.0,1,100.0,10121,242229.95,23.93340084971841,53.06316202646511,664.32,1
Robert Fu,24,59,1995,7,Male,276 12th Boulevard,,Chicago,IL,60614,41.83,-87.68,$0,$2370,4397.0,581,1,2370.0,0.0,1068,840.0,1,100.0,212,9143.16,43.128113207547166,34.94313851758143,114.62,1
Nickolas Neufelder,59,67,1960,3,Male,1362 Norfolk Drive,,Montgomery,AL,36111,32.35,-86.28,$21102,$43021,86014.0,725,4,43021.0,21102.0,1069,57334.0,4,100.0,14180,521251.4,36.759619181946405,84.19517666113809,1379.05,4
Forrest Wood,18,68,2002,1,Male,392 Rose Drive,,Dorchester,MA,2125,42.35,-71.06,$21809,$44466,3096.0,709,2,44466.0,21809.0,1070,36865.0,2,8.398209683982097,89,4040.6499999999996,45.40056179775281,99.52624883692519,922.4,3
Roger James,50,57,1969,3,Male,1559 Tenth Street,3829.0,Tampa,FL,33613,27.95,-82.48,$21033,$42886,60474.0,604,1,42886.0,21033.0,1071,2174.0,1,100.0,13353,516339.97000000003,38.668461768890886,68.79659628590704,879.18,1
Levi Murphy,35,67,1984,5,Male,315 Little Creek Lane,3.0,Granite City,IL,62040,38.71,-90.12,$18560,$37843,40003.0,697,3,37843.0,18560.0,1072,43401.0,3,92.17068731135227,8866,237982.28999999998,26.842126099706743,48.776718245673784,836.93,4
London Garcia,34,66,1985,10,Male,539 Maple Drive,88.0,Kernersville,NC,27284,36.11,-80.07,$23738,$48398,138998.0,642,3,48398.0,23738.0,1073,10990.0,3,100.0,7242,129903.29000000001,17.9374882629108,14.520264631821075,705.8,1
Clementine Carter,33,66,1986,10,Female,26191 George Drive,,Detroit,MI,48235,42.38,-83.1,$13820,$28181,37929.0,682,2,28181.0,13820.0,1074,17105.0,2,100.0,7830,184796.63,23.601102171136656,48.57187392147551,810.48,2
Opal Ortiz,48,65,1971,10,Female,7139 Lake Boulevard,,Clinton,TN,37716,36.09,-84.13,$18353,$37422,127116.0,681,5,37422.0,18353.0,1075,50827.0,5,100.0,29938,793506.63,26.50499799585811,51.70231941408536,1231.28,4
Amy Ryan,24,54,1995,3,Female,5 Hill Avenue,26.0,San Diego,CA,92127,33.02,-117.12,$44747,$91237,231619.0,594,1,91237.0,44747.0,1076,14200.0,1,100.0,4301,294723.94000000006,68.52451522901652,153.71387873291104,1508.74,1
Davion Xi,59,65,1960,4,Male,9099 Little Creek Drive,86.0,Minneapolis,MN,55425,44.96,-93.26,$21535,$43913,83944.0,676,4,43913.0,21535.0,1077,47662.0,4,100.0,8241,322185.26,39.095408324232494,100.60654802269077,1534.91,4
Jude James,37,68,1982,4,Male,7559 Forest Boulevard,,Hobart,IN,46342,41.53,-87.26,$21851,$44550,117302.0,761,3,44550.0,21851.0,1078,42967.0,3,100.0,12876,507424.04000000004,39.40851506679093,59.743414756418,1114.57,3
Bruce Gonzalez,75,73,1945,2,Male,2842 Littlewood Avenue,9.0,Orlando,FL,32825,28.5,-81.37,$20121,$42806,20432.0,726,6,42806.0,20121.0,1079,68122.0,6,29.993247409060213,19479,693696.49,35.61253093074593,47.26679920559793,1670.09,5
Rowan Rodriguez,63,65,1956,12,Female,4461 Hill Street,,Merritt Island,FL,32952,28.32,-80.68,$26339,$53702,85160.0,606,1,53702.0,26339.0,1080,12047.0,1,100.0,65325,2587637.3,39.61174588595484,87.33716335419135,1916.19,1
Casey El-Mafouk,86,65,1933,8,Female,5220 Lincoln Street,,Nashville,TN,37211,36.17,-86.78,$20030,$38273,1658.0,765,6,38273.0,20030.0,1081,49355.0,6,3.359335427008409,19601,476745.34,24.322500892811593,65.7855152080108,1272.97,4
Ailani Smith,29,67,1991,2,Female,3260 Hillside Lane,10.0,Hendersonville,TN,37075,36.29,-86.6,$25166,$51303,106248.0,688,3,51303.0,25166.0,1082,46224.0,3,100.0,8666,411542.42000000004,47.489316870528505,75.77024520746538,2172.44,4
Aranza Perez,44,64,1975,5,Female,518 Norfolk Avenue,,Jackson,GA,30233,33.29,-83.96,$17545,$35775,67263.0,773,1,35775.0,17545.0,1083,4300.0,1,100.0,5988,250094.37,41.76592685370741,92.99090697277107,1375.69,1
Erika El-Mafouk,71,64,1948,3,Female,149 Burns Boulevard,,Littleton,CO,80122,39.59,-105.01,$31024,$67186,29682.0,692,1,67186.0,31024.0,1084,1993.0,1,100.0,17715,1154170.4200000002,65.15215467118263,75.26405014122669,1488.61,1
Morgan Gao,47,67,1972,7,Male,30 First Lane,9.0,Johnstown,OH,43031,40.15,-82.68,$22934,$46763,65106.0,696,3,46763.0,22934.0,1085,75185.0,3,86.59440047881891,13385,525260.5700000001,39.24247814717968,90.15514155234155,992.88,5
Ayden Kelley,62,70,1958,2,Male,142 Catherine Street,,Mission,TX,78572,26.21,-98.31,$14275,$29110,23504.0,699,3,29110.0,14275.0,1086,34414.0,3,68.29778578485501,5135,169913.81,33.08934956183057,71.35496379314912,1861.95,3
Isaias Abe,90,62,1929,10,Male,3019 Elm Drive,,Vineland,NJ,8360,39.46,-74.99,$17685,$41831,1100.0,615,1,41831.0,17685.0,1087,10405.0,1,10.571840461316674,9236,430446.24,46.60526634906886,77.7859232039058,962.02,1
Kylie Mitchell,42,65,1978,1,Female,606 Spruce Boulevard,,Reading,PA,19607,40.33,-75.92,$24089,$49117,42380.0,769,3,49117.0,24089.0,1088,62520.0,3,67.78630838131798,24068,2007528.7299999997,83.41070009971746,86.80118708541701,2504.13,4
Mallory Morgan,69,70,1950,4,Female,128 Main Street,,Middleton,WI,53562,43.1,-89.5,$33808,$68930,72619.0,768,4,68930.0,33808.0,1089,26628.0,4,100.0,6149,122602.35,19.938583509513744,34.87868107158875,1293.27,2
Raelynn Williams,68,58,1952,1,Female,44 Ocean Avenue,91.0,Little River,SC,29566,33.87,-78.63,$13907,$20334,9544.0,684,2,20334.0,13907.0,1090,14032.0,2,68.01596351197263,21917,1531683.77,69.88564903955833,45.586246943095794,884.72,1
Freya Garcia,43,61,1976,7,Female,57799 Oak Boulevard,3380.0,Buffalo,NY,14211,42.88,-78.85,$12220,$24917,36101.0,693,2,24917.0,12220.0,1091,11807.0,2,100.0,16708,272040.47,16.28204871917644,37.34252045983631,749.75,1
Nicole Ajami,39,67,1980,12,Female,1533 Martin Luther King Lane,,South Beloit,IL,61080,42.48,-89.03,$21749,$44344,82822.0,744,3,44344.0,21749.0,1092,68287.0,3,100.0,7506,231276.47999999998,30.812214228617105,96.06321391194929,1070.64,5
Courtney Jones,38,68,1982,1,Female,377 Mountain View Drive,4.0,Ava,IL,62907,37.88,-89.49,$16825,$34311,61776.0,705,2,34311.0,16825.0,1093,11782.0,2,100.0,5276,136839.27000000002,25.936177028051556,38.11184511981071,851.17,1
Dallas Abe,57,62,1962,3,Male,252 Eighth Lane,,Saint Albans,WV,25177,38.37,-81.81,$17282,$35239,43270.0,726,1,35239.0,17282.0,1094,24089.0,1,100.0,6353,201753.69,31.75723122934047,80.72177287112099,1304.07,2
Dallas Ajami,55,66,1964,4,Male,959 Tenth Street,,Mokelumne Hill,CA,95245,38.29,-120.58,$18223,$37147,0.0,703,3,37147.0,18223.0,1095,40752.0,3,0.0,11468,444267.48,38.739752354377394,71.05954009685946,1448.22,3
Averi Taylor,50,64,1970,2,Female,61674 Elm Drive,6.0,Lebanon,OR,97355,44.52,-122.81,$17003,$34671,55643.0,786,6,34671.0,17003.0,1096,45355.0,6,100.0,26809,1053320.2,39.28979820209631,66.35244686958066,853.37,4
Colby Myers,57,69,1962,10,Male,936 12th Street,,Pasadena,MD,21122,39.11,-76.55,$30004,$61173,71422.0,692,3,61173.0,30004.0,1097,63425.0,3,100.0,17220,772298.6599999999,44.84893495934959,99.78458789365854,1281.77,4
Bria Ortiz,55,72,1964,9,Female,919 Ocean View Lane,,Manteca,CA,95337,37.73,-121.24,$23368,$47643,45706.0,764,8,47643.0,23368.0,1098,139730.0,8,32.71022686609891,18044,487745.16000000003,27.03087785413434,65.41389543090435,1224.15,5
Layla Kelly,60,61,1959,6,Female,498 Elm Lane,,Kingman,AZ,86401,35.24,-113.76,$17113,$34895,56622.0,820,4,34895.0,17113.0,1099,51640.0,4,100.0,13780,753112.37,54.652566763425256,75.70440324093637,1004.56,4
Oakley Harris,64,68,1956,2,Female,25 Elm Street,2.0,Keller,TX,76248,32.93,-97.22,$0,$1785,2892.0,732,3,1785.0,0.0,1100,1500.0,3,100.0,7436,104654.24,14.073996772458312,47.45547758194392,981.63,1
Zachariah Fernandez,98,69,1921,11,Male,468 Spruce Street,7.0,Vacaville,CA,95687,38.35,-121.93,$26137,$33869,370.0,821,7,33869.0,26137.0,1101,132405.0,7,0.27944564027038254,65336,1935300.0099999998,29.620729919186967,40.689283342042,1292.35,5
Giovanna Reyes,77,68,1943,1,Female,6864 Norfolk Boulevard,,Warner Robins,GA,31088,32.61,-83.63,$20835,$31066,20902.0,712,4,31066.0,20835.0,1102,54876.0,4,38.08951089729572,12134,656758.9199999999,54.12550848854458,57.65118284078427,843.65,4
Armani Hill,37,68,1982,5,Female,345 George Street,,Garland,TX,75044,32.91,-96.62,$27057,$55172,96779.0,629,3,55172.0,27057.0,1103,76252.0,3,100.0,14080,815435.62,57.91446164772727,100.00677376131917,1244.61,5
Carolyn Reyes,54,60,1966,2,Female,72990 Second Drive,,Hickman,NE,68372,40.62,-96.63,$23029,$46956,94340.0,610,2,46956.0,23029.0,1104,41822.0,2,100.0,8710,340333.02,39.073825487944895,93.1240144882764,1193.27,3
Rory El-Mafouk,53,61,1966,7,Male,5886 Ninth Boulevard,,Scottsdale,AZ,85260,33.61,-111.89,$36300,$74012,93119.0,681,2,74012.0,36300.0,1105,8477.0,2,100.0,7689,337499.74,43.893840551437115,101.04104414125976,1373.17,1
Atlas Evans,32,68,1987,3,Male,69080 Spruce Street,,Houston,TX,77035,29.76,-95.38,$20055,$40887,50734.0,688,4,40887.0,20055.0,1106,68084.0,4,74.51677339756772,8357,427535.86,51.159011607036014,71.68186543232416,872.11,5
Legend Thomas,32,65,1987,11,Male,6415 Sussex Lane,,Milton,PA,17847,41.0,-76.85,$16935,$34531,60156.0,703,4,34531.0,16935.0,1107,52995.0,4,100.0,11801,462312.98,39.1757461232099,79.27776992282618,1412.52,4
Maisie James,18,67,2001,7,Female,243 Forest Lane,,Howard Beach,NY,11414,40.66,-73.84,$26481,$53995,154800.0,673,1,53995.0,26481.0,1108,15000.0,1,100.0,98,4133.38,42.177346938775514,72.52398607513635,399.53,2
Destiny Fu,68,64,1951,6,Female,478 Hill Avenue,,Marietta,GA,30067,33.95,-84.54,$30747,$63502,24100.0,638,7,63502.0,30747.0,1109,178246.0,7,13.520640014362172,14021,709339.2000000001,50.59119891591185,102.14244968968771,1612.27,5
Romeo Fisher,51,67,1969,2,Male,849 Littlewood Drive,4.0,Lubbock,TX,79414,33.57,-101.87,$16272,$33178,92366.0,671,2,33178.0,16272.0,1110,15804.0,2,100.0,19917,860639.54,43.21130391123161,76.04850698490141,1430.06,2
Zain Ramirez,84,65,1935,4,Male,402 El Camino Drive,,Bradenton,FL,34212,27.48,-82.57,$29583,$44690,2249.0,733,5,44690.0,29583.0,1111,93403.0,5,2.407845572412021,37035,1751608.51,47.29603105170784,94.72941410538301,1872.86,5
Melody Nelson,56,61,1963,3,Female,6134 Littlewood Lane,7.0,Gulfport,MS,39503,30.38,-89.06,$19327,$39409,52076.0,599,1,39409.0,19327.0,1112,4900.0,1,100.0,6250,223172.96000000002,35.70767360000001,72.13947178201309,1004.79,1
David Fu,19,63,2000,5,Male,29894 Martin Luther King Lane,,Clearwater,FL,33755,27.97,-82.76,$16223,$33080,55066.0,692,3,33080.0,16223.0,1113,21182.0,3,100.0,140,6551.22,46.794428571428575,39.68864003125595,222.28,2
Musa Williams,54,64,1965,8,Male,52 Sixth Boulevard,,Alpharetta,GA,30005,34.06,-84.27,$43725,$89152,162012.0,675,1,89152.0,43725.0,1114,34877.0,1,100.0,11113,659529.97,59.347608206604875,129.16304604262643,1527.29,3
Lydia Moore,70,70,1950,2,Female,888 Lincoln Street,,Duluth,MN,55807,46.78,-92.11,$17474,$27772,14408.0,788,4,27772.0,17474.0,1115,28854.0,4,49.934151244194915,31674,1107033.0,34.95084296268232,55.411656154530036,1038.21,3
Mohamed Hall,66,65,1954,1,Male,5238 Plum Street,,San Martin,CA,95046,37.1,-121.6,$26188,$44137,22392.0,626,2,44137.0,26188.0,1116,58799.0,2,38.082280310889644,21126,747225.72,35.36995739846634,87.83219080462136,1931.33,4
Daniella Parker,66,69,1954,2,Female,7888 Fourth Street,,Vanceboro,NC,28586,35.3,-77.15,$14844,$30265,36789.0,814,4,30265.0,14844.0,1117,27412.0,4,100.0,23648,933321.4299999999,39.46724585588633,76.55422885673417,1169.56,2
Gary Peterson,55,69,1965,1,Male,2100 Summit Street,,Houston,TX,77031,29.76,-95.38,$18412,$37534,99840.0,706,3,37534.0,18412.0,1118,52671.0,3,100.0,9472,406678.0,42.934755067567565,85.6074152397317,1337.48,4
Kase Chen,21,67,1998,11,Male,3900 Rose Street,,Winslow,AZ,86047,35.1,-110.64,$15864,$32345,61066.0,730,3,32345.0,15864.0,1119,33376.0,3,100.0,205,11876.67,57.9349756097561,121.45317034540771,888.64,3
Adrian Rogers,38,70,1981,3,Male,2750 Rose Boulevard,,Postville,IA,52162,43.08,-91.56,$13332,$27183,58323.0,637,1,27183.0,13332.0,1120,83.0,1,100.0,10030,302621.77,30.171662013958127,38.25234634785264,499.0,1
Harlow Green,52,71,1967,8,Female,869 Little Creek Lane,1.0,Holland,MI,49423,42.77,-86.1,$18877,$38487,49725.0,691,3,38487.0,18877.0,1121,31056.0,3,100.0,11866,535696.7100000001,45.14551744480028,83.07054244923886,870.74,3
Melody Masvidal,69,69,1950,4,Female,131 Tenth Avenue,,Urbandale,IA,50322,41.63,-93.74,$26764,$33642,20874.0,593,5,33642.0,26764.0,1122,49362.0,5,42.2875896438556,13192,848775.67,64.34018117040631,109.59883840684351,1376.66,4
Trinity Campbell,51,67,1968,12,Female,3722 Valley Boulevard,,El Paso,TX,79902,31.84,-106.43,$16823,$34302,84935.0,651,3,34302.0,16823.0,1123,27802.0,3,100.0,33446,1314838.13,39.31226843269748,57.03997190075235,1140.14,2
Arianna Clark,31,67,1988,9,Female,775 Lexington Boulevard,,Georgetown,TX,78626,30.64,-97.68,$20968,$42754,60172.0,656,1,42754.0,20968.0,1124,18725.0,1,100.0,51,1295.1200000000001,25.394509803921572,43.90466442296355,152.9,2
Cassidy Hill,24,69,1995,4,Female,4020 Littlewood Street,,South Park,PA,15129,40.29,-79.99,$25037,$51045,127864.0,772,2,51045.0,25037.0,1125,11138.0,2,100.0,65,3224.5299999999997,49.60815384615384,54.64243526762265,269.62,1
Jonas Baker,84,69,1935,8,Male,463 12th Street,4.0,Gwynn Oak,MD,21207,39.32,-76.72,$20641,$24055,0.0,733,7,24055.0,20641.0,1126,108500.0,7,0.0,10689,371211.11,34.728329123397884,65.43250067821779,845.9,5
Mayson Collins,28,68,1991,12,Male,243 Wessex Avenue,,San Marcos,CA,92069,33.15,-117.17,$22081,$45021,77559.0,689,1,45021.0,22081.0,1127,6400.0,1,100.0,1323,66402.91,50.19116402116402,50.06225915639778,772.3,1
Edgar Cox,18,55,2001,5,Male,2819 Littlewood Lane,,York,PA,17406,39.96,-76.73,$22991,$46878,60121.0,578,1,46878.0,22991.0,1128,18373.0,1,100.0,248,10144.349999999999,40.90463709677419,42.952822852489376,194.38,2
Emberly Young,82,66,1937,9,Female,9952 South Lane,,East Hartford,CT,6108,41.76,-72.61,$20065,$22726,1692.0,784,6,22726.0,20065.0,1129,76369.0,6,2.2155586690934803,19772,549770.4700000001,27.805506271495048,62.65032816215914,831.37,5
Khari Sadr,49,65,1970,4,Male,2379 Forest Lane,,Oceanside,CA,92058,33.18,-117.29,$16894,$34449,36540.0,686,3,34449.0,16894.0,1130,40511.0,3,90.19772407494261,20383,1010012.1399999999,49.5516920963548,57.40414097233921,1129.61,3
Jakob Hall,36,66,1983,12,Male,7121 Fourth Avenue,4.0,Cassville,MO,65625,36.67,-93.86,$13895,$28334,0.0,700,3,28334.0,13895.0,1131,16847.0,3,0.0,14405,222272.59999999998,15.430239500173549,43.635323605091436,869.35,2
Vanessa Anderson,31,67,1988,8,Female,761 Main Avenue,,Snohomish,WA,98290,47.94,-122.0,$28037,$57166,111755.0,737,2,57166.0,28037.0,1132,29825.0,2,100.0,9037,289284.28,32.011096602854934,43.97238426438243,1115.98,3
Mariana Braun,59,67,1961,1,Female,535 Grant Boulevard,,Edinburgh,IN,46124,39.35,-85.96,$17585,$35854,49101.0,850,2,35854.0,17585.0,1133,23716.0,2,100.0,29381,720937.91,24.53755522276301,51.393352496711934,1164.72,2
Kallie Rodriguez,39,71,1980,7,Female,135 Littlewood Avenue,6.0,Oceanside,CA,92056,33.2,-117.29,$22050,$44958,91549.0,787,1,44958.0,22050.0,1134,23395.0,1,100.0,4888,315589.39,64.56411415711948,77.2050903037766,848.05,2
Macie Macron,62,72,1958,2,Female,8323 Catherine Boulevard,,Jefferson,NC,28640,36.42,-81.46,$14218,$28988,13351.0,694,4,28988.0,14218.0,1135,26789.0,4,49.83761991862332,14016,730650.54,52.12974743150685,49.01414898599089,1437.28,2
Casey El-Mafouk,53,65,1966,5,Male,7571 George Street,,Washington Court House,OH,43160,39.53,-83.43,$16544,$33729,0.0,763,4,33729.0,16544.0,1136,46745.0,4,0.0,13227,397359.18,30.041519618961214,72.83497971907337,1635.58,4
Alfonso Carter,31,69,1988,5,Male,766 Catherine Boulevard,,Fredericksburg,VA,22405,38.29,-77.48,$29157,$59455,96224.0,557,1,59455.0,29157.0,1137,11600.0,1,100.0,2858,165139.85,57.78161301609517,108.59909718404496,1594.91,1
Keagan Long,18,70,2002,2,Male,76 Grant Lane,,Brooklyn,NY,11210,40.64,-73.94,$23316,$47543,124177.0,667,1,47543.0,23316.0,1138,12600.0,1,100.0,156,6418.43,41.14378205128205,104.98814694601303,748.13,1
Addisyn Gomez,39,65,1980,4,Female,871 12th Lane,,Woodbridge,VA,22191,38.63,-77.26,$26618,$54273,110237.0,789,4,54273.0,26618.0,1139,77444.0,4,100.0,7793,485858.5,62.34550237392532,121.72776982123263,1307.03,5
Adelyn Sullivan,77,71,1942,6,Female,6335 Rose Lane,,Carson City,NV,89706,39.21,-119.71,$18239,$38692,8902.0,596,5,38692.0,18239.0,1140,46402.0,5,19.184517908710834,21256,1085205.88,51.0540967256304,65.35063952352466,682.61,4
Rene Fisher,54,69,1965,11,Male,0 Ocean Boulevard,,Mckeesport,PA,15132,40.33,-79.83,$14663,$29898,19719.0,714,5,29898.0,14663.0,1141,53194.0,5,37.06997029740196,10286,244053.8,23.726793700174994,46.76734727594124,935.8,4
Tinley Chen,22,60,1998,1,Female,566 Hillside Street,,Holiday,FL,34691,28.18,-82.74,$15418,$31443,52826.0,676,1,31443.0,15418.0,1142,8700.0,1,100.0,83,4415.35,53.19698795180723,102.99899415504822,523.76,1
Koda Reed,43,65,1977,2,Male,8061 Spruce Drive,3.0,Rolla,MO,65401,37.94,-91.76,$17428,$35538,71591.0,747,1,35538.0,17428.0,1143,7200.0,1,100.0,5348,212836.3,39.79736350037397,70.88256087135699,1358.02,1
Ameer Turner,43,67,1976,12,Male,924 First Drive,10.0,El Paso,TX,79912,31.84,-106.43,$24608,$50174,145300.0,643,4,50174.0,24608.0,1144,51790.0,4,100.0,6638,382062.04000000004,57.55680024103646,123.90454360371875,1300.13,4
Anton White,24,57,1995,6,Male,9226 Tenth Boulevard,,Fairfax,VA,22033,38.85,-77.29,$42884,$87436,135294.0,845,2,87436.0,42884.0,1145,41781.0,2,100.0,120,7184.959999999999,59.87466666666666,120.12120797298405,491.0,3
Aspen Martinez,33,67,1986,11,Female,3550 Sixth Boulevard,,Novato,CA,94947,38.1,-122.63,$30335,$61846,12525.0,722,4,61846.0,30335.0,1146,63720.0,4,19.656308851224104,5237,350254.08999999997,66.88067405002863,121.40576161106257,961.28,4
Makenzie Rogers,22,62,1997,7,Female,777 Valley Stream Lane,,Chicago,IL,60623,41.83,-87.68,$11951,$24369,37437.0,575,4,24369.0,11951.0,1147,32490.0,4,100.0,2819,179057.85,63.51821567931891,69.9146121379178,927.19,3
Willie Farhad,26,68,1993,10,Male,55 Madison Drive,,Bridgeport,TX,76426,33.2,-97.75,$21810,$44470,66413.0,721,3,44470.0,21810.0,1148,31189.0,3,100.0,4356,159140.56,36.53364554637282,85.47804799885395,1890.26,3
Lionel Bailey,28,65,1991,12,Male,1963 Summit Lane,,Fort Lauderdale,FL,33312,26.14,-80.13,$20995,$42806,49194.0,712,3,42806.0,20995.0,1149,21100.0,3,100.0,4441,119635.06,26.938766043683856,72.6193126471173,1295.07,2
Alina Harris,69,66,1950,12,Female,20 Oak Street,,Yorba Linda,CA,92886,33.89,-117.78,$38948,$99825,4344.0,685,4,99825.0,38948.0,1150,81459.0,4,5.332744079843848,64244,4105019.83,63.897326287279746,118.58254033384968,4729.38,5
Kyleigh Watson,44,66,1975,5,Female,8659 El Camino Street,,Hamilton,OH,45013,39.39,-84.56,$19569,$39898,43630.0,682,3,39898.0,19569.0,1151,52411.0,3,83.24588349773903,27653,623769.88,22.557041912269916,66.56696560971154,1070.37,4
Octavia Miller,39,70,1980,12,Female,470 11th Lane,,Indianapolis,IN,46237,39.77,-86.14,$24233,$49412,42378.0,830,3,49412.0,24233.0,1152,54694.0,3,77.48199071196109,11946,816941.04,68.38615770969362,103.27764868264062,1508.45,4
Alfred Powell,22,68,1997,8,Male,6614 Ninth Boulevard,,Manchester,TN,37355,35.46,-86.08,$16349,$33337,71679.0,712,1,33337.0,16349.0,1153,4800.0,1,100.0,121,5645.250000000001,46.65495867768596,54.39539431347982,186.57,1
Milan Sanchez,58,57,1961,4,Female,9384 Lake Street,,Revere,MA,2151,42.41,-70.99,$20979,$17078,25245.0,719,4,17078.0,20979.0,1154,72125.0,4,35.001733102253034,39711,1898129.9500000002,47.7985935886782,58.146561427101354,1191.93,5
Alaina Allen,28,66,1992,2,Female,9706 Mountain View Street,,Tucson,AZ,85741,32.33,-111.05,$21494,$43826,84935.0,823,1,43826.0,21494.0,1155,17614.0,1,100.0,11107,454245.32999999996,40.897211668317276,66.27406426917806,1428.21,2
Maisie Edwards,51,66,1968,10,Female,29693 Bayview Drive,,Ladera Ranch,CA,92694,33.56,-117.63,$47991,$97845,255288.0,836,4,97845.0,47991.0,1156,83338.0,4,100.0,9131,583753.63,63.9309637498631,126.30646486245983,1605.65,5
Harry Ryan,56,65,1964,2,Male,8943 11th Drive,,Bristol,TN,37620,36.56,-82.19,$17795,$36285,67244.0,759,5,36285.0,17795.0,1157,44885.0,5,100.0,10232,412727.49,40.3369321735731,90.3142723549755,1642.13,4
Kathryn Harris,31,60,1988,9,Female,9633 Mill Lane,8.0,Aurora,CO,80013,39.69,-104.81,$24849,$50666,102318.0,617,3,50666.0,24849.0,1158,58977.0,3,100.0,19992,862647.41,43.14963035214086,100.86812666719528,6613.44,4
Marley Anwar,51,68,1968,7,Female,5537 Eighth Street,,Minneapolis,MN,55419,44.96,-93.26,$40364,$82298,182301.0,789,6,82298.0,40364.0,1159,178730.0,6,100.0,19915,1405016.1099999999,70.55064574441376,113.0367079670756,1589.72,5
Khalid Masvidal,25,71,1994,8,Male,99791 12th Boulevard,,Round Rock,TX,78681,30.51,-97.67,$31839,$64917,102747.0,689,4,64917.0,31839.0,1160,106540.0,4,96.43983480382956,3499,199622.09000000003,57.05118319519863,96.47724101530073,776.49,5
Yamileth Taylor,26,54,1993,7,Female,541 Federal Avenue,,Saint Petersburg,FL,33705,27.75,-82.64,$18100,$36909,102869.0,821,1,36909.0,18100.0,1161,13831.0,1,100.0,317,17773.2,56.066876971608835,74.8961293640514,698.17,1
Trevor Jones,24,70,1995,6,Male,5458 Spruce Street,,San Diego,CA,92122,32.85,-117.2,$34848,$71054,106595.0,767,2,71054.0,34848.0,1162,58750.0,2,100.0,148,4935.99,33.351283783783785,76.32886094979041,606.43,4
Malaya Lee,83,66,1936,9,Female,7978 Main Lane,,Gonzales,LA,70737,30.21,-90.92,$24703,$16620,1140.0,804,8,16620.0,24703.0,1163,91739.0,8,1.2426557952452064,16361,757543.0,46.30175417150541,85.02231677707272,1217.45,5
Rowan Richardson,45,66,1974,12,Female,238 Ocean View Lane,2799.0,Whittier,CA,90603,33.94,-117.99,$27973,$57027,21798.0,709,4,57027.0,27973.0,1164,40489.0,4,53.836844575069776,9242,636270.4299999999,68.84553451633845,117.8102072878417,1080.09,3
Vicente Sanders,18,71,2001,10,Male,3699 Lafayette Avenue,3.0,Omaha,NE,68107,41.26,-96.01,$14199,$28950,61297.0,609,1,28950.0,14199.0,1165,2721.0,1,100.0,83,2038.56,24.560963855421686,43.01790071823023,117.99,1
Zaylee Butler,50,69,1969,3,Female,9061 Grant Avenue,8.0,Alpharetta,GA,30022,34.06,-84.27,$0,$1426,3154.0,680,3,1426.0,0.0,1166,1441.0,3,100.0,42952,526881.87,12.266759871484448,22.085237126694796,423.06,1
Quentin Rogers,55,72,1964,11,Male,7680 Fourth Street,94.0,Batesville,MS,38606,34.31,-89.93,$15354,$31308,59817.0,742,7,31308.0,15354.0,1167,89566.0,7,66.78538731214971,33972,575559.46,16.94217178853173,59.802080595465995,1453.61,5
Wilson Morales,26,64,1993,5,Male,345 Elm Avenue,988.0,Palm Coast,FL,32164,29.57,-81.21,$14546,$29658,45750.0,589,2,29658.0,14546.0,1168,2185.0,2,100.0,67,2466.12,36.80776119402985,38.49993509670418,232.28,1
Emanuel Gutierrez,48,65,1971,9,Male,9 Fourth Drive,8.0,Newburgh,NY,12550,41.5,-74.02,$22762,$46408,0.0,847,7,46408.0,22762.0,1169,98053.0,7,0.0,15187,356401.69000000006,23.467550536643184,66.06729472631727,1017.18,5
Myra Faraday,39,63,1980,4,Female,396 Park Street,6644.0,Glade Valley,NC,28627,36.48,-81.05,$11431,$23307,31064.0,789,1,23307.0,11431.0,1170,9600.0,1,100.0,6287,150887.01,23.99984253220932,53.046654028933425,895.15,1
Sariah Fisher,31,69,1988,3,Female,4238 Birch Lane,,Wildersville,TN,38388,35.78,-88.36,$14435,$29433,61260.0,693,3,29433.0,14435.0,1171,29802.0,3,100.0,6312,191366.90000000002,30.317949936628647,75.42089944259526,1139.02,3
London Nguyen,27,69,1992,6,Male,581 Seventh Drive,,Henderson,NV,89012,36.0,-115.04,$30025,$61222,142541.0,779,1,61222.0,30025.0,1172,8807.0,1,100.0,119,3553.43,29.860756302521008,36.39815246395552,267.89,1
Camryn Morris,46,68,1973,5,Female,539 Pine Boulevard,45.0,Panama City,FL,32405,30.17,-85.67,$19508,$39770,72827.0,711,4,39770.0,19508.0,1173,32153.0,4,100.0,8513,276814.06999999995,32.51662986021378,60.702864905460686,1156.37,3
Zoie Morgan,48,66,1971,9,Female,9716 Third Lane,,Reno,NV,89511,39.38,-119.87,$38345,$78180,102759.0,740,3,78180.0,38345.0,1174,45431.0,3,100.0,9350,445246.48999999993,47.619945454545444,100.44690095781507,1614.02,4
Demetrius Walker,29,67,1991,1,Male,202 Washington Drive,,Pierre Part,LA,70339,29.95,-91.2,$23208,$47317,42433.0,680,2,47317.0,23208.0,1175,23211.0,2,100.0,4238,163638.87,38.61228645587541,62.05858940591898,1065.86,2
Michael Abe,41,58,1979,1,Male,1036 Spruce Street,,Gooding,ID,83330,43.01,-114.7,$14925,$30432,101847.0,624,1,30432.0,14925.0,1176,11986.0,1,100.0,13278,638101.22,48.0570281668926,70.47752553265805,1433.54,1
Titan Harris,39,70,1980,5,Male,546 First Avenue,871.0,Maryville,MO,64468,40.34,-94.87,$18226,$37165,0.0,771,3,37165.0,18226.0,1177,25089.0,3,0.0,12373,355510.99,28.73280449365554,79.00456542409741,1667.24,2
Darwin Diaz,46,66,1973,12,Male,5659 Park Avenue,,Barberton,OH,44203,41.01,-81.6,$17856,$36405,31815.0,715,2,36405.0,17856.0,1178,43636.0,2,72.9099825831882,32481,960940.1,29.58468335334503,74.51249061612047,1667.46,4
Yousef El-Mafouk,30,61,1989,12,Male,334 Rose Boulevard,5.0,Lanham,MD,20706,38.96,-76.85,$23500,$47916,69567.0,612,1,47916.0,23500.0,1179,69.0,1,100.0,54,1131.36,20.95111111111111,20.840345012665065,68.18,1
Bobby Morgan,52,67,1967,5,Male,262 First Lane,,Merrill,WI,54452,45.18,-89.7,$19705,$40177,47012.0,698,4,40177.0,19705.0,1180,47592.0,4,98.78130778282063,17155,552118.52,32.184116584086276,76.90861550671568,1237.2,4
Colette Phillips,49,68,1971,2,Female,253 West Drive,,Burlington,WA,98233,48.53,-122.31,$19604,$39969,68456.0,713,3,39969.0,19604.0,1181,37024.0,3,100.0,9926,428313.33999999997,43.15064880112835,66.23163146967596,528.51,3
Cannon Myers,44,61,1975,9,Male,33 Seventh Boulevard,73.0,Alachua,FL,32615,29.77,-82.48,$21979,$44816,63043.0,625,1,44816.0,21979.0,1182,10900.0,1,100.0,14554,369966.15,25.420238422426827,58.33374159191857,1240.76,1
Niko Labelle,32,59,1988,1,Male,835 Main Avenue,,La Mirada,CA,90638,33.9,-118.0,$24845,$50658,72806.0,764,2,50658.0,24845.0,1183,18000.0,2,100.0,1979,160443.9,81.0732187973724,163.61181712078306,1797.98,2
Jaxxon Smith,21,68,1998,8,Male,125 First Avenue,,Antioch,TN,37013,36.04,-86.64,$20236,$41260,80574.0,682,2,41260.0,20236.0,1184,28853.0,2,100.0,91,3417.09,37.550439560439564,41.872008298237446,147.19,3
Reese Morgan,54,58,1965,3,Male,90 Sussex Drive,,Jamaica,NY,11434,40.68,-73.78,$20760,$42332,75213.0,616,6,42332.0,20760.0,1185,94210.0,6,79.8354739411952,17481,466722.32,26.698834162805333,71.36118149722945,1103.74,5
Marlee Ramirez,74,67,1946,1,Female,528 Lake Drive,,Belleville,IL,62226,38.53,-90.0,$22545,$23011,30510.0,721,3,23011.0,22545.0,1186,58823.0,3,51.86746680720127,14276,716223.72,50.16977584757635,70.86330318671288,855.96,4
Jefferson Gomez,64,61,1955,4,Male,66 Grant Lane,6.0,Morrisville,PA,19067,40.2,-74.78,$39495,$87317,41998.0,773,1,87317.0,39495.0,1187,6600.0,1,100.0,7004,572690.76,81.76624214734437,135.0075386918813,2255.93,1
Liana Bailey,72,65,1947,9,Female,521 Main Lane,,Colorado Springs,CO,80913,38.86,-104.76,$14645,$25243,18006.0,730,6,25243.0,14645.0,1188,36829.0,6,48.8908197344484,23351,519101.72,22.23038499421866,52.477383003128566,656.74,3
Joanna Roberts,24,70,1996,2,Female,18360 Valley Avenue,,Orange,CA,92867,33.81,-117.79,$28884,$58893,113715.0,666,3,58893.0,28884.0,1189,36000.0,3,100.0,190,9115.35,47.97552631578947,84.61610492153024,488.45,3
Craig Roberts,24,69,1995,7,Male,3221 Tenth Lane,,Sewell,NJ,8080,39.75,-75.09,$31547,$64319,0.0,757,3,64319.0,31547.0,1190,45074.0,3,0.0,166,7257.01,43.71692771084337,76.45434406299755,527.54,4
Conner Johnson,47,63,1972,8,Male,16893 Fifth Avenue,9.0,Mesquite,TX,75149,32.76,-96.59,$17810,$36319,44737.0,730,4,36319.0,17810.0,1191,43543.0,4,100.0,9486,413753.07,43.61723276407337,84.01242844567501,1061.67,4
Charles Clark,39,66,1980,9,Male,253 Lexington Avenue,6.0,Newport News,VA,23602,37.07,-76.51,$21186,$43192,33517.0,739,3,43192.0,21186.0,1192,56949.0,3,58.85441359813166,11040,557378.26,50.48716123188406,75.34621683521874,984.02,4
Sawyer Wright,46,58,1974,2,Male,95612 South Street,,Brandon,MS,39042,32.28,-90.0,$22304,$45476,67636.0,506,1,45476.0,22304.0,1193,25102.0,1,100.0,7848,402138.18000000005,51.24084862385322,81.77198963961513,1001.23,2
Billy Phillips,31,68,1988,8,Male,6606 Sixth Drive,,Cheyenne,WY,82001,41.14,-104.79,$20255,$41297,34703.0,685,2,41297.0,20255.0,1194,26665.0,2,100.0,6221,253556.15,40.75810159138402,95.12660362230075,833.79,2
Holland Braun,45,63,1975,1,Female,96493 Valley Stream Avenue,,Bethlehem,CT,6751,41.63,-73.21,$26674,$54384,69717.0,622,3,54384.0,26674.0,1195,69442.0,3,100.0,4894,368209.74,75.23697180220678,127.29071191982071,1685.01,5
Amina Perry,43,68,1977,2,Female,754 South Avenue,2178.0,Marion Center,PA,15759,40.77,-79.04,$16071,$32770,103262.0,641,4,32770.0,16071.0,1196,30004.0,4,100.0,17001,606611.34,35.680921122286925,90.21254143173861,2057.53,3
Adrianna Morales,26,66,1993,8,Female,5594 12th Drive,,Culver City,CA,90230,33.99,-118.39,$29972,$61104,79486.0,721,4,61104.0,29972.0,1197,84302.0,4,94.28720552300064,2228,122913.41,55.167598743267504,116.23869586987115,1339.19,5
Lane Labelle,55,67,1964,9,Male,203 Valley Lane,662.0,Mosinee,WI,54455,44.78,-89.68,$23216,$47334,87775.0,701,3,47334.0,23216.0,1198,36563.0,3,100.0,5632,277369.99,49.24893288352273,79.04412951292285,748.03,3
Iris Long,67,69,1952,7,Female,5456 Ninth Avenue,,Philadelphia,PA,19116,39.95,-75.16,$21497,$43828,60231.0,711,3,43828.0,21497.0,1199,50609.0,3,100.0,11761,276210.63,23.485301419947284,70.06298119790947,983.11,4
Emely Bell,47,69,1972,7,Female,646 South Lane,,Reedsville,OH,45772,39.14,-81.78,$16618,$33883,50616.0,524,1,33883.0,16618.0,1200,7600.0,1,100.0,4927,186062.47,37.76384615384615,66.7584174247724,875.81,1
Van Clark,44,72,1975,9,Male,5521 Spruce Avenue,,Montgomery,AL,36106,32.35,-86.28,$25009,$50993,75783.0,675,5,50993.0,25009.0,1201,89969.0,5,84.23234669719571,24119,1100235.0999999999,45.61694514697955,88.55847624513657,3690.6,5
Zane Bailey,48,66,1971,9,Male,829 Grant Boulevard,9.0,Oswego,NY,13126,43.45,-76.5,$20447,$41690,69869.0,763,2,41690.0,20447.0,1202,22063.0,2,100.0,15485,530018.8600000001,34.22788892476591,69.41743991029661,907.72,2
June Ortiz,29,66,1991,1,Female,331 Essex Drive,,Schaumburg,IL,60194,42.03,-88.08,$26545,$54122,166903.0,796,4,54122.0,26545.0,1203,81494.0,4,100.0,17460,809359.47,46.35506701030928,74.17435098421971,2183.61,5
Adan Howard,56,66,1963,3,Male,5651 North Boulevard,,Greenbelt,MD,20770,38.99,-76.88,$26467,$53966,135478.0,747,1,53966.0,26467.0,1204,13600.0,1,100.0,3389,110356.04000000001,32.56300973738566,70.82591334498258,884.43,1
Cecilia Ortiz,20,65,2000,1,Female,599 Hillside Drive,7.0,Telford,PA,18969,40.32,-75.32,$26273,$53569,79540.0,623,1,53569.0,26273.0,1205,21540.0,1,100.0,31,1636.14,52.77870967741936,56.998038887708624,224.09,2
Tatum Masvidal,67,70,1952,5,Male,172 Third Lane,,Chandler,AZ,85226,33.27,-111.94,$32056,$65362,27745.0,743,6,65362.0,32056.0,1206,124539.0,6,22.278161860943158,15428,1207269.1,78.25182136375422,115.02840960495136,1474.83,5
Donovan Diaz,58,72,1961,11,Male,250 Hillside Drive,,Millersburg,OH,44654,40.55,-81.91,$13259,$27035,58050.0,595,2,27035.0,13259.0,1207,23056.0,2,100.0,6860,247809.06,36.12376967930029,78.45530612409635,948.85,2
Aiden Labelle,38,74,1981,6,Male,190 Burns Avenue,,Wooster,OH,44691,40.81,-81.93,$18962,$38663,59053.0,686,3,38663.0,18962.0,1208,49313.0,3,100.0,11649,391240.67999999993,33.58577388617048,73.31938628252267,2202.37,4
Maleah Jenkins,22,65,1998,2,Female,637 Main Avenue,8.0,Lakewood,CA,90715,33.84,-118.07,$21940,$44740,103896.0,651,1,44740.0,21940.0,1209,10015.0,1,100.0,67,2827.32,42.19880597014926,55.172474575761946,421.42,1
Nova Morris,43,70,1976,9,Female,534 Sixth Boulevard,,Harvey,LA,70058,29.88,-90.06,$19126,$38994,0.0,728,4,38994.0,19126.0,1210,8624.0,4,0.0,13501,449721.19999999995,33.31021405821791,81.6557680381388,1756.95,1
Aleah Torres,54,67,1965,10,Female,3067 First Street,558.0,Dover,OH,44622,40.52,-81.47,$18794,$38318,93284.0,748,6,38318.0,18794.0,1211,76340.0,6,100.0,13295,407489.82,30.64985483264385,68.1679177828484,1456.18,5
Audrey Lee,42,73,1977,11,Female,8027 Main Drive,134.0,Mesquite,TX,75150,32.76,-96.59,$18452,$37623,923.0,726,6,37623.0,18452.0,1212,40124.0,6,2.3003688565447113,15272,783937.5599999999,51.33168936616029,67.62071964892917,808.69,3
Edward Cruz,32,65,1987,10,Male,702 Grant Drive,,San Ramon,CA,94583,37.78,-121.99,$0,$2365,0.0,769,3,2365.0,0.0,1213,1851.0,3,0.0,6624,119970.63,18.111508152173915,53.23444863556722,2554.03,1
Karina Leroux,50,65,1969,12,Female,477 Madison Lane,5.0,Daly City,CA,94014,37.68,-122.43,$23752,$48428,72566.0,654,1,48428.0,23752.0,1214,58.0,1,100.0,332,8029.18,24.184277108433736,37.484571457721025,99.0,1
Brycen Bell,58,66,1961,11,Male,50 Spruce Street,,Sacramento,CA,95823,38.47,-121.44,$15290,$31177,18859.0,689,5,31177.0,15290.0,1215,63606.0,5,29.649718580008177,10891,439520.54000000004,40.35630704251217,67.18315418585398,1165.59,4
Beckham Lopez,38,69,1981,10,Male,4232 Grant Drive,25.0,Leakesville,MS,39451,31.15,-88.55,$18746,$38223,30756.0,725,4,38223.0,18746.0,1216,74035.0,4,41.542513675964074,7139,200645.81,28.105590418826164,81.61907050632263,1230.02,5
Mckinley Young,53,64,1966,9,Female,634 Grant Boulevard,51.0,Atlanta,GA,30312,33.74,-84.37,$30157,$61490,116180.0,647,1,61490.0,30157.0,1217,27320.0,1,100.0,11725,843264.2899999999,71.92019530916843,163.69246476377424,2023.02,2
Mercy Phillips,41,78,1978,10,Female,9872 Lexington Street,,Alpharetta,GA,30004,34.06,-84.27,$45132,$92017,157723.0,703,3,92017.0,45132.0,1218,97155.0,3,100.0,19503,811331.55,41.60034610059991,83.70730455797619,1479.79,5
Ronan Thomas,43,69,1976,12,Male,85 East Drive,,El Paso,TX,79904,31.84,-106.43,$12313,$25109,92.0,850,3,25109.0,12313.0,1219,24463.0,3,0.3760781588521441,15711,482627.48,30.71908089873337,54.60329573554033,952.66,2
Fox Martinez,44,68,1975,5,Male,310 Bayview Boulevard,6.0,Saint Louis,MO,63112,38.63,-90.24,$19874,$40522,81572.0,801,5,40522.0,19874.0,1220,58637.0,5,100.0,13384,360181.41000000003,26.91134264793784,64.89361139506224,938.84,4
Koa Thompson,46,67,1973,4,Male,5692 Jefferson Boulevard,1.0,Hurst,TX,76054,32.83,-97.17,$30913,$63030,93406.0,791,5,63030.0,30913.0,1221,89697.0,5,100.0,20054,860626.3799999999,42.91544729231075,77.65377480094983,1628.89,5
Braylon Cox,61,65,1958,7,Male,8794 Catherine Lane,,Shelbyville,IN,46176,39.52,-85.77,$18324,$37362,21600.0,703,4,37362.0,18324.0,1222,57186.0,4,37.77148253068933,16145,544281.23,33.712061319293895,70.07534007650614,1133.81,4
Colson Nguyen,52,68,1967,7,Male,9028 Valley Stream Avenue,,Albany,NY,12203,42.66,-73.79,$27005,$55059,162462.0,735,3,55059.0,27005.0,1223,68471.0,3,100.0,20614,1449451.0899999999,70.3139172407102,75.20538989586387,1101.92,5
Frida Burns,49,67,1970,12,Female,676 Bayview Street,,Bothell,WA,98021,47.79,-122.2,$33226,$67743,67132.0,752,3,67743.0,33226.0,1224,68375.0,3,98.18208409506398,18452,1287660.31,69.78432202471276,109.0644314620777,2432.54,5
Amia Smith,33,65,1986,7,Female,3177 Oak Avenue,5.0,Johnson City,TN,37604,36.33,-82.36,$20142,$41069,64073.0,644,3,41069.0,20142.0,1225,51231.0,3,100.0,25702,1357319.2499999998,52.809868881799076,53.88526471111063,751.31,4
Declan Wilson,34,65,1985,9,Male,6781 Ocean View Drive,,Gainesville,GA,30504,34.29,-83.83,$15814,$32245,43097.0,625,1,32245.0,15814.0,1226,19132.0,1,100.0,11367,431154.04000000004,37.93032814286971,62.83830670950973,848.92,2
Keyla White,44,68,1975,6,Female,8476 Lincoln Street,,Charleston,SC,29492,32.78,-79.99,$41380,$84365,113529.0,796,5,84365.0,41380.0,1227,122516.0,5,92.66463155832707,25078,1261500.0099999998,50.303054868809305,123.02947651150797,1662.17,5
Ishaan Roman,55,65,1965,2,Male,7035 River Boulevard,,Silver Spring,MD,20901,39.01,-77.02,$30794,$62791,193215.0,692,4,62791.0,30794.0,1228,118577.0,4,100.0,28639,1483507.97,51.80027130835574,69.28796766624757,3102.02,5
Cyrus Myers,31,61,1988,4,Male,558 North Street,,Poland,ME,4274,44.06,-70.39,$22283,$45433,91998.0,523,1,45433.0,22283.0,1229,5900.0,1,100.0,4009,122332.06,30.514357695185833,54.928595045722304,878.6,1
Leandro Anderson,36,62,1984,2,Male,5867 East Street,,Lake George,NY,12845,43.42,-73.71,$20371,$41537,128044.0,582,1,41537.0,20371.0,1230,70.0,1,100.0,4569,144572.47999999998,31.642039833661627,62.346409102263145,1100.41,1
Jefferson Jenkins,58,71,1961,10,Male,3817 Martin Luther King Avenue,,Palos Verdes Peninsula,CA,90274,33.77,-118.34,$58517,$119308,89328.0,789,6,119308.0,58517.0,1231,390933.0,6,22.8499512704223,17684,1939929.94,109.6997251752997,149.76612778504767,2124.26,5
Cadence Fisher,25,66,1994,10,Female,6444 Maple Lane,,The Villages,FL,32162,28.92,-81.92,$8491,$17310,21853.0,749,2,17310.0,8491.0,1232,18062.0,2,100.0,367,12503.68,34.0699727520436,57.297669355945324,420.0,2
Gael James,75,66,1944,9,Male,239 Third Drive,,Dorchester Center,MA,2124,42.35,-71.06,$21695,$41316,22629.0,826,1,41316.0,21695.0,1233,20174.0,1,100.0,5430,241443.1,44.46465930018417,98.87593449355694,799.09,2
Santana Masvidal,52,65,1967,3,Male,14813 El Camino Drive,,Eastpointe,MI,48021,42.46,-82.94,$18487,$37686,41173.0,739,4,37686.0,18487.0,1234,84016.0,4,49.00614168729766,20580,566565.75,27.529919825072888,60.13336106369492,1043.59,5
Rylan Murphy,62,69,1957,3,Female,628 Third Avenue,,Sterling,NE,68443,40.46,-96.37,$17420,$35519,111115.0,744,1,35519.0,17420.0,1235,13461.0,1,100.0,8963,384033.99,42.846590427312286,128.71276470616473,1943.82,1
Julissa Allen,90,71,1929,10,Female,350 Main Boulevard,53.0,Palm Coast,FL,32137,29.57,-81.21,$17142,$31805,614.0,755,6,31805.0,17142.0,1236,72097.0,6,0.8516304423207622,42836,1917875.0199999998,44.77250490241852,57.56443636883999,2213.08,5
Barbara Phillips,43,58,1977,2,Female,973 River Street,,Seabrook,TX,77586,29.56,-95.02,$37415,$76288,120771.0,710,4,76288.0,37415.0,1237,84564.0,4,100.0,30103,1580865.76,52.51522306746836,65.66323326119894,1397.68,5
Margaret Williams,49,67,1970,6,Female,364 Plum Lane,,Green Bay,WI,54302,44.52,-87.98,$16801,$34255,36094.0,708,4,34255.0,16801.0,1238,26773.0,4,100.0,14520,415272.94000000006,28.600064738292016,67.3851789272624,1159.07,2
Zackary Lewis,24,65,1996,1,Male,34 Oak Boulevard,,Creswell,OR,97426,43.9,-123.02,$18364,$37443,0.0,745,1,37443.0,18364.0,1239,11200.0,1,0.0,90,4676.68,51.96311111111111,42.43825207533737,166.71,1
Beau Perry,51,65,1968,4,Male,822 Martin Luther King Drive,,Mesa,AZ,85213,33.44,-111.76,$25005,$50980,0.0,754,4,50980.0,25005.0,1240,77236.0,4,0.0,10072,648697.16,64.40599285146942,104.24597101577305,2801.0,5
Alexandria Bell,70,66,1949,10,Female,990 North Lane,51.0,Navarre,FL,32566,30.36,-87.17,$20045,$29164,19851.0,625,4,29164.0,20045.0,1241,63368.0,4,31.326537053402348,8363,392441.38,46.9259093626689,90.13377021238325,998.14,4
Noa Robinson,77,67,1942,12,Female,7239 Hill Lane,,Lebanon,PA,17042,40.34,-76.42,$20983,$30457,19314.0,520,5,30457.0,20983.0,1242,55294.0,5,34.92964878648678,9507,455605.91,47.923205006837065,59.5218713444368,816.51,4
Winnie James,47,67,1973,1,Female,820 Second Lane,6200.0,Los Angeles,CA,90062,34.0,-118.3,$13614,$27763,59691.0,691,1,27763.0,13614.0,1243,6000.0,1,100.0,13288,517307.77999999997,38.93044701986755,63.79323315193528,784.46,1
Abram Lewis,29,60,1990,12,Male,22 Mill Drive,,Chula Vista,CA,91910,32.63,-117.05,$20102,$40988,89801.0,540,3,40988.0,20102.0,1244,24319.0,3,100.0,212,11041.82,52.08405660377358,47.406756111902446,227.99,2
Zachary Myers,68,64,1951,12,Male,973 Federal Drive,,Clayton,NC,27520,35.64,-78.45,$22644,$38637,30595.0,643,4,38637.0,22644.0,1245,53527.0,4,57.158069759186944,14525,583138.97,40.14726127366609,68.56757489994412,895.3,4
Jonathan Adams,46,67,1973,10,Male,9232 Mill Drive,,Somerset,NJ,8873,40.49,-74.48,$32610,$66489,45974.0,729,4,66489.0,32610.0,1246,75189.0,4,61.14458231922223,14759,699513.12,47.395698895589135,91.67285534237577,5064.75,5
Roman Brooks,51,65,1968,12,Male,919 Martin Luther King Lane,,Raymore,MO,64083,38.81,-94.45,$24981,$50936,88447.0,681,3,50936.0,24981.0,1247,21492.0,3,100.0,13261,564323.69,42.5551383756881,83.39894989619403,3130.93,2
Noemi Sullivan,41,72,1978,3,Female,98086 Essex Drive,2.0,Laurel,MT,59044,45.6,-108.68,$19625,$40012,59472.0,849,4,40012.0,19625.0,1248,63481.0,4,93.68472456325514,20077,542970.31,27.044394580863678,65.30393265386911,965.63,4
Keegan Perry,50,71,1969,3,Male,772 Fifth Boulevard,8.0,Alta,IA,51002,42.67,-95.3,$16901,$34456,54634.0,752,4,34456.0,16901.0,1249,50629.0,4,100.0,65644,1984590.11,30.232620041435624,65.49641855131127,2697.93,4
Darren Murphy,59,67,1960,8,Male,6310 Sixth Street,2695.0,La Porte,TX,77571,29.66,-95.04,$26170,$53357,114266.0,690,5,53357.0,26170.0,1250,108566.0,5,100.0,18762,831174.8699999999,44.300973776782854,73.15510505438442,1083.78,5
Duncan Nguyen,28,65,1991,11,Male,914 George Street,5.0,Brooklyn,NY,11232,40.64,-73.94,$16985,$34629,34484.0,721,3,34629.0,16985.0,1251,23000.0,3,100.0,3727,151917.61000000002,40.76136570968608,77.0230857011234,498.0,2
Angelo Gutierrez,34,71,1985,9,Male,79948 Sixth Avenue,,Purcell,OK,73080,35.01,-97.37,$18137,$36983,58895.0,768,4,36983.0,18137.0,1252,57619.0,4,100.0,9820,496904.61,50.60128411405295,65.2732961441517,990.1,4
Halle Parker,49,67,1970,11,Female,803 Plum Avenue,,South Gate,CA,90280,33.94,-118.2,$14528,$29621,0.0,730,3,29621.0,14528.0,1253,23736.0,3,0.0,3343,132068.68,39.50603649416691,71.9937128017054,630.4,2
Rowen Brooks,64,67,1955,6,Male,317 Wessex Boulevard,,Clinton,MI,49236,42.06,-83.97,$20108,$41002,97188.0,685,6,41002.0,20108.0,1254,59987.0,6,100.0,15133,423357.82999999996,27.97580321152448,63.323052742694465,1199.16,4
Dennis Rodriguez,52,69,1967,7,Male,7970 Little Creek Drive,6.0,Lincolnton,GA,30817,33.79,-82.47,$14717,$30011,84166.0,589,1,30011.0,14717.0,1255,3400.0,1,100.0,21330,428394.92000000004,20.084150023441165,41.46465230568911,558.53,1
Rylie Cooper,32,72,1987,3,Female,4460 11th Avenue,1.0,Rockford,IL,61107,42.27,-89.06,$24589,$50137,90747.0,679,1,50137.0,24589.0,1256,6824.0,1,100.0,82,7990.51,97.44524390243903,142.56686894248068,1050.59,1
Quinton Powell,21,66,1998,4,Male,724 Valley Stream Street,,Garland,TX,75044,32.91,-96.62,$27057,$55166,70698.0,689,1,55166.0,27057.0,1257,20700.0,1,100.0,58,2247.31,38.74672413793103,60.01372958972578,322.64,2
Justin Ortiz,84,70,1935,5,Male,2116 Second Drive,,Dinuba,CA,93618,36.52,-119.39,$13194,$17016,691.0,714,4,17016.0,13194.0,1258,7308.0,4,9.455391351943076,20044,538217.6000000001,26.851806026741173,46.48874762347093,788.29,1
Valentino Jones,22,62,1997,7,Male,449 Washington Street,,Lexington,OK,73051,35.01,-97.33,$15966,$32557,60053.0,637,2,32557.0,15966.0,1259,349.0,2,100.0,227,4418.02,19.46264317180617,48.48317550109554,251.07,1
Cannon Johnson,47,72,1972,6,Male,77931 Lincoln Avenue,,Loganville,GA,30052,33.83,-83.89,$21556,$43954,60913.0,744,3,43954.0,21556.0,1260,55688.0,3,100.0,15358,715345.46,46.57803490037765,69.34720186058165,959.5,4
Raylan Morris,56,59,1964,2,Male,438 Seventh Avenue,,Indianapolis,IN,46256,39.77,-86.14,$31114,$63439,199706.0,786,2,63439.0,31114.0,1261,26571.0,2,100.0,40371,1600747.26,39.65091922419558,64.15401372629556,2960.63,2
Darrell Howard,73,65,1947,1,Male,471 Ocean Boulevard,,Farmington,MO,63640,37.78,-90.42,$17707,$34067,17902.0,628,1,34067.0,17707.0,1262,14475.0,1,100.0,11107,485670.60000000003,43.72653281714235,84.78148796550872,1267.37,1
Owen Anwar,47,70,1972,12,Male,148 Hillside Boulevard,,Lincoln,IL,62656,40.15,-89.36,$17510,$35699,63264.0,687,5,35699.0,17510.0,1263,36846.0,5,100.0,18325,1284603.7999999998,70.10116234652114,68.80236788996143,500.0,3
Roger Kelley,28,70,1991,9,Male,919 Washington Drive,,Westlake,OH,44145,41.45,-81.92,$36610,$74644,204251.0,792,3,74644.0,36610.0,1264,19478.0,3,100.0,6254,86473.88,13.826971538215544,28.847097520269333,1149.47,2
Cataleya Reed,26,65,1993,4,Female,8709 Fifth Street,,Jenison,MI,49428,42.9,-85.82,$20773,$42348,6204.0,754,4,42348.0,20773.0,1265,29400.0,4,21.102040816326532,156,4788.07,30.692756410256408,45.523425761285026,231.88,3
Kiera Wood,89,69,1931,1,Female,796 West Lane,,Torrance,CA,90503,33.84,-118.35,$31496,$68010,0.0,704,7,68010.0,31496.0,1266,130302.0,7,0.0,25387,1035606.54,40.792789222830585,58.44586311720978,949.6,5
Meadow Martinez,87,70,1932,8,Female,673 11th Drive,,Saint Paul,MN,55123,44.94,-93.1,$38514,$60652,0.0,688,4,60652.0,38514.0,1267,100962.0,4,0.0,20777,1062532.87,51.13985994128123,87.74920425065577,1369.03,5
Piper Garcia,39,70,1981,1,Female,6301 Hillside Avenue,,Los Angeles,CA,90022,34.02,-118.15,$13485,$27494,44258.0,702,3,27494.0,13485.0,1268,33888.0,3,100.0,3214,136891.15000000002,42.59214374611077,64.55082471570586,792.01,3
Juan Edwards,31,67,1988,4,Male,8446 Catherine Drive,698.0,Bakersfield,CA,93306,35.43,-118.83,$19023,$38788,77448.0,716,1,38788.0,19023.0,1269,15962.0,1,100.0,4548,245623.53,54.0069327176781,106.34510656037955,876.55,2
Maxine Torres,57,66,1962,6,Female,3196 Elm Boulevard,4.0,Saint Charles,IL,60174,41.92,-88.3,$33847,$69007,52218.0,720,4,69007.0,33847.0,1270,64698.0,4,80.71037744597979,24017,1264209.71,52.63811924886539,73.32839840236356,1141.67,4
Rhys Faraday,43,66,1976,4,Male,385 Pine Drive,,Newport,RI,2840,41.47,-71.3,$24194,$49328,6197.0,693,5,49328.0,24194.0,1271,93202.0,5,6.648998948520418,38530,1758932.8900000001,45.65099636646769,69.216339351876,1325.51,5
Maggie Faraday,65,61,1954,12,Female,35187 West Lane,,Santa Barbara,CA,93109,34.4,-119.72,$33097,$35404,30887.0,575,3,35404.0,33097.0,1272,68825.0,3,44.87758808572466,26918,1146776.06,42.602572999479904,66.96281013322938,1371.92,5
Hadley Davis,34,65,1985,3,Female,480 Ocean View Boulevard,,Lakeside,CA,92040,32.9,-116.89,$22740,$46361,69620.0,743,2,46361.0,22740.0,1273,42670.0,2,100.0,15409,521959.02999999997,33.87364721915763,55.94603098788316,909.28,3
Darrell Gomez,54,66,1965,4,Male,1416 Bayview Avenue,,Gainesville,FL,32608,29.67,-82.33,$25767,$52538,132409.0,602,1,52538.0,25767.0,1274,18627.0,1,100.0,23565,1029309.8500000001,43.67960322512201,92.7294566292468,1106.2,2
Amina Torres,73,65,1947,1,Female,835 Main Street,36.0,Brooklyn,NY,11216,40.64,-73.94,$19652,$31317,4591.0,687,4,31317.0,19652.0,1275,40078.0,4,11.455162433255152,19555,1068619.9100000001,54.6468887752493,72.24729408035762,771.55,3
Lucca Thompson,28,66,1991,10,Male,7933 Plum Lane,78.0,Pomona,CA,91768,34.06,-117.79,$16025,$32676,88515.0,641,1,32676.0,16025.0,1276,6000.0,1,100.0,2324,115328.5,49.625,91.26479733721783,1046.24,1
Jaiden Powell,33,60,1987,2,Male,6174 East Street,,Portland,OR,97213,45.53,-122.6,$26647,$54333,103224.0,584,1,54333.0,26647.0,1277,12500.0,1,100.0,2610,187697.93,71.91491570881226,126.47298513113937,975.41,1
Briggs Campbell,66,61,1953,7,Male,338 Littlewood Street,88.0,Lawrenceville,GA,30043,33.94,-83.99,$24252,$57383,20725.0,799,4,57383.0,24252.0,1278,61922.0,4,33.46952617809502,14881,627519.95,42.16920569854176,93.40745562002165,3677.13,4
Wayne Morales,44,65,1975,3,Male,704 Third Avenue,,Danielsville,GA,30633,34.12,-83.22,$15726,$32064,9833.0,709,3,32064.0,15726.0,1279,11889.0,3,82.70670367566659,10385,423494.72000000003,40.779462686567165,78.96554009042146,1770.37,1
Ember Merkel,53,66,1966,5,Female,810 Summit Lane,,Cambridge,MD,21613,38.56,-76.07,$16852,$34361,41375.0,643,1,34361.0,16852.0,1280,5200.0,1,100.0,12307,476809.46,38.74294791582027,62.26290539900862,1207.12,1
Davian Ortiz,59,54,1960,9,Male,350 Jefferson Boulevard,,Inglewood,CA,90302,33.97,-118.35,$18476,$28245,13411.0,669,1,28245.0,18476.0,1281,6090.0,1,100.0,21007,662668.87,31.545145427714573,63.54027497292199,1310.55,1
Kason Neufelder,26,69,1993,3,Male,4693 Essex Street,3.0,Rapid City,SD,57703,44.07,-103.23,$18816,$38363,63974.0,838,3,38363.0,18816.0,1282,42310.0,3,100.0,5016,302448.2,60.296690590111645,69.4700432022658,668.28,3
Kyrie Martinez,93,69,1926,9,Male,748 Martin Luther King Street,91.0,Bronx,NY,10456,40.84,-73.87,$12475,$10782,346.0,770,7,10782.0,12475.0,1283,39545.0,7,0.8749525856619043,12604,334756.19,26.55951999365281,52.701666631076385,899.42,3
Winnie Ortiz,86,68,1933,7,Female,406 El Camino Boulevard,,Richmond,VT,5477,44.4,-73.0,$26951,$35685,1135.0,714,5,35685.0,26951.0,1284,117913.0,5,0.9625741012441377,12479,581447.19,46.594053209391774,76.10446346749545,1234.92,5
Anne Cox,49,70,1971,2,Female,916 Birch Drive,,Naples,FL,34109,26.14,-81.79,$25006,$50984,65126.0,616,2,50984.0,25006.0,1285,30095.0,2,100.0,6468,688326.24,106.42025974025974,182.34424662439923,2065.59,3
Clare Foster,48,65,1971,9,Female,76 Lexington Boulevard,6458.0,Iowa City,IA,52240,41.65,-91.53,$23238,$47374,35312.0,714,2,47374.0,23238.0,1286,35000.0,2,100.0,9140,372094.37,40.71054376367615,72.83416493946099,1131.6,3
Rey Lee,33,66,1986,3,Male,632 Pine Drive,,Cordova,TN,38016,35.15,-89.75,$27474,$56018,100163.0,739,2,56018.0,27474.0,1287,46577.0,2,100.0,23025,1868155.96,81.13598089033658,78.74963985359877,1350.6,4
Rylie Campbell,23,65,1996,6,Female,427 Martin Luther King Street,3.0,Spring,TX,77389,30.06,-95.38,$35807,$73011,240352.0,794,2,73011.0,35807.0,1288,33300.0,2,100.0,91,5434.22,59.7167032967033,81.98341889520789,363.96,3
Thea Johnson,59,60,1960,6,Female,1892 Catherine Street,,Cave City,KY,42127,37.13,-85.96,$13456,$27439,84665.0,631,1,27439.0,13456.0,1289,15122.0,1,100.0,90,2899.2900000000004,32.214333333333336,84.43263483129941,454.0,2
Phoenix Sanders,35,69,1984,11,Female,4346 El Camino Boulevard,5.0,Jacksonville,FL,32222,30.33,-81.65,$20710,$42229,0.0,688,3,42229.0,20710.0,1290,48735.0,3,0.0,12289,435760.35,35.459382374481244,51.41320798295949,958.3,4
Lillian Kelly,54,58,1965,9,Female,780 Ocean Avenue,,Gloucester,VA,23061,37.43,-76.54,$21040,$42900,111007.0,802,6,42900.0,21040.0,1291,57362.0,6,100.0,26047,854372.27,32.80117748685069,64.54126010425179,1409.63,4
Frankie Allen,60,68,1959,8,Male,513 Tenth Avenue,,Wichita,KS,67204,37.68,-97.34,$19224,$39191,43396.0,756,6,39191.0,19224.0,1292,47371.0,6,91.60879018808976,9375,347196.78,37.0343232,82.68575143813237,886.76,4
Brennan Johnson,18,68,2001,6,Male,3033 Maple Lane,,Mc Lean,VA,22101,38.94,-77.19,$62840,$128123,135808.0,699,1,128123.0,62840.0,1293,61407.0,1,100.0,257,18179.629999999997,70.73785992217898,209.40300258294005,3142.91,4
Clyde Wright,68,71,1951,9,Male,26 El Camino Street,,Zion Grove,PA,17985,40.93,-76.25,$20340,$41473,98151.0,724,3,41473.0,20340.0,1294,62917.0,3,100.0,27951,960889.1000000001,34.37762870738078,69.13526133971406,738.97,4
Andy Bell,76,67,1943,8,Male,772 Lexington Street,2.0,Delphos,OH,45833,40.84,-84.33,$18287,$37829,20185.0,658,4,37829.0,18287.0,1295,69475.0,4,29.053616408780137,16207,588974.09,36.340722527303015,92.44312415423883,1856.39,5
Daniella Robinson,21,68,1998,8,Female,3701 Birch Street,,Lansing,MI,48911,42.7,-84.55,$16954,$34568,81953.0,765,1,34568.0,16954.0,1296,4087.0,1,100.0,145,2470.25,17.036206896551725,46.69084254997075,294.0,1
Adrian Perez,71,74,1948,6,Male,2786 Forest Lane,7.0,Springfield,OH,45506,39.92,-83.79,$14342,$29243,30686.0,726,4,29243.0,14342.0,1297,9862.0,4,100.0,14015,385091.28,27.477080271138068,51.412062439012715,1589.85,1
Aaliyah Martin,43,74,1976,4,Female,113 Burns Lane,,Pensacola,FL,32504,30.44,-87.18,$22247,$45360,14587.0,704,3,45360.0,22247.0,1298,41805.0,3,34.89295538811147,17649,600196.64,34.007402119100234,54.858861128011064,937.15,3
Bailee Nguyen,30,67,1989,8,Female,387 Plum Avenue,,Wenonah,NJ,8090,39.79,-75.14,$26193,$53407,125586.0,767,3,53407.0,26193.0,1299,17470.0,3,100.0,13056,808597.9,61.93304993872549,95.92937231848471,3197.28,2
Dakota Martinez,21,70,1998,9,Female,1241 11th Boulevard,,Rosemead,CA,91770,34.06,-118.08,$16101,$32829,44141.0,652,1,32829.0,16101.0,1300,1680.0,1,100.0,290,15123.099999999999,52.14862068965517,44.372614140748006,202.45,1
Joseph Sanchez,68,68,1951,4,Male,344 Washington Drive,895.0,Gretna,LA,70056,29.91,-90.05,$20042,$39832,5377.0,785,4,39832.0,20042.0,1301,50779.0,4,10.589023021327716,7434,419422.81,56.41953322571967,63.117876127994336,607.29,4
Emerson Rogers,31,68,1988,9,Female,256 Jefferson Street,,Henrico,VA,23231,37.55,-77.46,$21602,$44041,109159.0,680,2,44041.0,21602.0,1302,28820.0,2,100.0,6355,204058.34000000003,32.10988827694729,74.3770104926401,1137.57,3
Markus Masvidal,79,68,1940,10,Male,1699 West Lane,,Mentor,OH,44060,41.69,-81.33,$24878,$29517,2470.0,690,4,29517.0,24878.0,1303,71190.0,4,3.4695884253406377,22662,888656.0,39.21348512929133,111.33030644880108,1751.68,5
Annika Rivera,50,69,1969,4,Female,8886 Little Creek Street,1.0,Edgerton,WI,53534,42.83,-89.07,$21348,$43529,126175.0,797,6,43529.0,21348.0,1304,56204.0,6,100.0,12228,511382.74,41.82063624468433,82.75276546647567,708.7,4
Landen Martinez,53,66,1966,5,Male,852 Tenth Boulevard,,Clarksville,IN,47129,38.31,-85.76,$16097,$32820,23004.0,740,4,32820.0,16097.0,1305,45449.0,4,50.61497502695329,11175,510661.35,45.696765100671136,73.86786015101116,885.56,4
Javion Stewart,69,73,1950,11,Male,385 Maple Street,,San Mateo,CA,94404,37.55,-122.26,$47524,$96901,182809.0,701,5,96901.0,47524.0,1306,146517.0,5,100.0,17714,1288981.23,72.76624308456589,124.88274869032739,3070.87,5
Cason Thomas,60,66,1959,11,Male,933 Valley Lane,,Murphys,CA,95247,38.14,-120.45,$16448,$33540,74530.0,734,5,33540.0,16448.0,1307,64327.0,5,100.0,20656,622398.68,30.131616963594116,71.90181235999741,1287.84,4
Augustine Turner,26,68,1993,3,Male,2519 Park Boulevard,,Hutchinson,MN,55350,44.88,-94.37,$20699,$42201,138469.0,682,5,42201.0,20699.0,1308,64717.0,5,100.0,223,3554.23,15.938251121076233,41.94212445344036,230.97,4
Liliana Anderson,40,69,1979,3,Female,159 Plum Avenue,,New Bremen,OH,45869,40.43,-84.38,$24227,$49396,39549.0,814,3,49396.0,24227.0,1309,39914.0,3,99.08553389788044,22439,1790113.05,79.77686394224342,79.39529567449343,3961.56,3
Butch Labelle,48,66,1971,9,Male,6606 Oak Drive,,Oakdale,LA,71463,30.81,-92.65,$16816,$34287,77180.0,760,3,34287.0,16816.0,1310,31917.0,3,100.0,10866,388317.57,35.73693815571507,77.24829394286833,809.22,3
Sylvia Thomas,39,69,1980,4,Female,251 Main Lane,,Kokomo,IN,46901,40.47,-86.13,$16794,$34241,79551.0,784,2,34241.0,16794.0,1311,32848.0,2,100.0,12478,489919.47,39.262659881391244,79.20674206351957,954.67,3
Nickolas Fisher,40,67,1980,2,Male,8475 Essex Lane,4.0,Columbus,OH,43204,39.98,-82.98,$17778,$36247,34079.0,712,3,36247.0,17778.0,1312,51736.0,3,65.87096025978042,14366,448350.06,31.209109007378533,63.834715146358576,731.57,4
Conner Ross,63,65,1956,11,Male,8414 Tenth Drive,,Sioux Falls,SD,57110,43.54,-96.73,$25692,$52380,8764.0,850,6,52380.0,25692.0,1313,83481.0,6,10.498197194571219,17840,922375.6699999999,51.70267208520179,108.61242584462588,1709.18,5
Jamison Fernandez,18,68,2002,2,Male,4485 Plum Lane,207.0,Gloversville,NY,12078,43.05,-74.34,$17027,$34716,18962.0,850,3,34716.0,17027.0,1314,28129.0,3,67.41085712254257,137,2486.41,18.14897810218978,19.145621186959616,98.92,3
Adrien Rogers,85,67,1934,12,Male,8651 Seventh Street,,North Bend,OR,97459,43.48,-124.16,$16738,$38194,1674.0,680,3,38194.0,16738.0,1315,33122.0,3,5.05404263027595,23287,1110866.1800000002,47.703275647356904,72.92820978362731,1148.97,3
Emerson Wilson,64,67,1956,1,Male,894 Ocean Avenue,,Easton,PA,18042,40.68,-75.22,$21005,$42831,59948.0,566,3,42831.0,21005.0,1316,41282.0,3,100.0,4054,100049.45000000001,24.679193389245192,78.75007854728995,1198.92,3
Jazmin Clark,80,59,1939,10,Female,4259 East Lane,,Lancaster,PA,17603,40.04,-76.3,$19945,$34819,2971.0,696,2,34819.0,19945.0,1317,10700.0,2,27.766355140186917,10711,543222.88,50.716355148912335,75.39732981917807,1678.25,1
Jeffery Richardson,63,71,1956,9,Male,4117 Fifth Avenue,,Brooklyn,NY,11232,40.64,-73.94,$16985,$34637,12623.0,710,4,34637.0,16985.0,1318,22764.0,4,55.45159023018802,19020,932019.44,49.00207360672975,45.14161874424225,840.63,2
Savanna Peterson,50,61,1969,7,Female,415 Elm Street,7044.0,Hamtramck,MI,48212,42.39,-83.05,$8658,$17657,21899.0,614,2,17657.0,8658.0,1319,1263.0,2,100.0,4740,179848.65,37.94275316455696,75.77110090138767,651.24,1
Byron Leroux,79,65,1941,2,Male,9983 Park Drive,6.0,Bluffton,SC,29910,32.23,-80.86,$21679,$30434,23883.0,740,7,30434.0,21679.0,1320,109056.0,7,21.899757922535212,16190,555882.79,34.33494688079061,93.03709897077806,1220.51,5
Alayna Ward,23,65,1996,4,Female,1 Sixth Boulevard,,Tacoma,WA,98466,47.22,-122.54,$23366,$47639,0.0,732,2,47639.0,23366.0,1321,20634.0,2,0.0,184,4385.200000000001,23.832608695652176,80.52308552817207,734.41,2
Lyric Lewis,32,70,1987,12,Female,3535 West Drive,90.0,Los Angeles,CA,90023,34.01,-118.2,$12557,$25603,26348.0,729,2,25603.0,12557.0,1322,18540.0,2,100.0,6626,196227.66,29.614799275581046,59.66821321224477,732.47,2
Jaxton Adams,56,70,1963,5,Male,4943 Martin Luther King Lane,,Kissimmee,FL,34743,28.3,-81.41,$13964,$28476,0.0,693,3,28476.0,13964.0,1323,26776.0,3,0.0,4927,190378.96999999997,38.63993708138826,68.29236652934428,1040.96,2
Reed Williams,66,68,1953,3,Male,703 West Drive,,Alamo,TX,78516,26.18,-98.11,$10091,$20577,60152.0,825,4,20577.0,10091.0,1324,21838.0,4,100.0,17546,292881.22,16.69219309244272,42.77856138258807,1213.63,2
Harlan Faraday,64,67,1955,7,Male,37 River Boulevard,,Bowling Green,KY,42101,36.97,-86.44,$14839,$30252,24172.0,812,5,30252.0,14839.0,1325,51456.0,5,46.97605721393035,31993,963716.3800000001,30.122726221360928,61.96396747976798,837.53,4
Ryan Anwar,47,65,1972,8,Female,1532 Birch Drive,10.0,Grand Junction,CO,81506,39.08,-108.55,$24115,$49169,65994.0,747,2,49169.0,24115.0,1326,19300.0,2,100.0,21661,882350.47,40.734521490235906,78.23789819849188,1188.73,2
Santos Wright,92,67,1927,10,Male,31 Hillside Lane,,Tucson,AZ,85711,32.21,-110.88,$17460,$24960,889.0,707,9,24960.0,17460.0,1327,80831.0,9,1.0998255619749848,12252,753998.56,61.54085537055175,63.382694759107494,632.26,5
Giuliana Moore,44,63,1975,8,Female,66 Plum Avenue,,Zephyrhills,FL,33540,28.23,-82.17,$15187,$30967,61201.0,685,3,30967.0,15187.0,1328,26072.0,3,100.0,21991,865162.5,39.34166249829476,54.559170664247716,1111.78,2
Clay Murphy,50,64,1969,4,Male,4480 Hillside Avenue,6.0,Round Lake,IL,60073,42.34,-88.11,$22578,$46039,79738.0,672,4,46039.0,22578.0,1329,55414.0,4,100.0,25212,757303.5900000001,30.037426225606858,79.50068687502129,1566.05,4
Brooklyn Reed,50,68,1969,12,Female,773 12th Street,,Oshkosh,WI,54901,44.01,-88.55,$19573,$39911,93823.0,625,7,39911.0,19573.0,1330,85902.0,7,100.0,27996,888198.21,31.725896913844835,67.19564804287181,1055.36,5
Leandro Ryan,22,69,1997,8,Male,152 Sixth Avenue,,Tyler,TX,75703,32.32,-95.3,$27948,$56984,128684.0,680,5,56984.0,27948.0,1331,87913.0,5,100.0,244,9346.57,38.30561475409836,66.38461380494665,670.33,5
Ryan Russell,50,68,1970,2,Male,952 Valley Avenue,8.0,Crossville,TN,38555,35.95,-85.03,$13708,$27952,2070.0,850,3,27952.0,13708.0,1332,17274.0,3,11.983327544286212,12416,437048.54,35.20043009020618,54.8466844303394,621.46,2
Elise Howard,22,65,1997,6,Female,394 Essex Boulevard,,Fort Lauderdale,FL,33327,26.11,-80.39,$42160,$85954,108684.0,746,2,85954.0,42160.0,1333,99620.0,2,100.0,181,13012.62,71.89292817679558,90.27928569238593,411.04,5
Regina Turner,79,64,1940,8,Female,6337 Spruce Street,,Lakeville,MN,55044,44.67,-93.24,$34186,$57824,31354.0,668,5,57824.0,34186.0,1334,66363.0,5,47.246206470473005,22972,947803.2100000002,41.259063642695466,74.48795087262643,2703.45,5
Yareli Macron,29,68,1991,1,Female,21 Lafayette Drive,46.0,Campbellsport,WI,53010,43.59,-88.28,$21579,$43996,16260.0,842,3,43996.0,21579.0,1335,18211.0,3,89.28669485475811,3887,107065.23000000001,27.544437869822488,25.248256554760165,432.0,2
Shepherd James,41,66,1978,12,Male,7662 Mountain View Boulevard,,Roseville,CA,95678,38.76,-121.28,$25476,$51943,61722.0,794,3,51943.0,25476.0,1336,56671.0,3,100.0,15225,547600.1000000001,35.96716584564861,86.63240104399375,1706.51,4
Jaziel Bailey,34,73,1985,12,Male,2707 Main Boulevard,937.0,Memphis,TN,38117,35.1,-90.0,$33974,$69270,97114.0,540,1,69270.0,33974.0,1337,21652.0,1,100.0,11577,569327.93,49.17750107972705,107.58464410731933,1618.85,2
Laurel Gao,49,65,1970,8,Female,4480 Essex Drive,,Summerville,SC,29485,33.0,-80.17,$21769,$44383,42369.0,707,7,44383.0,21769.0,1338,96376.0,7,43.962189756785925,39310,1471210.0899999999,37.425848130246756,57.553417425874294,2245.18,5
Bryan Walker,82,63,1937,3,Male,19176 Grant Drive,,Richmond,VA,23226,37.55,-77.46,$43827,$92368,2689.0,719,4,92368.0,43827.0,1339,66877.0,4,4.020814330786369,22733,1696977.87,74.64821492983769,134.9585415430657,2146.32,5
Mavis Johnson,52,71,1967,11,Female,68 Sixth Avenue,,Chandler,TX,75758,32.3,-95.47,$17886,$36472,80469.0,526,2,36472.0,17886.0,1340,6899.0,2,100.0,7688,326292.42,42.44178199791883,83.64523794345622,968.48,1
Zander Moore,18,66,2001,6,Male,876 Main Avenue,,Northampton,MA,1060,42.32,-72.67,$25442,$51873,70144.0,731,2,51873.0,25442.0,1341,17393.0,2,100.0,74,2947.1000000000004,39.82567567567568,52.08062281878079,329.14,2
Marcelo Gao,47,72,1972,11,Male,37845 Main Street,,Keller,TX,76248,32.93,-97.22,$0,$3,5.0,750,2,3.0,0.0,1342,0.0,2,100.0,7528,116001.95999999999,15.409399574920297,45.065771794033225,1863.29,1
Braden Labelle,44,67,1975,7,Male,7485 Seventh Street,,Saint Johnsbury,VT,5819,44.41,-71.97,$18069,$36843,52248.0,772,5,36843.0,18069.0,1343,64635.0,5,80.83546066372709,27487,1205245.83,43.84784916505985,47.77598378797465,842.78,4
Maison Davis,26,66,1993,9,Male,9249 Third Lane,274.0,Port Saint Lucie,FL,34986,27.27,-80.35,$18946,$38634,42099.0,800,2,38634.0,18946.0,1344,23173.0,2,100.0,193,5367.040000000001,27.808497409326428,41.81126165722775,253.56,2
Drew Green,29,70,1990,12,Male,7109 Rose Street,,Thomasville,NC,27360,35.88,-80.07,$16642,$33933,5329.0,698,6,33933.0,16642.0,1345,68054.0,6,7.83054633085491,7586,297986.91000000003,39.28116398629054,82.40373125395767,707.55,5
Ryan Cruz,27,62,1992,7,Male,288 North Lane,,Fishers,IN,46038,39.95,-86.02,$31270,$63760,151177.0,716,1,63760.0,31270.0,1346,44885.0,1,100.0,12476,671291.8,53.806652773324785,80.4925467029156,990.98,4
Neil Moore,53,66,1967,1,Male,270 Plum Street,,Elk Grove,CA,95624,38.44,-121.3,$25949,$52904,144534.0,680,4,52904.0,25949.0,1347,47263.0,4,100.0,15586,649638.38,41.68089182599769,77.89924332832508,1186.12,4
Jayde Faraday,18,70,2002,1,Female,38 Fifth Street,,New Baltimore,MI,48051,42.68,-82.73,$23297,$47501,81625.0,735,2,47501.0,23297.0,1348,25834.0,2,100.0,214,9740.509999999998,45.51640186915887,50.29437266832328,311.23,2
Sophia Hill,59,66,1960,9,Female,420 Littlewood Drive,1.0,Raceland,LA,70394,29.71,-90.59,$20521,$41845,90940.0,673,4,41845.0,20521.0,1349,51178.0,4,100.0,17146,520978.0,30.384812784322875,61.891155195844334,685.84,4
Amayah Bell,56,63,1963,6,Female,6295 Summit Drive,,Temple City,CA,91780,34.1,-118.05,$22008,$44875,125909.0,510,1,44875.0,22008.0,1350,37.0,1,100.0,549,4523.49,8.239508196721312,21.859052209791862,100.0,1
Sean Morris,30,66,1989,10,Male,32 Fourth Drive,,Durham,NC,27712,35.98,-78.91,$28430,$57969,92382.0,691,2,57969.0,28430.0,1351,30700.0,2,100.0,8727,605150.85,69.34236851151599,110.26814162309937,1052.97,3
Archer Faraday,32,60,1987,5,Male,1867 Bayview Street,,Wilmore,KY,40390,37.86,-84.65,$15757,$32128,58373.0,724,5,32128.0,15757.0,1352,46005.0,5,100.0,12772,533748.6699999999,41.79053163169433,47.075586283490985,1019.77,4
Ashton Thompson,47,66,1973,2,Male,4541 Hill Boulevard,,Harrison,MI,48625,44.01,-84.8,$11036,$22505,27928.0,798,3,22505.0,11036.0,1353,22195.0,3,100.0,9028,225666.34,24.99627159946832,62.94160422514565,1242.75,2
Tara Long,60,65,1959,7,Female,822 Lake Drive,,Miami,FL,33175,25.77,-80.2,$18828,$38394,69393.0,693,5,38394.0,18828.0,1354,65228.0,5,100.0,7223,389026.03,53.859342378513084,71.72430049453968,911.82,4
Carl Jackson,30,67,1989,3,Male,640 Spruce Boulevard,10.0,Phoenix,AZ,85043,33.42,-112.2,$17165,$34998,60749.0,627,1,34998.0,17165.0,1355,4140.0,1,100.0,124,7980.259999999999,64.35693548387096,73.25500479629714,419.87,1
Foster Rivera,58,67,1961,8,Male,845 Littlewood Boulevard,,Harbor City,CA,90710,33.79,-118.29,$22032,$44924,27297.0,717,3,44924.0,22032.0,1356,49641.0,3,54.98881972563002,13216,287575.81,21.759670853510897,57.078335181304354,688.78,4
Adalynn Young,86,67,1933,12,Female,3631 Plum Boulevard,,Venus,TX,76084,32.42,-97.1,$19477,$23371,0.0,757,8,23371.0,19477.0,1357,113090.0,8,0.0,17706,472929.2,26.71010956737829,74.69748003760613,2294.12,5
Ashanti Fu,60,66,1959,5,Female,378 Fourth Boulevard,,New Castle,IN,47362,39.92,-85.36,$16273,$33178,85620.0,687,3,33178.0,16273.0,1358,18895.0,3,100.0,8497,393962.1,46.36484641638225,92.42712811078091,1168.63,2
Bellissima Martin,32,63,1987,8,Female,58221 Main Drive,8563.0,Norman,OK,73071,35.22,-97.34,$20640,$42084,57760.0,661,5,42084.0,20640.0,1359,76272.0,5,75.72897000209775,10890,374743.08999999997,34.411670339761244,79.16745457152739,992.87,5
Trenton Morales,24,69,1995,8,Male,39289 Essex Street,,Corona,CA,92880,33.9,-117.61,$28049,$57187,9756.0,714,2,57187.0,28049.0,1360,30932.0,2,31.54015259278417,129,5571.76,43.19193798449613,53.1047417126592,180.0,3
Zuri Xi,46,66,1973,6,Female,7853 Grant Street,96.0,Alvin,TX,77511,29.43,-95.24,$21956,$44768,59862.0,728,3,44768.0,21956.0,1361,47175.0,3,100.0,15354,704318.19,45.87196756545525,73.59609157015576,1108.27,4
Kyree Anwar,90,67,1929,12,Male,73 Summit Street,,Kailua,HI,96734,21.4,-157.73,$26370,$39214,0.0,781,5,39214.0,26370.0,1362,46457.0,5,0.0,12488,951503.0,76.19338565022422,99.42278662578713,1706.33,4
Kolton Bailey,73,71,1947,1,Male,80773 Essex Avenue,,Waukesha,WI,53188,43.01,-88.23,$27546,$38809,19912.0,788,4,38809.0,27546.0,1363,45978.0,4,43.30766888511897,21426,1070739.3900000001,49.97383506020723,79.63746098975798,1485.45,4
Haven Sanchez,55,77,1964,10,Female,4909 Maple Avenue,10.0,Pittsburgh,PA,15224,40.43,-79.97,$18392,$37495,28449.0,687,3,37495.0,18392.0,1364,30118.0,3,94.4584633773823,13709,502519.85,36.65620030636808,97.01656522088156,1133.63,3
Pablo Hall,49,63,1970,4,Male,227 Little Creek Street,258.0,Bristol,CT,6010,41.68,-72.94,$25405,$51802,91118.0,696,1,51802.0,25405.0,1365,11300.0,1,100.0,4348,198430.94,45.637290708371665,74.72602029529659,892.12,1
Katherine Walker,65,60,1954,11,Female,422 Madison Lane,,Rockville Centre,NY,11570,40.66,-73.63,$48994,$103294,39076.0,831,3,103294.0,48994.0,1366,52986.0,3,73.74778243309554,22760,1405814.18,61.766879613356764,116.17505816805543,2393.41,4
Emory Cooper,19,60,2001,1,Female,95 Main Avenue,,Dover,PA,17315,40.0,-76.84,$21400,$43634,52593.0,654,1,43634.0,21400.0,1367,735.0,1,100.0,20,2082.65,104.13250000000001,67.48582257593068,258.76,1
Augustus Martin,50,68,1970,2,Male,280 Lake Avenue,,Morristown,TN,37814,36.21,-83.29,$17104,$34868,51984.0,745,3,34868.0,17104.0,1368,46724.0,3,100.0,10337,308249.73,29.820037728547934,75.74852336411189,1075.64,4
Gemma Masvidal,61,64,1958,8,Female,860 Martin Luther King Boulevard,,Gunter,TX,75058,33.45,-96.74,$24364,$49677,108399.0,593,4,49677.0,24364.0,1369,54572.0,4,100.0,7997,510352.33,63.8179729898712,124.24750037399632,1714.99,4
Grady Xi,67,65,1952,9,Male,486 West Boulevard,,Rainsville,AL,35986,34.49,-85.84,$15562,$11029,3225.0,786,3,11029.0,15562.0,1370,32921.0,3,9.796178730901248,12568,396655.74,31.560768618714196,64.39458692323397,1324.31,3
Lyanna Cox,39,63,1980,7,Female,2244 Mill Boulevard,,Union,NJ,7083,40.69,-74.26,$28993,$59114,132715.0,730,2,59114.0,28993.0,1371,34168.0,2,100.0,13394,891326.72,66.5467164401971,99.7421361716621,1549.38,3
Paula Chen,43,68,1976,8,Female,7874 Wessex Street,,Owego,NY,13827,42.1,-76.26,$19901,$40576,54011.0,747,2,40576.0,19901.0,1372,41861.0,2,100.0,12963,809554.8500000001,62.451195710869406,79.60926024827366,1253.78,3
Amber Jenkins,77,72,1942,5,Female,8407 Littlewood Street,,Bradenton,FL,34207,27.48,-82.57,$13972,$31555,12777.0,696,4,31555.0,13972.0,1373,23186.0,4,55.10652980246701,5056,190748.66999999998,37.7271894778481,71.47190314656042,617.74,2
Cristiano Lewis,48,62,1971,8,Male,3248 Summit Lane,,Phoenix,AZ,85083,33.73,-112.14,$35727,$72844,207423.0,718,1,72844.0,35727.0,1374,27677.0,1,100.0,19828,1011006.7,50.988839015533586,72.84851388221584,2198.09,2
Corbin Price,24,65,1995,8,Male,952 Plum Avenue,,Mobile,AL,36618,30.68,-88.04,$17267,$35212,56286.0,765,2,35212.0,17267.0,1375,21179.0,2,100.0,246,10114.33,41.11516260162602,56.32480948201194,433.0,2
Annabel Leroux,47,66,1972,7,Female,27 Third Avenue,,Blue Springs,MO,64015,39.01,-94.28,$24057,$49045,0.0,727,3,49045.0,24057.0,1376,60817.0,3,0.0,12774,459743.73,35.9905847815876,87.84445875212187,1510.01,4
Katelyn Johnson,57,54,1962,12,Female,886 Plum Boulevard,,Ukiah,CA,95482,39.12,-123.28,$17899,$12044,10323.0,576,3,12044.0,17899.0,1377,37181.0,3,27.764180629891612,33482,740090.06,22.104117436234397,39.73255493659983,831.62,3
Jaxx Ward,38,71,1982,1,Male,10 Norfolk Boulevard,10.0,Wichita,KS,67212,37.68,-97.34,$22638,$46160,87459.0,763,4,46160.0,22638.0,1378,68843.0,4,100.0,23127,555870.99,24.035585679076405,75.33318462921663,2263.61,5
Thea King,46,71,1974,2,Female,576 Martin Luther King Street,,Beaverton,OR,97005,45.49,-122.8,$21702,$44249,103229.0,706,5,44249.0,21702.0,1379,54105.0,5,100.0,26264,612094.64,23.30546146816936,64.57808055964625,2692.02,4
Darius Taylor,76,70,1944,2,Male,4937 Maple Lane,,Port Orchard,WA,98366,47.54,-122.58,$21219,$30248,35766.0,763,4,30248.0,21219.0,1380,37887.0,4,94.40177369546282,31464,1586000.17,50.406819539791506,57.47081241578381,2017.6,3
Trevor Bailey,28,71,1991,9,Male,96707 East Boulevard,,Athens,AL,35614,34.78,-86.95,$16912,$34487,52077.0,702,1,34487.0,16912.0,1381,12186.0,1,100.0,119,4075.09,34.244453781512604,44.37659500643906,277.86,1
Jolene Fox,83,67,1936,12,Female,237 Hill Boulevard,,Wilmer,TX,75172,32.59,-96.68,$13917,$22873,0.0,710,5,22873.0,13917.0,1382,47683.0,5,0.0,14626,390284.81999999995,26.68431696977984,54.027416368167096,1460.87,4
Jaziel Ross,50,69,1969,5,Male,7037 Wessex Avenue,,Skiatook,OK,74070,36.36,-96.03,$21234,$43290,90238.0,690,4,43290.0,21234.0,1383,28457.0,4,100.0,13030,356141.15,27.332398311588644,71.7186006462828,973.67,3
Jazlynn Wood,28,73,1991,7,Female,875 Plum Street,,De Soto,KS,66018,38.97,-94.95,$24982,$50934,54406.0,720,3,50934.0,24982.0,1384,30063.0,3,100.0,10963,546383.46,49.83886344978564,96.88690656015677,1398.12,3
Eliezer Jones,23,65,1996,12,Male,986 East Avenue,9.0,Fairfax,VA,22033,38.85,-77.29,$42884,$87437,0.0,738,2,87437.0,42884.0,1385,212.0,2,0.0,132,2661.7700000000004,20.164924242424245,32.88127952461824,97.0,1
Hallie Leroux,25,70,1994,5,Female,8199 Norfolk Avenue,801.0,Edgewood,MD,21040,39.42,-76.29,$21177,$43178,74257.0,746,3,43178.0,21177.0,1386,43295.0,3,100.0,4909,213330.83000000002,43.457084946017524,81.95006592871809,731.77,4
Eliezer Bennett,51,63,1968,3,Male,2227 Federal Lane,,Daytona Beach,FL,32117,29.19,-81.05,$13425,$27372,54474.0,612,1,27372.0,13425.0,1387,1368.0,1,100.0,12135,488202.64,40.23095508858673,52.67324079868781,473.0,1
Kaia Bennett,33,65,1986,8,Female,19 Valley Stream Drive,,Circleville,OH,43113,39.6,-82.93,$18025,$36755,96292.0,810,2,36755.0,18025.0,1388,17000.0,2,100.0,215,7503.4,34.89953488372093,63.89599718705276,367.0,2
Rory Nelson,70,64,1949,12,Female,469 Grant Lane,,Albuquerque,NM,87120,35.11,-106.62,$24485,$40189,24169.0,621,1,40189.0,24485.0,1389,2450.0,1,100.0,26352,1205883.69,45.760613615664845,71.00226510144726,1288.5,1
Valentin Wilson,29,65,1991,1,Male,338 Spruce Lane,,Avis,PA,17721,41.18,-77.31,$15708,$32024,69171.0,754,1,32024.0,15708.0,1390,10582.0,1,100.0,1234,67612.07,54.790980551053494,100.22031842421718,941.8,1
Daphne Collins,34,65,1985,5,Female,100 Rose Lane,,Glen Cove,NY,11542,40.86,-73.63,$29426,$59999,128311.0,676,1,59999.0,29426.0,1391,22.0,1,100.0,3885,39509.29,10.169701415701416,2.7908308341467483,21.82,1
Harmoni Jackson,77,65,1942,5,Female,239 West Drive,,Springfield,KY,40069,37.68,-85.22,$16521,$22540,16946.0,705,6,22540.0,16521.0,1392,56698.0,6,29.88817947723024,25947,1147759.99,44.23478590973908,69.2354451438356,1205.95,4
Alaina Howard,38,66,1981,4,Female,6561 George Avenue,,Foristell,MO,63348,38.81,-90.96,$25756,$52512,95640.0,706,2,52512.0,25756.0,1393,41193.0,2,100.0,6990,376800.5,53.905650929899856,101.93401852256463,1713.08,3
Zaylee Diaz,44,69,1975,12,Female,5887 Seventh Lane,4298.0,Daly City,CA,94014,37.68,-122.43,$23752,$48430,62384.0,716,2,48430.0,23752.0,1394,30285.0,2,100.0,10033,533717.57,53.19620950862154,123.34483792051194,1467.27,3
Kayden Peres,36,66,1984,1,Male,152 West Drive,,Tacoma,WA,98403,47.26,-122.45,$31518,$64262,75415.0,775,4,64262.0,31518.0,1395,83375.0,4,90.4527736131934,18547,870829.46,46.952577775381464,118.17825043731655,4133.28,5
Maleah Gonzalez,48,64,1971,8,Female,716 Lake Avenue,,Houston,TX,77087,29.76,-95.38,$13862,$28267,35727.0,799,3,28267.0,13862.0,1396,14939.0,3,100.0,13711,504475.50000000006,36.79348698125593,53.08004158617555,1101.33,2
Tegan Fisher,70,65,1949,9,Female,817 Ocean Avenue,36.0,Aurora,CO,80013,39.69,-104.81,$24849,$45754,9066.0,718,4,45754.0,24849.0,1397,45426.0,4,19.95773345661075,18592,644257.1000000001,34.652382745266785,88.9330280742605,1495.69,4
Alisa Abe,80,67,1939,4,Female,7872 Oak Drive,,Danville,IL,61832,40.14,-87.61,$15755,$16646,1639.0,590,2,16646.0,15755.0,1398,16400.0,2,9.99390243902439,29788,1132740.04,38.026723512823956,78.81193555181956,1910.89,2
Elaine El-Mafouk,35,65,1984,3,Female,3963 Essex Drive,,Alvin,TX,77511,29.43,-95.24,$21956,$44766,68989.0,713,2,44766.0,21956.0,1399,35238.0,2,100.0,13645,883594.27,64.75590106266031,88.33495566807014,2801.89,3
Nancy Xi,34,66,1985,11,Female,6427 12th Boulevard,,Eastlake,OH,44095,41.65,-81.43,$20155,$41091,86837.0,695,6,41091.0,20155.0,1400,102084.0,6,85.0642608048274,12765,439094.30000000005,34.398300039169605,68.67014630354191,1942.26,5
Armani Diaz,43,71,1976,5,Male,441 River Street,5.0,Lake Havasu City,AZ,86404,34.61,-114.3,$14214,$28983,36482.0,755,3,28983.0,14214.0,1401,41527.0,3,87.85127748212007,17768,327867.39,18.45268966681675,46.714798381921995,745.64,3
Michael Allen,47,69,1972,7,Male,318 Ninth Lane,,Waianae,HI,96792,21.44,-158.18,$17175,$35016,54455.0,732,3,35016.0,17175.0,1402,28865.0,3,100.0,18551,884784.82,47.694723734569564,70.24413471231853,1300.65,3
Hannah Collins,82,69,1938,2,Female,2303 12th Lane,,Lamesa,TX,79331,32.73,-101.95,$14989,$23175,1626.0,723,5,23175.0,14989.0,1403,50604.0,5,3.2131847284799617,12213,393982.52,32.259274543519204,98.68380825846948,1338.61,4
Emerald Burns,49,66,1970,3,Female,211 Lexington Drive,,Lorain,OH,44052,41.44,-82.18,$14880,$30340,64661.0,552,3,30340.0,14880.0,1404,28623.0,3,100.0,19899,507990.06999999995,25.52842203125785,65.54380418990338,1202.03,3
Emma Gray,38,62,1981,9,Female,2182 Martin Luther King Street,3.0,Plattsburgh,NY,12901,44.69,-73.45,$20177,$41141,71060.0,683,2,41141.0,20177.0,1405,21064.0,2,100.0,14951,483774.16000000003,32.35731121664103,65.04936244745068,1531.59,2
Salma Jones,67,65,1952,10,Female,3667 Washington Avenue,,Saint Petersburg,FL,33704,27.75,-82.64,$34974,$23533,23132.0,687,1,23533.0,34974.0,1406,16750.0,1,100.0,5189,214555.18,41.34807862786664,75.92590925369274,2611.56,2
Chana Bennett,24,68,1995,9,Female,549 Ocean Boulevard,,Bronx,NY,10455,40.84,-73.87,$12939,$26382,13161.0,748,2,26382.0,12939.0,1407,12313.0,2,100.0,42,1608.1100000000001,38.288333333333334,46.27936730010916,181.22,1
Cason Sanders,29,66,1990,7,Male,7333 George Street,,Buckeye,AZ,85396,33.56,-112.57,$25449,$51891,83166.0,693,4,51891.0,25449.0,1408,43498.0,4,100.0,1278,58262.67999999999,45.58895148669796,82.43883691324118,1702.39,4
Austin Chen,41,65,1978,6,Male,6389 El Camino Drive,,Great Barrington,MA,1230,42.19,-73.35,$21365,$43560,58544.0,850,5,43560.0,21365.0,1409,87463.0,5,66.93573282416565,13297,643114.04,48.365348574866516,70.34331927746014,1042.41,5
Angelina Turner,51,56,1968,7,Female,2920 11th Boulevard,,Gulf Shores,AL,36542,30.27,-87.7,$15553,$31713,42895.0,646,1,31713.0,15553.0,1410,142.0,1,100.0,13233,454824.95999999996,34.37051008841532,40.5026127506918,486.0,1
Jesus Baker,29,66,1990,8,Male,506 Washington Lane,4.0,Orange,CA,92865,33.83,-117.85,$26180,$53376,60953.0,750,3,53376.0,26180.0,1411,55610.0,3,100.0,7682,379496.31,49.40071726112991,60.30385635467682,1315.45,4
Violet Johnson,58,75,1961,11,Female,3856 Valley Boulevard,,Joplin,MO,64801,37.08,-94.5,$16574,$33793,108196.0,768,4,33793.0,16574.0,1412,47828.0,4,100.0,24206,565737.67,23.371795009501778,63.86812652005413,1056.83,4
Aya Ross,71,65,1948,5,Female,391 South Street,7.0,Sanford,FL,32771,28.78,-81.27,$22585,$38009,20529.0,689,3,38009.0,22585.0,1413,62589.0,3,32.79969323683075,8203,427578.69000000006,52.12467268072657,82.18346644426616,991.54,4
Bentlee Labelle,40,64,1979,12,Male,69 Martin Luther King Street,,Monroe,CT,6468,41.36,-73.2,$37131,$75711,121251.0,750,1,75711.0,37131.0,1414,32704.0,1,100.0,8536,513813.91,60.193757029053415,116.91478982571898,1483.98,3
Zahir Ward,55,74,1964,9,Male,3570 North Boulevard,89.0,Lake Forest,CA,92630,33.64,-117.67,$30307,$61793,686.0,767,4,61793.0,30307.0,1415,67843.0,4,1.0111581150597704,21233,663398.45,31.243745584703053,59.13403370514728,1078.75,5
Cecelia Burns,31,74,1988,10,Female,7808 Lincoln Drive,,Ames,IA,50014,42.02,-93.62,$26190,$53395,73370.0,785,3,53395.0,26190.0,1416,62995.0,3,100.0,9058,438720.64,48.43460366526827,102.18925910788174,1281.31,4
Kate Collins,61,66,1958,8,Female,3987 11th Drive,7.0,Fayetteville,NC,28306,35.05,-78.87,$18316,$37342,48611.0,779,5,37342.0,18316.0,1417,58293.0,5,83.39080163999107,11223,494880.23,44.095182215094,93.41148826876974,1709.6,4
Florence King,59,68,1960,5,Female,3179 Seventh Drive,,Houston,TX,77015,29.76,-95.38,$17359,$35397,55112.0,828,5,35397.0,17359.0,1418,52044.0,5,100.0,11754,274287.09,23.335638080653396,58.41215093786322,883.06,4
Mathias Gao,52,66,1967,4,Male,304 Third Boulevard,,Parsippany,NJ,7054,40.85,-74.4,$34756,$70862,16595.0,745,5,70862.0,34756.0,1419,96384.0,5,17.217587981407704,36613,1997084.5,54.545776090459675,76.09324335449924,1244.17,5
Miranda Martinez,63,61,1957,1,Female,99 Valley Stream Street,,Schenectady,NY,12309,42.8,-73.92,$30839,$49569,58019.0,682,2,49569.0,30839.0,1420,24181.0,2,100.0,17103,1260987.89,73.72904695082734,96.92387314569052,1517.22,2
Nico Miller,29,69,1990,11,Male,556 Fourth Street,,Newton,KS,67114,38.04,-97.34,$18479,$37677,66737.0,685,2,37677.0,18479.0,1421,39947.0,2,100.0,5001,264978.44999999995,52.98509298140371,106.21672644231288,1347.6,3
Khloe Baker,50,65,1970,1,Female,801 Mountain View Street,4.0,Federal Way,WA,98003,47.3,-122.31,$21756,$44355,44779.0,680,3,44355.0,21756.0,1422,40747.0,3,100.0,23179,1233776.04,53.228182406488635,67.27826921200953,925.85,3
Alannah Gomez,78,68,1941,11,Female,9911 Rose Street,,Trinidad,CA,95570,41.13,-124.04,$15296,$22290,9235.0,716,6,22290.0,15296.0,1423,60445.0,6,15.27835222102738,23540,720847.94,30.622257434154626,64.9815028911159,1410.82,4
Raquel Russell,32,73,1987,4,Female,8121 North Boulevard,,Dayton,KY,41074,39.11,-84.46,$17278,$35227,25277.0,746,3,35227.0,17278.0,1424,29800.0,3,84.8221476510067,8971,269232.49,30.01142459034667,66.58482628869292,842.0,3
Mckenna Bell,73,65,1946,9,Female,8258 Jefferson Drive,,Camillus,NY,13031,43.03,-76.3,$24172,$48750,18724.0,709,8,48750.0,24172.0,1425,113416.0,8,16.509134513648867,22862,1482771.7999999998,64.85748403464262,85.2732283000053,1124.68,5
Zyaire Bennett,65,67,1954,9,Male,10 Third Avenue,,Burlingame,CA,94010,37.56,-122.37,$0,$645,790.0,688,3,645.0,0.0,1426,538.0,3,100.0,5058,91024.13,17.99607156979043,47.55273512388509,686.65,1
Lyric Ramirez,40,70,1979,11,Female,2578 Park Boulevard,,Hope,IN,47246,39.29,-85.76,$18295,$37299,31923.0,723,2,37299.0,18295.0,1427,12742.0,2,100.0,10708,431361.66,40.28405491221516,85.37301785808681,1233.51,1
Bill Merkel,94,66,1926,1,Male,93 Lafayette Boulevard,,Windsor,CO,80550,40.48,-104.9,$27185,$60080,1807.0,690,6,60080.0,27185.0,1428,123288.0,6,1.4656738693141262,36177,2649768.1399999997,73.24455151062828,64.89682413403374,1198.96,5
Kimber Sanders,51,64,1968,3,Female,5334 11th Avenue,,Odenville,AL,35120,33.68,-86.39,$20542,$41886,107734.0,768,3,41886.0,20542.0,1429,18886.0,3,100.0,24294,741594.93,30.52584712274636,44.60958258719324,1870.59,2
Savannah Bennett,47,55,1973,2,Female,892 Elm Street,,La Grange,IL,60525,41.8,-87.87,$34681,$70711,100226.0,741,2,70711.0,34681.0,1430,34708.0,2,100.0,17244,1172041.93,67.96810078868012,91.38074015386528,1416.39,3
Kenya Reed,49,68,1970,4,Female,2350 Bayview Street,236.0,Fullerton,NE,68638,41.36,-97.97,$13582,$27691,24480.0,687,2,27691.0,13582.0,1431,29651.0,2,82.56045327307679,15529,1251886.17,80.61601970506793,57.326585052165704,596.13,3
Maeve Phillips,35,62,1984,5,Female,775 Essex Lane,6.0,Newark,DE,19713,39.67,-75.75,$22319,$45508,93806.0,636,1,45508.0,22319.0,1432,9700.0,1,100.0,22680,463281.72,20.426883597883595,66.47367422512626,1046.45,1
Jaden Flores,45,65,1974,3,Male,13 Lake Drive,,Columbia,PA,17512,40.03,-76.49,$19663,$40093,81752.0,615,2,40093.0,19663.0,1433,17479.0,2,100.0,4795,142275.38,29.671612095933266,61.590719766396234,1315.96,2
Edward Farhad,59,62,1961,2,Male,795 Tenth Street,,Garland,TX,75040,32.91,-96.62,$18408,$37536,63386.0,717,3,37536.0,18408.0,1434,39636.0,3,100.0,12811,372061.91,29.042378424791192,76.42467692908312,1504.62,3
Gianna Cruz,18,69,2001,3,Female,94 Lafayette Avenue,,Mililani,HI,96789,21.45,-158.01,$27576,$56222,63846.0,726,4,56222.0,27576.0,1435,64797.0,4,98.53233946016019,116,5346.0599999999995,46.08672413793103,68.85826438236363,324.0,4
Maddox Gonzalez,35,67,1985,1,Male,9853 Sussex Street,,Russellton,PA,15076,40.61,-79.83,$14798,$30172,39959.0,653,2,30172.0,14798.0,1436,6087.0,2,100.0,24320,925954.3899999999,38.07378248355263,45.36907143611042,1642.92,1
Paisley Perry,47,65,1973,2,Female,675 Little Creek Drive,5.0,Brooklyn,NY,11222,40.64,-73.94,$25172,$51330,106161.0,597,2,51330.0,25172.0,1437,12748.0,2,100.0,18374,1201688.24,65.40155872428431,56.782400928990256,1365.65,1
Camille Lopez,37,68,1982,5,Female,365 Ocean Lane,,Holden,MA,1520,42.35,-71.85,$31514,$64252,92973.0,802,2,64252.0,31514.0,1438,68815.0,2,100.0,15251,875432.02,57.40161432037244,99.59480574701251,1005.72,5
Boston Peterson,45,57,1974,11,Male,7044 Plum Street,,Greenbrier,AR,72058,35.22,-92.38,$19589,$39942,52441.0,709,4,39942.0,19589.0,1439,36721.0,4,100.0,20055,566214.1699999999,28.23306756419845,51.13697862156291,496.0,3
Erika Ajami,65,62,1954,3,Female,440 Maple Drive,,Orange,NJ,7050,40.76,-74.23,$18012,$39077,14019.0,709,1,39077.0,18012.0,1440,29283.0,1,47.874193217908,5947,296896.26,49.92370270724735,58.530218287168836,1095.84,3
Seth Butler,49,66,1970,6,Male,6593 North Avenue,,Minneapolis,MN,55429,44.96,-93.26,$18660,$38039,27179.0,717,3,38039.0,18660.0,1441,54384.0,3,49.97609591056193,23723,816518.36,34.418849218058426,88.57019422999305,1724.21,4
Finley Wilson,23,65,1996,8,Female,361 Fourth Street,7.0,Lakeland,FL,33813,28.04,-81.96,$26325,$53675,82373.0,659,5,53675.0,26325.0,1442,39304.0,5,100.0,1660,89979.0,54.20421686746988,100.32815660621479,986.94,3
Jairo Xi,75,64,1945,2,Male,3095 Eighth Drive,63.0,Grand Rapids,MI,49534,42.97,-85.77,$21663,$42812,22171.0,631,4,42812.0,21663.0,1443,18623.0,4,100.0,18649,706606.65,37.8897876561746,45.33823551296866,935.17,2
Russell Harris,56,67,1963,4,Male,942 Lincoln Lane,,Los Angeles,CA,90002,33.94,-118.24,$11393,$23231,48624.0,726,3,23231.0,11393.0,1444,21518.0,3,100.0,17871,444311.17000000004,24.862132505175985,52.523194997530375,602.55,2
Alvin Reed,20,71,2000,1,Male,58 Bayview Street,8.0,Kennett,MO,63857,36.24,-90.04,$14824,$30229,43239.0,595,3,30229.0,14824.0,1445,20176.0,3,100.0,139,6290.43,45.25489208633094,106.45924808435478,498.05,2
Amari Ortiz,63,65,1956,10,Male,5159 Wessex Avenue,,Little Rock,AR,72209,34.72,-92.35,$13047,$26600,0.0,799,4,26600.0,13047.0,1446,47428.0,4,0.0,14894,310466.42,20.84506646971935,38.00032229839733,613.24,4
Kalani Kelley,32,71,1987,11,Female,13 Norfolk Avenue,26.0,Warwick,RI,2889,41.7,-71.42,$24424,$49800,137460.0,694,2,49800.0,24424.0,1447,40035.0,2,100.0,28696,914949.8400000001,31.88422916085866,53.786410812075374,1293.52,3
Cheyenne Morgan,63,57,1956,9,Female,219 Ocean Avenue,,Bethlehem,PA,18015,40.62,-75.36,$24571,$50696,32793.0,767,5,50696.0,24571.0,1448,65637.0,5,49.96114996114996,24851,1411620.3900000001,56.80336364733814,118.51604187195944,3104.71,5
Miles Sadr,30,64,1990,1,Male,7051 West Drive,,Stanton,CA,90680,33.79,-117.99,$17564,$35813,43474.0,748,2,35813.0,17564.0,1449,20600.0,2,100.0,8504,285720.65,33.59838311382879,64.52844758260464,2049.22,2
Christopher Ajami,38,65,1981,9,Male,969 Lexington Lane,,Chattanooga,TN,37415,35.06,-85.25,$21988,$44831,20906.0,705,3,44831.0,21988.0,1450,57441.0,3,36.39560592608068,13460,468710.29000000004,34.82245839524517,59.23965779402865,535.52,4
Sue Morales,39,62,1980,11,Female,719 Third Lane,8780.0,Monroe Township,NJ,8831,40.34,-74.44,$29088,$59313,102360.0,802,2,59313.0,29088.0,1451,45320.0,2,100.0,25745,1916327.69,74.43494620314624,77.79159058002296,1157.05,4
Paris Ramirez,49,67,1970,8,Female,924 Spruce Street,,Los Angeles,CA,90003,33.96,-118.27,$11073,$22583,62461.0,683,4,22583.0,11073.0,1452,25221.0,4,100.0,22788,668160.31,29.32070870633667,50.99626352479354,945.65,2
Liam Labelle,18,65,2002,2,Male,283 Rose Lane,1.0,Mission Viejo,CA,92691,33.6,-117.66,$30564,$62316,146487.0,813,1,62316.0,30564.0,1453,11500.0,1,100.0,57,5283.5599999999995,92.69403508771929,236.27280924596727,1652.38,1
Dominique Johnson,20,62,1999,8,Male,5310 Hillside Avenue,,Brooklyn,NY,11219,40.64,-73.94,$12433,$25350,70475.0,643,2,25350.0,12433.0,1454,10393.0,2,100.0,30,931.2099999999999,31.04033333333333,48.74698961531425,178.96,1
Everly Hughes,26,66,1993,9,Female,3114 East Street,,Fort Atkinson,WI,53538,42.92,-88.84,$21057,$42931,48783.0,742,3,42931.0,21057.0,1455,73602.0,3,66.27944892801825,7745,256841.19999999995,33.16219496449322,56.287115129180364,979.42,5
Kai Merkel,19,68,2000,5,Male,5966 Hill Boulevard,,Bensalem,PA,19020,40.1,-74.93,$24817,$50602,66762.0,722,2,50602.0,24817.0,1456,24776.0,2,100.0,187,8057.93,43.09053475935829,59.803395086609875,310.34,2
Bryce Long,32,71,1988,1,Male,4725 North Street,,Toledo,OH,43608,41.66,-83.58,$12101,$24668,22338.0,756,1,24668.0,12101.0,1457,10876.0,1,100.0,10103,499828.77,49.473301989508066,56.376052611122375,924.21,1
Jaylah Martin,63,62,1956,4,Female,899 Grant Lane,10.0,Ambler,PA,19002,40.15,-75.22,$44106,$56102,59198.0,850,1,56102.0,44106.0,1458,36200.0,1,100.0,17921,911042.4500000001,50.83658557000168,119.82620571996326,1860.35,3
Avi Stewart,61,62,1959,1,Male,4110 Lafayette Boulevard,10.0,Charleston,WV,25313,38.35,-81.63,$21705,$44257,110587.0,664,2,44257.0,21705.0,1459,25490.0,2,100.0,9508,411893.39,43.320718342448465,88.14684448950786,882.24,2
Otto Jackson,68,74,1952,1,Male,731 Martin Luther King Boulevard,,Houston,TX,77096,29.76,-95.38,$31072,$63355,140526.0,747,5,63355.0,31072.0,1460,93941.0,5,100.0,9534,676181.98,70.92322005454164,118.2990220443531,1723.1,5
Dallas Torres,55,68,1964,8,Male,9604 West Boulevard,,Seabrook,NH,3874,42.89,-70.87,$22448,$45767,41791.0,721,4,45767.0,22448.0,1461,32431.0,4,100.0,20678,746352.7,36.09404681303801,40.04967281899485,916.41,3
Macy Merkel,46,58,1973,5,Female,136 Tenth Boulevard,77.0,Anaheim,CA,92805,33.82,-117.91,$16252,$33137,40559.0,706,2,33137.0,16252.0,1462,17120.0,2,100.0,14832,589079.86,39.7168190399137,64.47863322939796,958.22,2
Stetson Hughes,79,65,1940,4,Male,760 Tenth Avenue,,Washington,IL,61571,40.69,-89.43,$24926,$37898,32994.0,517,2,37898.0,24926.0,1463,23162.0,2,100.0,16490,641733.96,38.91655306246209,68.55591965089427,1438.33,2
Cain Morgan,27,67,1992,7,Male,9517 Ninth Street,85.0,Colchester,VT,5446,44.53,-73.15,$26033,$53082,106945.0,689,3,53082.0,26033.0,1464,54896.0,3,100.0,86,5326.72,61.93860465116279,80.19666662391826,312.0,4
Terry Neufelder,25,68,1995,2,Male,4920 Valley Stream Drive,,Locust Grove,GA,30248,33.34,-84.1,$21682,$44204,59310.0,710,3,44204.0,21682.0,1465,37184.0,3,100.0,2481,99892.6,40.263039097138254,79.08006243116766,788.49,3
Marvin Roberts,24,61,1995,5,Male,5653 North Drive,,Phoenix,AZ,85022,33.62,-112.05,$26023,$53061,84073.0,743,3,53061.0,26023.0,1466,30341.0,3,100.0,315,14534.11,46.140031746031745,60.06921758495639,832.59,3
Yamileth Lee,28,67,1991,7,Female,993 Ninth Street,,Prattville,AL,36066,32.46,-86.44,$21796,$44444,130382.0,706,1,44444.0,21796.0,1467,38.0,1,100.0,98,2142.65,21.863775510204082,25.1301297947429,94.0,1
Tyson Kelley,67,67,1952,9,Male,159 Mill Street,7.0,Carleton,MI,48117,42.05,-83.38,$22321,$56542,9097.0,733,6,56542.0,22321.0,1468,91998.0,6,9.888258440400879,20602,382817.66000000003,18.58157751674595,65.63221549921457,1274.3,5
Ryann Faraday,24,67,1995,4,Female,165 Plum Avenue,,Ashland,MS,38603,34.83,-89.17,$13161,$26839,70077.0,805,2,26839.0,13161.0,1469,17900.0,2,100.0,488,19454.51,39.86579918032787,55.12719757130984,418.0,2
Ira Walker,51,69,1968,5,Male,166 River Drive,,Harwood,MD,20776,38.86,-76.6,$33529,$68362,96182.0,711,2,68362.0,33529.0,1470,32813.0,2,100.0,9374,667380.04,71.19479837849372,102.33368837400916,3109.13,3
Kairo Mitchell,30,60,1989,6,Male,978 Wessex Avenue,,Piney Flats,TN,37686,36.44,-82.34,$22388,$45649,150985.0,693,1,45649.0,22388.0,1471,16317.0,1,100.0,6904,287147.44,41.591460023174974,77.95880992884554,717.84,2
Kenna Faraday,34,66,1985,11,Female,5411 Madison Avenue,,Killeen,TX,76543,31.09,-97.71,$14665,$29897,27736.0,760,6,29897.0,14665.0,1472,50116.0,6,55.343602841407936,19082,794493.52,41.63575725814904,42.290948317156314,1078.47,4
Hannah Gonzalez,35,67,1984,3,Female,3369 Wessex Avenue,3.0,Roseville,CA,95661,38.74,-121.25,$29367,$59872,95927.0,752,4,59872.0,29367.0,1473,88287.0,4,100.0,14871,772709.72,51.96084459686638,101.92338423922749,1289.57,5
Isaias Ross,51,72,1968,4,Male,865 Wessex Lane,,Cookeville,TN,38501,36.15,-85.5,$15955,$32531,78193.0,631,4,32531.0,15955.0,1474,60632.0,4,100.0,10588,424947.14,40.134788439743105,61.65456042159983,1120.18,4
Celine White,41,64,1978,6,Female,608 Washington Drive,,Winston,GA,30187,33.65,-84.86,$22613,$46108,64994.0,635,1,46108.0,22613.0,1475,21087.0,1,100.0,8714,359719.75,41.28066903832912,76.18405774721671,1207.72,2
Jaden Gonzalez,54,66,1966,2,Male,938 Forest Street,,Brownsville,TX,78521,25.92,-97.48,$11140,$22714,27227.0,702,3,22714.0,11140.0,1476,28250.0,3,96.3787610619469,19780,579121.31,29.27812487360971,55.89146180741966,1140.67,3
Meredith Anwar,77,65,1942,4,Female,456 Birch Lane,15.0,Belfair,WA,98528,47.43,-122.92,$19640,$44807,13730.0,751,4,44807.0,19640.0,1477,71956.0,4,19.08110511979543,25026,551338.2499999999,22.030618157116596,61.355354766740525,1725.02,5
Maya Lewis,39,65,1980,5,Female,796 Sussex Avenue,,Switz City,IN,47465,39.03,-87.05,$15285,$31170,33165.0,685,5,31170.0,15285.0,1478,67772.0,5,48.93613881839108,15627,447326.97,28.62526204645805,56.752442696834294,1177.85,5
Rylan Rodriguez,33,69,1986,10,Female,928 Bayview Street,,Portage,WI,53901,43.54,-89.46,$19635,$40029,0.0,787,3,40029.0,19635.0,1479,35911.0,3,0.0,7798,346207.69,44.396985124390866,81.15112305806723,824.96,3
Kai Sanchez,38,67,1981,9,Male,889 Forest Lane,,Gainesville,FL,32605,29.67,-82.33,$24992,$50957,73187.0,653,2,50957.0,24992.0,1480,11730.0,2,100.0,5676,464750.02,81.8798484848485,133.1576142150507,1159.7,1
Jillian Carter,26,69,1993,4,Female,445 Fourth Lane,9921.0,Edinburg,TX,78542,26.35,-98.11,$11763,$23987,39071.0,630,1,23987.0,11763.0,1481,1077.0,1,100.0,160,7029.12,43.932,43.81960966279822,155.88,1
Allen Ward,50,70,1970,1,Male,1504 Lincoln Drive,941.0,Wickes,AR,71973,34.29,-94.33,$13123,$26758,41064.0,734,5,26758.0,13123.0,1482,21062.0,5,100.0,9079,392160.35000000003,43.19422293204098,75.62147727355637,642.48,2
Lillianna Davis,69,71,1950,9,Female,6466 Ninth Drive,,Bakersfield,CA,93308,35.54,-118.91,$21654,$44152,90526.0,700,5,44152.0,21654.0,1483,84863.0,5,100.0,15726,734274.25,46.69173661452372,76.36671144405403,1205.2,5
Eva Perry,21,68,1998,12,Female,649 Second Avenue,,New York,NY,10010,40.71,-73.99,$91487,$186534,233746.0,590,1,186534.0,91487.0,1484,33.0,1,100.0,40,983.26,24.5815,5.194788999564851,32.55,1
Marcelo Foster,18,66,2002,2,Male,62715 Sixth Avenue,,Hamburg,NY,14075,42.72,-78.83,$24121,$49185,92484.0,690,2,49185.0,24121.0,1485,32892.0,2,100.0,178,8497.24,47.73730337078651,72.1523894075766,409.67,3
Abram Sullivan,30,66,1990,2,Male,835 George Drive,,Miami,FL,33176,25.77,-80.2,$28871,$58865,94134.0,727,2,58865.0,28871.0,1486,68992.0,2,100.0,5595,348494.9,62.2868453976765,137.55113656010298,1408.86,5
Sally Russell,49,66,1970,9,Female,791 11th Boulevard,,Henrico,VA,23228,37.55,-77.46,$20917,$42652,133935.0,729,6,42652.0,20917.0,1487,90235.0,6,100.0,18923,847944.6299999999,44.81026422871637,62.113239543861646,1246.13,5
Kinsley Kelley,43,65,1977,1,Female,7512 South Boulevard,,Appleton,WI,54913,44.26,-88.39,$36825,$75080,35268.0,747,3,75080.0,36825.0,1488,52702.0,3,66.91966149292247,24933,980203.83,39.31351341595476,67.0083085528466,1287.44,4
Isla Ward,56,69,1963,10,Female,7532 Park Boulevard,962.0,Kuna,ID,83634,43.43,-116.32,$19198,$39146,72957.0,766,3,39146.0,19198.0,1489,43100.0,3,100.0,6027,301789.25,50.07288037166086,85.05578813229681,969.37,3
Maliyah Morales,75,65,1944,12,Female,402 Birch Boulevard,,Tacoma,WA,98404,47.2,-122.4,$16941,$11410,0.0,812,7,11410.0,16941.0,1490,56966.0,7,0.0,31796,796624.0299999999,25.05422160020128,65.87731960141888,1193.18,4
Malachi Perez,61,65,1958,11,Male,186 Forest Avenue,11.0,Sterling Heights,MI,48313,42.58,-83.03,$22974,$46843,66529.0,736,2,46843.0,22974.0,1491,27901.0,2,100.0,22148,835044.6699999999,37.70293796279574,69.25894345646186,1429.38,2
Lily Anwar,23,70,1996,7,Female,473 El Camino Street,8.0,Torrance,CA,90504,33.86,-118.33,$25900,$52815,77064.0,658,2,52815.0,25900.0,1492,27585.0,2,100.0,85,1683.9800000000002,19.81152941176471,33.94786159793669,141.03,2
Jazlynn James,18,71,2002,1,Female,197 George Drive,,Douglas,GA,31535,31.5,-82.85,$15701,$32014,61420.0,728,3,32014.0,15701.0,1493,51336.0,3,100.0,370,12660.66,34.217999999999996,39.913266463467814,279.23,4
Savanna Perez,44,71,1975,7,Female,6624 Valley Street,,Saint Simons Island,GA,31522,31.21,-81.37,$26808,$54659,73363.0,628,1,54659.0,26808.0,1494,9272.0,1,100.0,11279,658117.26,58.34890149835979,90.48688531915009,1524.29,1
Khalid Allen,44,66,1975,7,Male,6882 Forest Drive,,Laurel Hill,NC,28351,34.8,-79.54,$13683,$27896,42046.0,710,3,27896.0,13683.0,1495,10477.0,3,100.0,11429,268779.41,23.51731647563216,61.06076563576587,767.32,1
Dario Collins,51,68,1969,1,Male,599 East Lane,,Coventry,RI,2816,41.68,-71.66,$25111,$51196,26617.0,681,3,51196.0,25111.0,1496,29744.0,3,89.48695535233998,15069,872206.69,57.880860707412566,101.79720609834895,1586.8,3
Caylee Edwards,52,67,1967,5,Female,903 Hill Boulevard,,Crown Point,IN,46307,41.42,-87.35,$26168,$53350,128676.0,685,5,53350.0,26168.0,1497,78064.0,5,100.0,38115,2103098.84,55.17772110717565,67.45993551967652,1291.01,5
Alannah Farhad,44,65,1976,2,Female,4121 Mountain View Boulevard,4.0,West Harrison,NY,10604,41.05,-73.74,$45812,$93406,151935.0,801,3,93406.0,45812.0,1498,72342.0,3,100.0,13255,833623.9700000001,62.89128404375708,114.37330263670617,1985.79,5
Raphael Wilson,66,69,1953,9,Male,900 Catherine Street,,San Diego,CA,92129,32.96,-117.12,$36323,$74059,144396.0,744,4,74059.0,36323.0,1499,111623.0,4,100.0,16017,683562.62,42.677319098457886,77.4541150670383,1272.66,5
Case Edwards,21,70,1998,3,Male,1848 Mountain View Avenue,,Powder Springs,GA,30127,33.86,-84.68,$25025,$51028,105239.0,660,2,51028.0,25025.0,1500,29700.0,2,100.0,139,3235.59,23.277625899280576,62.307046803824726,447.69,3
Azariah Hall,21,69,1998,5,Female,537 Fourth Lane,5.0,Amanda,OH,43102,39.65,-82.74,$19000,$38739,0.0,689,3,38739.0,19000.0,1501,202.0,3,0.0,2001,49250.11,24.612748625687157,26.244572060903362,99.0,1
Adilynn Ryan,41,60,1978,7,Female,533 Sussex Drive,3.0,Hannibal,NY,13074,43.31,-76.57,$17013,$34690,48954.0,683,4,34690.0,17013.0,1502,47510.0,4,100.0,17180,446616.82999999996,25.996323050058205,86.0612203735139,2101.58,4
Stanley Baker,37,63,1982,8,Male,5608 Hillside Avenue,,Holly Springs,MS,38635,34.77,-89.44,$14367,$29297,36303.0,825,4,29297.0,14367.0,1503,7519.0,4,100.0,4124,110008.65,26.675230358874877,59.42263777824109,827.61,1
Timothy Miller,82,64,1937,10,Male,635 Sussex Drive,,West Plains,MO,65775,36.74,-91.86,$14191,$33356,938.0,566,4,33356.0,14191.0,1504,25098.0,4,3.7373495896087334,10171,285823.85,28.101843476550975,65.85798505743155,1416.42,2
Alvaro Mitchell,31,68,1988,8,Male,168 Sussex Boulevard,,Honeoye Falls,NY,14472,42.95,-77.59,$32973,$67230,45269.0,685,2,67230.0,32973.0,1505,37441.0,2,100.0,8666,413334.39999999997,47.69609969997692,90.82179751166908,1473.62,3
Genesis Fisher,65,64,1954,6,Female,5814 Lincoln Lane,,Medford,NY,11763,40.82,-72.98,$27376,$64829,15537.0,664,3,64829.0,27376.0,1506,43667.0,3,35.58064442256166,11129,849254.04,76.31000449276665,135.80713283896313,1362.05,4
Landry Ward,29,66,1990,11,Female,5493 Catherine Drive,,Marietta,GA,30062,33.95,-84.54,$33093,$67473,140270.0,780,1,67473.0,33093.0,1507,22353.0,1,100.0,80,4715.59,58.944875,57.54374097140692,185.0,2
Enoch Green,61,66,1959,1,Male,201 Grant Drive,,State College,PA,16801,40.79,-77.85,$25031,$51039,0.0,704,5,51039.0,25031.0,1508,65975.0,5,0.0,12713,629282.4,49.4991268779989,96.32423494725603,1646.38,5
Jason Campbell,25,67,1994,8,Male,2484 Essex Avenue,,North Haven,CT,6473,41.38,-72.85,$29231,$59599,79126.0,717,5,59599.0,29231.0,1509,46379.0,5,100.0,123,2224.2,18.082926829268292,37.606664989018526,186.0,4
David Wright,56,59,1963,5,Male,593 Valley Stream Drive,,Perkins,OK,74059,35.97,-97.02,$17394,$35468,53185.0,490,2,35468.0,17394.0,1510,26982.0,2,100.0,15634,658844.8200000001,42.14179480619164,78.76240829723406,1232.63,2
Makai Gomez,33,67,1986,12,Male,12 12th Avenue,6.0,Kenosha,WI,53144,42.58,-87.85,$23060,$47023,0.0,765,2,47023.0,23060.0,1511,20579.0,2,0.0,14297,508966.26,35.59951458347905,63.25113139190889,1070.71,2
Alessia Jenkins,80,66,1939,12,Female,6328 Forest Street,,Houston,TX,77073,29.76,-95.38,$18528,$22326,1620.0,564,4,22326.0,18528.0,1512,56619.0,4,2.8612303290414878,15708,641069.71,40.81166984975808,80.92646432979487,1439.57,4
Isla Farhad,22,67,1997,7,Female,919 First Street,,Chana,IL,61015,41.99,-89.2,$20147,$41080,106545.0,793,1,41080.0,20147.0,1513,10600.0,1,100.0,83,4272.46,51.47542168674699,57.24791592568439,207.63,1
Alistair Lonsdale,56,66,1963,9,Male,3982 Ocean View Street,,High Point,NC,27265,35.98,-79.99,$24005,$48944,79960.0,813,7,48944.0,24005.0,1514,150662.0,7,53.07244029682335,11436,665930.8400000001,58.23109828611403,113.8497356006059,1639.74,5
Kingsley Abe,44,65,1975,7,Male,591 South Avenue,,Lawrence,KS,66049,38.96,-95.25,$27149,$55351,152645.0,703,6,55351.0,27149.0,1515,93117.0,6,100.0,20136,785363.1799999999,39.00293901470004,71.42641087847538,1195.19,5
Damon Martin,18,68,2001,12,Male,6294 Essex Drive,,Saint George,UT,84770,37.18,-113.6,$14470,$29497,66044.0,722,3,29497.0,14470.0,1516,32650.0,3,100.0,199,3688.5199999999995,18.535276381909544,68.45857173516762,403.0,3
Baylee Martin,25,64,1995,2,Female,940 Plum Boulevard,27.0,Tampa,FL,33647,27.95,-82.48,$34122,$69572,137845.0,753,2,69572.0,34122.0,1517,37578.0,2,100.0,79,2847.01,36.03810126582279,69.35294897722696,441.0,3
Brody Ryan,37,59,1983,1,Male,6680 River Avenue,4.0,Las Vegas,NV,89118,36.07,-115.21,$23889,$48710,59824.0,792,3,48710.0,23889.0,1518,38117.0,3,100.0,16495,1133548.76,68.72074931797515,90.15908382231824,1918.69,3
Milo Thompson,32,66,1987,6,Male,6106 Norfolk Boulevard,,New Orleans,LA,70119,30.06,-89.93,$17536,$35755,61748.0,708,4,35755.0,17536.0,1519,37611.0,4,100.0,7423,375196.01,50.54506399030042,105.90935554197657,1155.09,3
Johanna Williams,67,69,1952,8,Female,198 Lincoln Street,,Norwalk,CT,6854,41.09,-73.42,$30736,$62669,70317.0,760,5,62669.0,30736.0,1520,88348.0,5,79.59093584461448,29353,1656315.3299999998,56.42746329165672,95.87425112989486,1605.51,5
Alessandro Bell,39,69,1980,5,Male,164 Ocean View Street,,Northwood,IA,50459,43.44,-93.21,$16087,$32801,44496.0,701,2,32801.0,16087.0,1521,9169.0,2,100.0,9402,234183.21,24.907807913209954,38.45135260671333,746.12,1
Brylee King,50,66,1970,2,Female,4492 Grant Drive,,Conover,NC,28613,35.7,-81.21,$18444,$37617,57746.0,695,3,37617.0,18444.0,1522,53433.0,3,100.0,11097,341519.60000000003,30.775849328647386,70.82878909610929,1276.13,4
Cannon Masvidal,33,72,1986,7,Male,699 Third Avenue,2.0,Henderson,TX,75652,32.15,-94.79,$17898,$36496,119670.0,759,1,36496.0,17898.0,1523,6957.0,1,100.0,5775,314670.48000000004,54.488394805194815,115.00817551050237,1654.74,1
Jordan Fu,77,67,1942,8,Male,8407 Forest Drive,14.0,Oswego,NY,13126,43.45,-76.5,$20447,$47993,3080.0,827,5,47993.0,20447.0,1524,105018.0,5,2.9328305623797823,13789,608621.55,44.13819348756255,79.85526004773904,1596.06,5
Cecelia Kelly,71,66,1948,8,Female,5023 11th Avenue,,Saint George,UT,84790,37.06,-113.57,$15881,$23350,19515.0,679,2,23350.0,15881.0,1525,15552.0,2,100.0,13157,674901.73,51.296019609333435,68.50941282973832,994.84,2
Danielle Stewart,52,65,1967,7,Female,4092 El Camino Lane,,Oklahoma City,OK,73114,35.46,-97.51,$14465,$29496,49681.0,704,5,29496.0,14465.0,1526,38600.0,5,100.0,15604,448838.31,28.76431107408357,64.5779650982444,1180.08,3
Kaylie Lonsdale,59,66,1960,10,Female,102 Burns Boulevard,,Easton,PA,18042,40.68,-75.22,$21005,$42825,105122.0,850,5,42825.0,21005.0,1527,92064.0,5,100.0,14113,614540.75,43.54430312477857,67.42749164149117,811.73,5
Alanna Ross,47,64,1972,8,Female,467 Birch Avenue,,Sodus,NY,14551,43.23,-77.06,$16703,$34057,59247.0,655,4,34057.0,16703.0,1528,27837.0,4,100.0,21290,1313278.84,61.68524377642086,76.84599136235639,1558.42,2
Belen Fu,42,73,1977,8,Female,152 El Camino Boulevard,,Hitchcock,TX,77563,29.31,-95.01,$21178,$43181,57199.0,710,3,43181.0,21178.0,1529,42654.0,3,100.0,16305,477577.5,29.2902483900644,60.71037957159652,1097.99,3
Tommy Fu,32,66,1987,8,Male,4063 Burns Boulevard,,Florham Park,NJ,7932,40.77,-74.39,$47698,$97248,197100.0,775,5,97248.0,47698.0,1530,202544.0,5,97.31218895647366,14749,894617.8500000001,60.6561699098244,125.29376247108027,3311.51,5
Lukas Cox,43,64,1976,11,Male,582 Essex Street,,Sullivan,MO,63080,38.21,-91.16,$17101,$34869,53381.0,699,2,34869.0,17101.0,1531,13785.0,2,100.0,10863,701818.26,64.6063021264844,84.7127066189262,956.95,1
Carlee Roman,58,62,1961,4,Female,690 Hill Lane,,Barron,WI,54812,45.4,-91.84,$15371,$31343,49537.0,741,3,31343.0,15371.0,1532,30142.0,3,100.0,34369,2014430.3699999999,58.61184119409933,65.1518388409588,1181.94,3
Anika Hall,63,62,1956,5,Female,440 North Street,,Abilene,TX,79605,32.45,-99.73,$16665,$30399,19404.0,668,4,30399.0,16665.0,1533,38250.0,4,50.72941176470588,12325,662549.88,53.75658255578093,65.07915559010485,1131.16,3
Sloane Ward,52,66,1967,9,Female,417 Hill Lane,,Lexington,KY,40509,38.04,-84.45,$28583,$58278,51539.0,689,6,58278.0,28583.0,1534,149691.0,6,34.43025966824993,24974,1316002.2399999998,52.69489228797949,76.24299013706934,1201.25,5
Steven King,62,55,1958,2,Male,506 Washington Lane,,Leitchfield,KY,42754,37.48,-86.29,$14038,$9445,14856.0,641,2,9445.0,14038.0,1535,11037.0,2,100.0,40409,602020.1699999999,14.898170457076391,58.46030559413934,621.66,1
Celeste Ward,32,66,1987,10,Female,12960 El Camino Lane,4914.0,Newark,NJ,7112,40.72,-74.17,$16691,$34034,55846.0,633,2,34034.0,16691.0,1536,12669.0,2,100.0,5409,200612.65999999997,37.08867812904418,96.74874795340082,2414.2,1
Zayne Adams,59,67,1960,8,Male,763 Essex Avenue,,Miami,FL,33156,25.77,-80.2,$53676,$109440,180865.0,737,5,109440.0,53676.0,1537,184836.0,5,97.85160899391894,22171,1721087.17,77.6278548554418,111.31682717388131,3010.22,5
Kinslee Anderson,20,61,2000,2,Female,72 Lexington Avenue,,Woodbridge,NJ,7095,40.55,-74.28,$30587,$62365,137710.0,606,1,62365.0,30587.0,1538,21147.0,1,100.0,93,4291.179999999999,46.14172043010752,81.2957914849788,385.34,2
Lilly Chen,85,67,1935,1,Female,872 Lake Avenue,2.0,Everett,PA,15537,40.01,-78.36,$15262,$38499,1493.0,746,5,38499.0,15262.0,1539,70882.0,5,2.1063175418300837,19895,512532.19000000006,25.761859261120886,69.67429566423264,1312.57,5
Sheila Martinez,21,65,1998,9,Female,3208 El Camino Street,,Plainfield,IN,46168,39.7,-86.38,$23355,$47622,87054.0,709,2,47622.0,23355.0,1540,23746.0,2,100.0,170,4968.92,29.228941176470588,46.93368701184632,249.2,2
Kassidy James,48,62,1972,1,Female,940 First Drive,,New Bloomfield,MO,65063,38.71,-92.08,$19627,$40017,75377.0,648,1,40017.0,19627.0,1541,6326.0,1,100.0,13172,521257.35,39.573136197995744,58.74109269028112,671.68,1
Thea Morales,28,71,1991,5,Female,672 Grant Lane,,Green Cove Springs,FL,32043,29.98,-81.67,$19805,$40381,63008.0,730,3,40381.0,19805.0,1542,41147.0,3,100.0,1535,59423.62,38.71245602605863,77.42030070381355,983.28,3
Lea Mitchell,63,65,1956,10,Female,881 Ocean View Street,,Chicago,IL,60657,41.83,-87.68,$0,$4,0.0,691,3,4.0,0.0,1543,2.0,3,0.0,15087,172020.11,11.401876449923774,17.82252190870212,494.0,1
Audrey Morales,32,67,1987,12,Female,7012 11th Lane,,New York,NY,10025,40.71,-73.99,$23874,$48676,110589.0,721,4,48676.0,23874.0,1544,93595.0,4,100.0,10217,454091.06,44.444656944308505,91.6586561750597,1125.25,5
Shawn Walker,62,66,1957,9,Male,6076 Bayview Boulevard,,Milwaukee,WI,53206,43.06,-87.96,$9995,$20377,12092.0,789,4,20377.0,9995.0,1545,22917.0,4,52.76432342802286,6923,293554.52,42.40279069767442,60.83220497182303,1204.52,2
Ryan Ajami,53,68,1967,2,Female,75011 Lafayette Drive,42.0,Mira Loma,CA,91752,33.99,-117.53,$19851,$40470,87086.0,691,5,40470.0,19851.0,1546,79993.0,5,100.0,18213,558772.58,30.67987591280953,56.253511707029915,1172.6,5
Kingston Peterson,52,62,1967,3,Male,544 Main Drive,,Canton,MA,2021,42.15,-71.13,$38878,$79272,107029.0,716,3,79272.0,38878.0,1547,93728.0,3,100.0,10476,724914.52,69.19764413898434,156.24565201014383,4978.45,5
Rhett Nelson,42,63,1978,1,Male,603 Rose Avenue,,Windsor,CT,6095,41.85,-72.65,$29261,$59663,89579.0,681,1,59663.0,29261.0,1548,25613.0,1,100.0,6098,320821.31,52.610906854706464,90.91528030117333,1369.18,2
Zayd Kelly,30,71,1990,2,Male,5737 Washington Boulevard,,Huntingdon Valley,PA,19006,40.13,-75.06,$34043,$69412,64273.0,699,2,69412.0,34043.0,1549,49592.0,2,100.0,9794,495057.31,50.54699918317337,79.31372363675422,962.86,4
Melany Taylor,23,55,1996,3,Female,989 Hill Avenue,,Leesburg,FL,34748,28.8,-81.88,$11204,$22844,37625.0,689,1,22844.0,11204.0,1550,3400.0,1,100.0,81,2625.9700000000003,32.419382716049384,31.52468538316995,124.76,1
Ahmed Russell,69,63,1950,4,Male,5233 Valley Stream Street,,Albuquerque,NM,87106,35.11,-106.62,$20993,$16542,36831.0,733,3,16542.0,20993.0,1551,25196.0,3,100.0,9897,310932.68,31.416861675255127,74.38906022425037,644.11,2
Peyton Richardson,23,71,1996,10,Female,515 Tenth Lane,,Carmel,CA,93923,36.46,-121.82,$29174,$59479,69645.0,688,1,59479.0,29174.0,1552,31292.0,1,100.0,4686,257736.19,55.001320956039265,88.8269385931429,896.3,3
Emerald Butler,61,64,1958,5,Female,98 Ninth Street,,Ooltewah,TN,37363,35.06,-85.09,$25814,$52633,137109.0,704,1,52633.0,25814.0,1553,25639.0,1,100.0,9471,650866.45,68.72204096716291,90.53622851840723,1097.72,2
Coraline Gonzalez,21,67,1998,4,Female,4497 Summit Boulevard,,Mount Airy,NC,27030,36.5,-80.61,$15286,$31167,29342.0,749,3,31167.0,15286.0,1554,52953.0,3,55.411402564538356,55,3103.31,56.423818181818184,55.39873567611807,217.83,4
Tori Ortiz,25,65,1994,4,Female,7111 Lexington Avenue,,Des Moines,IA,50313,41.57,-93.61,$18568,$37864,57052.0,686,1,37864.0,18568.0,1555,10200.0,1,100.0,4858,126835.67000000001,26.10861877315768,62.228229450613874,1018.72,1
Tinsley Campbell,18,61,2001,9,Female,293 South Street,,Laneville,TX,75667,31.94,-94.85,$16183,$32998,45196.0,736,1,32998.0,16183.0,1556,8653.0,1,100.0,113,3745.1600000000003,33.143008849557525,39.38113529972817,177.49,1
Susan Kelley,31,69,1988,8,Female,1415 Sixth Street,830.0,Midland,TX,79701,32.02,-102.1,$17329,$35331,55566.0,697,4,35331.0,17329.0,1557,36136.0,4,100.0,8353,302827.64999999997,36.253759128456835,64.64694202290724,892.07,3
Barrett Brooks,46,68,1974,2,Male,2292 South Street,72.0,Grenada,MS,38901,33.77,-89.81,$15568,$31739,81905.0,799,5,31739.0,15568.0,1558,48230.0,5,100.0,20028,517071.94999999995,25.817453065708005,63.84051666413676,1317.55,4
Rylie Roberts,18,65,2001,4,Female,1692 Hillside Avenue,2001.0,Gorman,TX,76454,32.21,-98.67,$12583,$25654,55761.0,746,1,25654.0,12583.0,1559,8400.0,1,100.0,90,1402.0200000000002,15.578000000000003,28.085028759900606,165.08,1
Curtis Rivera,35,66,1984,10,Male,34 Summit Drive,2.0,Chula Vista,CA,91911,32.61,-117.03,$16942,$34542,35474.0,697,4,34542.0,16942.0,1560,56060.0,4,63.278630039243666,19175,503704.17,26.268796349413297,46.15642502827597,534.91,4
Elias El-Mafouk,26,61,1993,5,Male,930 Mill Drive,,Herrin,IL,62948,37.8,-89.03,$16397,$33437,56690.0,588,1,33437.0,16397.0,1561,15927.0,1,100.0,54,3962.37,73.37722222222222,91.09260831940263,572.42,2
Andre Burns,53,69,1966,7,Male,274 Summit Street,,Dallas,TX,75227,32.79,-96.76,$13799,$28134,20231.0,707,3,28134.0,13799.0,1562,34033.0,3,59.445244321687774,18264,504334.22000000003,27.613568769163383,46.37619485858345,694.41,3
Coen Peres,54,71,1965,9,Male,9939 Mill Lane,780.0,Suwanee,GA,30024,34.05,-84.07,$35710,$72807,0.0,803,3,72807.0,35710.0,1563,34873.0,3,0.0,11866,639901.08,53.927277936962746,110.1467482437251,1517.26,3
Gracelynn Peres,62,65,1957,10,Female,24684 Ocean View Boulevard,,Gresham,OR,97080,45.47,-122.37,$22599,$46075,139335.0,741,3,46075.0,22599.0,1564,54173.0,3,100.0,10832,245606.91,22.674197747415068,55.31361038594417,899.75,4
Olivia Brooks,35,69,1984,6,Female,4395 Bayview Lane,,Spokane,WA,99216,47.69,-117.19,$17760,$36213,48364.0,637,1,36213.0,17760.0,1565,51.0,1,100.0,4332,64352.95,14.855251615881809,23.15863705661204,212.49,1
Melody Hill,62,66,1957,7,Female,4823 Lincoln Drive,4.0,Denver,CO,80221,39.76,-104.87,$16459,$33556,10619.0,799,4,33556.0,16459.0,1566,62534.0,4,16.98116224773723,8124,289519.96,35.63761201378632,89.53693287124752,1384.92,4
Leonardo Howard,54,61,1965,7,Male,456 Sixth Boulevard,,Austin,TX,78705,30.26,-97.74,$23287,$47482,59590.0,726,5,47482.0,23287.0,1567,79327.0,5,75.11944230841958,21749,748573.91,34.41877373672353,70.76405856231372,2124.08,5
Joshua Diaz,52,60,1967,8,Male,3740 Ocean Lane,,Elyria,OH,44035,41.37,-82.1,$18110,$36927,54145.0,554,1,36927.0,18110.0,1568,3100.0,1,100.0,783,41118.06,52.51348659003831,60.36930106086013,936.77,1
Lillie Peres,18,65,2002,1,Female,24 Lafayette Street,,Valdosta,GA,31605,30.84,-83.27,$19681,$40131,48468.0,721,1,40131.0,19681.0,1569,8700.0,1,100.0,155,8478.060000000001,54.69716129032259,45.48493810617282,251.06,1
Liliana Thomas,52,69,1967,10,Female,549 Tenth Avenue,,Chicago,IL,60620,41.83,-87.68,$14963,$30509,56953.0,641,2,30509.0,14963.0,1570,13600.0,2,100.0,12585,486432.4,38.65176003178387,71.16135324753378,1230.67,1
Selah Morales,87,69,1932,11,Female,983 George Boulevard,,Oceanside,CA,92057,33.27,-117.28,$22270,$33279,1642.0,778,6,33279.0,22270.0,1571,82139.0,6,1.9990503901922352,26142,829547.3,31.73235789151557,61.725253117150004,2036.2,5
Kamari Hughes,61,67,1958,3,Male,5363 Tenth Lane,,Charlotte,TN,37036,36.18,-87.34,$17261,$35196,51751.0,684,4,35196.0,17261.0,1572,38621.0,4,100.0,25897,1189053.23,45.914709425802215,57.143593995070475,1166.72,3
Samara Murphy,52,65,1967,10,Female,445 West Boulevard,1.0,Jersey City,NJ,7306,40.71,-74.06,$21642,$44128,148684.0,739,3,44128.0,21642.0,1573,61804.0,3,100.0,11240,238038.88999999998,21.1778371886121,55.206387156036996,794.56,4
Rebekah Davis,20,70,1999,8,Female,885 Bayview Lane,,Fargo,ND,58103,46.87,-96.81,$22214,$45292,88917.0,660,4,45292.0,22214.0,1574,41180.0,4,100.0,220,13430.3,61.04681818181818,41.99839379898016,207.49,3
Lennon Martin,42,66,1977,9,Male,763 Lexington Avenue,,College Park,MD,20740,38.99,-76.93,$26224,$53464,20683.0,751,4,53464.0,26224.0,1575,52408.0,4,39.465348801709666,35148,1523640.57,43.34928217821783,64.46621265487569,1243.15,4
Wynter Nguyen,40,65,1979,10,Female,464 Lake Drive,,Corona,NY,11368,40.74,-73.85,$13177,$26865,19529.0,826,5,26865.0,13177.0,1576,32104.0,5,60.830426115125846,15541,378537.21,24.35732642687086,48.417071088700226,905.26,3
Kiana Edwards,18,69,2002,2,Female,2668 Lafayette Avenue,,Cape Canaveral,FL,32920,28.4,-80.6,$20392,$41579,50190.0,694,2,41579.0,20392.0,1577,33099.0,2,100.0,157,4451.139999999999,28.3512101910828,49.30370963614965,310.27,3
Jana Watson,46,70,1973,8,Female,9503 South Street,,Big Bear Lake,CA,92315,34.23,-116.86,$15515,$31632,76538.0,832,3,31632.0,15515.0,1578,22449.0,3,100.0,10840,402488.02,37.12989114391144,64.35974624200296,1281.2,2
Paisleigh Merkel,30,67,1989,7,Female,594 Mountain View Street,,Bismarck,ND,58504,46.8,-100.76,$23679,$48277,110153.0,740,4,48277.0,23679.0,1579,51327.0,4,100.0,5837,244984.01,41.970877162926165,89.71414630709921,1204.56,4
Justin Evans,19,62,2000,10,Male,122 11th Drive,,Effingham,SC,29541,34.05,-79.75,$16393,$33426,51699.0,664,4,33426.0,16393.0,1580,41095.0,4,100.0,97,5026.139999999999,51.81587628865979,54.44937489350979,212.85,3
Zaniyah Abe,73,68,1946,3,Female,3802 Maple Street,,Cleveland,OH,44104,41.47,-81.67,$9389,$13089,10928.0,772,4,13089.0,9389.0,1581,15857.0,4,68.91593617960523,13548,257393.30000000002,18.998619722468263,51.85837562916469,1454.68,2
Alfred Abe,24,65,1995,6,Male,7675 Main Boulevard,2.0,Allendale,SC,29810,33.0,-81.3,$11384,$23212,25138.0,799,3,23212.0,11384.0,1582,29500.0,3,85.21355932203389,4507,142012.83000000002,31.509392056800536,45.87944489126916,733.47,3
Brian Brown,18,63,2002,1,Male,7193 George Boulevard,,Canoga Park,CA,91304,34.22,-118.59,$24074,$49084,106863.0,577,3,49084.0,24074.0,1583,32696.0,3,100.0,121,7097.280000000001,58.65520661157025,95.86484743490517,625.89,3
Laura Green,63,68,1956,11,Female,412 Spruce Boulevard,,Albany,NY,12206,42.66,-73.79,$15490,$31582,23359.0,693,4,31582.0,15490.0,1584,36733.0,4,63.59132115536439,12057,461211.04999999993,38.25255453263664,71.73206616331886,1059.37,3
Jayceon Foster,74,66,1945,5,Male,960 Mill Lane,754.0,Rush,NY,14543,42.98,-77.67,$26072,$54013,3628.0,779,8,54013.0,26072.0,1585,227284.0,8,1.5962408264550076,19869,1251864.3199999998,63.00590467562534,73.17776916632002,888.16,5
Callum Ajami,41,64,1978,12,Male,3536 Burns Street,,Texarkana,TX,75501,33.44,-94.07,$15884,$32387,65171.0,765,1,32387.0,15884.0,1586,9752.0,1,100.0,7930,303156.42000000004,38.22905674653216,87.39761124650096,1150.35,1
Lilyana Green,61,65,1959,2,Female,576 Jefferson Boulevard,,De Land,IL,61839,40.12,-88.64,$16978,$34619,13326.0,747,5,34619.0,16978.0,1587,70016.0,5,19.032792504570384,11055,318142.6,28.77816372682044,74.44128990247933,834.85,5
Armani Edwards,52,67,1968,2,Male,142 First Drive,,Dallas,TX,75227,32.79,-96.76,$13799,$28137,88482.0,797,6,28137.0,13799.0,1588,36742.0,6,100.0,14450,356647.15,24.681463667820072,60.211748488345414,986.5,3
Liv Evans,56,68,1963,11,Female,5814 Ocean Street,60.0,Fall River Mills,CA,96028,41.01,-121.47,$13723,$27981,62926.0,717,3,27981.0,13723.0,1589,24404.0,3,100.0,20956,365156.79,17.424927944264173,48.00215294657873,792.42,2
Amani Roman,65,66,1954,3,Female,6303 South Boulevard,,Patterson,LA,70392,29.69,-91.3,$19237,$39221,45409.0,786,4,39221.0,19237.0,1590,38274.0,4,100.0,18788,707413.79,37.65242654886098,67.25454874761046,1184.81,3
Kenzie Kelley,25,70,1994,8,Female,166 Littlewood Lane,,Los Angeles,CA,90036,34.06,-118.35,$40761,$83104,222502.0,714,5,83104.0,40761.0,1591,161806.0,5,100.0,6503,650890.82,100.0908534522528,209.98198069362462,1978.72,5
Johan Xi,59,65,1960,9,Male,948 Federal Drive,,Simpsonville,SC,29680,34.73,-82.25,$23966,$48867,92873.0,644,2,48867.0,23966.0,1592,47171.0,2,100.0,5167,282769.35,54.72602090187729,96.04566778753119,1279.6,4
Londyn Rodriguez,49,61,1970,4,Female,824 West Drive,5.0,Pascoag,RI,2859,41.95,-71.7,$24260,$49464,123198.0,705,6,49464.0,24260.0,1593,85380.0,6,100.0,29236,1789678.04,61.21487344369955,101.53726905022806,1977.82,5
Milena Reed,37,73,1982,11,Female,4830 Ocean Drive,,Parrish,AL,35580,33.73,-87.28,$17716,$36122,51593.0,641,2,36122.0,17716.0,1594,18697.0,2,100.0,25324,654628.8899999999,25.850137813931443,55.12423249331799,2930.44,2
Brenden Brown,20,74,1999,9,Male,2539 Hill Street,7.0,West Warwick,RI,2893,41.69,-71.51,$22701,$46284,46220.0,850,1,46284.0,22701.0,1595,86.0,1,100.0,123,1749.8700000000001,14.22658536585366,21.391356085333673,89.0,1
Justice Davis,49,69,1970,10,Female,990 Burns Boulevard,,Gastonia,NC,28056,35.25,-81.17,$23879,$48688,81995.0,679,1,48688.0,23879.0,1596,17100.0,1,100.0,35250,2049602.62,58.144755177304965,62.78304654049547,1447.28,2
Veronica Lewis,50,68,1969,9,Female,9794 Essex Lane,5.0,Seattle,WA,98117,47.68,-122.38,$35031,$71427,115702.0,709,3,71427.0,35031.0,1597,82117.0,3,100.0,15732,666734.85,42.380806636155604,95.77480568498126,1838.13,5
Eduardo Murphy,60,65,1959,12,Male,53 Madison Street,,Kennett Square,PA,19348,39.84,-75.71,$34744,$70840,52578.0,736,4,70840.0,34744.0,1598,79900.0,4,65.80475594493116,8642,566542.86,65.55691506595696,102.1218508512563,2890.23,5
Reese Torres,32,66,1988,2,Female,8445 11th Lane,9.0,Fort Mill,SC,29707,34.99,-80.86,$26878,$54804,172493.0,687,2,54804.0,26878.0,1599,34200.0,2,100.0,14443,983548.04,68.09859724433983,82.47408681643222,1214.65,3
Mohamed Perez,88,57,1931,9,Male,636 Main Avenue,,Buchanan Dam,TX,78609,30.79,-98.43,$13088,$22371,994.0,700,4,22371.0,13088.0,1600,28604.0,4,3.4750384561599774,7308,266994.92000000004,36.53460864805693,67.41557676620337,944.94,3
Tommy Brown,51,65,1968,11,Male,1209 George Drive,,Fayetteville,NC,28312,34.93,-78.72,$18376,$37467,50461.0,784,4,37467.0,18376.0,1601,16467.0,4,100.0,10339,385534.02,37.28929490279524,64.41876034236299,822.43,2
Jaxen Faraday,32,71,1987,11,Male,2426 Littlewood Avenue,10.0,Saint Paul,MN,55101,44.94,-93.1,$30650,$62492,18680.0,686,3,62492.0,30650.0,1602,43143.0,3,43.29786987460306,10229,360333.51,35.22666047511976,89.83789946304259,1219.54,3
Westin Jackson,42,67,1977,8,Male,9387 Lincoln Boulevard,5.0,Clever,MO,65631,37.02,-93.47,$17222,$35119,57463.0,850,3,35119.0,17222.0,1603,31953.0,3,100.0,15448,573913.03,37.15128366131538,79.90447646490344,790.54,3
Emmeline Cox,63,66,1957,1,Female,13 Sixth Boulevard,,San Diego,CA,92105,32.73,-117.08,$13805,$28147,25987.0,756,7,28147.0,13805.0,1604,47675.0,7,54.508652333508124,33079,723087.0,21.85939720064089,40.28612696470566,899.4,4
Rocky Adams,19,62,2001,1,Male,3804 Ninth Street,8477.0,Norcross,GA,30092,33.94,-84.2,$31677,$64585,121851.0,665,1,64585.0,31677.0,1605,31916.0,1,100.0,206,19097.280000000002,92.70524271844661,107.92313021150667,606.01,3
Dario Thompson,33,69,1986,6,Male,81 Wessex Drive,,Stockton,CA,95210,38.02,-121.3,$14709,$29996,44313.0,809,4,29996.0,14709.0,1606,21607.0,4,100.0,18379,616252.47,33.5302502856521,40.81170503565265,752.94,2
Ariyah Phillips,61,67,1959,1,Female,2111 Burns Street,,El Paso,TX,79928,31.65,-106.15,$14322,$29206,25966.0,716,6,29206.0,14322.0,1607,43515.0,6,59.671377685855454,23714,664327.6100000001,28.014152399426504,45.55295245292665,902.78,4
Francis Brooks,51,69,1968,8,Male,932 Bayview Avenue,,Prairie Village,KS,66208,38.9,-94.68,$41663,$84944,57746.0,713,3,84944.0,41663.0,1608,59424.0,3,97.17622509423802,30748,1770593.38,57.58401782229738,90.413091186856,5120.9,4
Emma Ross,21,71,1998,3,Female,7469 El Camino Street,,Dearborn,MI,48126,42.31,-83.21,$11773,$24006,57226.0,801,2,24006.0,11773.0,1609,10762.0,2,100.0,277,5182.299999999999,18.708664259927794,57.91727088224069,193.23,1
Eliseo Price,50,62,1969,11,Male,6669 Burns Street,,Torrington,CT,6790,41.83,-73.12,$22401,$45674,83331.0,717,1,45674.0,22401.0,1610,4200.0,1,100.0,1062,46307.93000000001,43.604453860640305,57.244359264818264,412.0,1
Jayde Powell,48,75,1972,1,Female,6126 Ocean View Boulevard,,Lapel,IN,46051,40.06,-85.84,$19810,$40392,52417.0,645,1,40392.0,19810.0,1611,5800.0,1,100.0,7646,315113.16,41.21281192780538,80.09316355829813,1037.05,1
Jana Howard,41,68,1978,5,Female,1071 Lafayette Street,,Pittsfield,NH,3263,43.3,-71.33,$19781,$40334,65793.0,597,3,40334.0,19781.0,1612,17556.0,3,100.0,12804,670590.3099999999,52.37350124960949,69.37255578878545,1234.08,2
Reed Ortiz,36,65,1984,1,Male,4172 Federal Drive,1344.0,Mesa,AZ,85202,33.38,-111.87,$21053,$42927,132343.0,687,4,42927.0,21053.0,1613,48555.0,4,100.0,13802,456000.97,33.03876032459064,68.25501717108745,881.86,4
Prakash Mitchell,24,69,1995,12,Male,652 Maple Street,,Dayton,OH,45420,39.77,-84.19,$18208,$37122,58984.0,753,4,37122.0,18208.0,1614,52217.0,4,100.0,355,14098.09,39.71292957746479,52.12271858899645,627.16,4
Fiona Jenkins,36,65,1983,5,Female,980 Federal Drive,,Detroit,MI,48209,42.38,-83.1,$9710,$19800,40038.0,682,3,19800.0,9710.0,1615,7950.0,3,100.0,5886,206472.61,35.0785949711179,61.616241728653954,695.49,1
Aydin Miller,49,67,1970,8,Male,468 Park Lane,,Grantham,PA,17027,40.23,-77.02,$21728,$44303,53407.0,696,1,44303.0,21728.0,1616,10600.0,1,100.0,10423,423383.42000000004,40.620111292334265,53.55266209183999,586.29,1
Heaven Kelley,61,71,1958,4,Female,9189 Valley Street,,Utica,NY,13501,43.1,-75.23,$15194,$30984,39222.0,616,4,30984.0,15194.0,1617,26920.0,4,100.0,13353,556729.97,41.69325020594623,70.60585715756712,834.01,2
Casey Carter,45,66,1975,1,Female,471 Eighth Lane,,Morristown,NJ,7960,40.79,-74.47,$55362,$112875,44432.0,709,2,112875.0,55362.0,1618,86203.0,2,51.54344976392933,15601,1657144.8800000001,106.22042689571182,126.16295407801258,1741.38,5
Meredith Moore,28,65,1991,11,Female,5663 Martin Luther King Boulevard,7.0,Mosheim,TN,37818,36.19,-82.95,$14406,$29371,32300.0,715,2,29371.0,14406.0,1619,29652.0,2,100.0,9748,168772.18,17.31351867049651,39.98205737466646,520.25,3
Hunter Perez,35,64,1984,8,Male,4238 Lexington Lane,,Cicero,IL,60804,41.84,-87.75,$13891,$28325,38658.0,822,6,28325.0,13891.0,1620,57120.0,6,67.67857142857143,8553,366844.09,42.89069215479949,54.94446416152629,944.16,4
Julia Morris,52,69,1968,2,Female,38688 First Avenue,,Chicago,IL,60630,41.83,-87.68,$22296,$45462,68494.0,657,5,45462.0,22296.0,1621,97766.0,5,70.05912075772763,23221,444357.33999999997,19.136012230308772,53.649185964870654,984.06,5
Thalia King,32,66,1987,7,Female,767 Park Drive,,Lubbock,TX,79413,33.57,-101.87,$17444,$35565,54634.0,681,3,35565.0,17444.0,1622,20948.0,3,100.0,10148,385721.74,38.009631454473784,80.14939189912505,1049.01,2
Khalid Murphy,18,64,2002,1,Male,3578 Pine Lane,,Concord,NC,28025,35.4,-80.59,$20570,$41940,82593.0,710,1,41940.0,20570.0,1623,20318.0,1,100.0,89,3983.25,44.75561797752809,46.24522447146144,178.06,2
Jaelyn Diaz,61,70,1958,3,Female,4155 Spruce Avenue,,Thorofare,NJ,8086,39.85,-75.18,$28663,$58433,48231.0,696,4,58433.0,28663.0,1624,82417.0,4,58.52069354623439,7520,400804.17,53.298426861702126,100.21436181188304,1375.95,5
Emmitt Kelley,57,69,1962,11,Male,1690 Main Avenue,,Jackson Center,PA,16133,41.27,-80.13,$16809,$34272,39514.0,765,4,34272.0,16809.0,1625,26976.0,4,100.0,8813,252228.66000000003,28.62006808124362,79.25287447618481,1410.48,2
Magnus Sullivan,18,69,2001,9,Male,38 Valley Stream Street,,Saint Petersburg,FL,33704,27.75,-82.64,$34974,$71312,200793.0,741,4,71312.0,34974.0,1626,65533.0,4,100.0,272,22736.6,83.59044117647058,134.06013232856526,1234.54,5
Camilla Macron,49,69,1970,11,Female,6999 Lexington Lane,,Sacramento,CA,95822,38.51,-121.49,$18344,$37401,76201.0,737,4,37401.0,18344.0,1627,69972.0,4,100.0,12182,642533.39,52.744491052372354,99.07899323482457,1680.43,5
Anabelle Cook,18,65,2002,2,Female,303 Lexington Drive,,Pompano Beach,FL,33071,26.23,-80.13,$27916,$56921,115330.0,823,1,56921.0,27916.0,1628,12800.0,1,100.0,111,4730.39,42.616126126126126,94.2069781865821,497.0,1
Allan James,52,60,1967,10,Male,146 Plum Avenue,,Indianapolis,IN,46203,39.77,-86.14,$14691,$29957,60321.0,624,5,29957.0,14691.0,1629,59475.0,5,100.0,20878,452442.32999999996,21.67076970974231,48.89429297820186,1574.81,4
Skylar Perez,51,68,1969,1,Male,6310 El Camino Drive,,Godfrey,IL,62035,38.96,-90.18,$21680,$44206,62813.0,690,1,44206.0,21680.0,1630,15900.0,1,100.0,7691,193939.77999999997,25.216458197893637,64.65117880144368,1128.18,2
Westley Foster,47,57,1973,1,Male,605 Hillside Boulevard,,Abbeville,LA,70510,29.97,-92.12,$18730,$38190,81968.0,652,1,38190.0,18730.0,1631,5200.0,1,100.0,765,37228.729999999996,48.665006535947704,93.23507980813886,660.08,1
Emmaline Fernandez,37,66,1982,4,Female,363 Main Lane,,Blytheville,AR,72315,35.93,-89.92,$16689,$34032,68762.0,769,2,34032.0,16689.0,1632,17300.0,2,100.0,7759,334081.85,43.05733341925506,87.98575403069873,792.62,2
Moises Butler,43,69,1976,6,Male,33 Bayview Avenue,,Fayetteville,NC,28303,35.05,-78.87,$17751,$36189,16988.0,694,3,36189.0,17751.0,1633,35674.0,3,47.62011549027303,10645,593454.99,55.74964678252701,55.73217771004114,935.49,3
Isaiah Fox,51,65,1969,1,Male,1047 Seventh Street,,Jackson,MS,39213,32.32,-90.2,$11061,$22557,63019.0,699,5,22557.0,11061.0,1634,54038.0,5,100.0,16736,334782.87,20.003756572657743,53.69773719941329,771.08,4
Jonas Brown,44,68,1975,11,Male,4169 Fourth Lane,,Camarillo,CA,93010,34.23,-119.07,$27544,$56163,104767.0,671,1,56163.0,27544.0,1635,7500.0,1,100.0,21616,1440480.31,66.63954061806069,80.46216710325876,1657.1,1
Kade Adams,44,71,1975,10,Male,168 Mill Drive,,Vancouver,WA,98684,45.63,-122.52,$22050,$44963,90682.0,705,4,44963.0,22050.0,1636,52521.0,4,100.0,15742,454193.86,28.85236056409605,77.33641203818217,1232.99,4
Byron Cooper,20,68,1999,11,Male,76089 Grant Boulevard,,Sterling Heights,MI,48310,42.58,-83.03,$19200,$39144,55347.0,702,1,39144.0,19200.0,1637,19349.0,1,100.0,2249,72378.87,32.18269008448199,57.03031054660917,875.85,2
Alexandria Brooks,82,67,1937,8,Female,362 Martin Luther King Street,303.0,Grover Hill,OH,45849,41.01,-84.47,$15090,$21815,1597.0,498,5,21815.0,15090.0,1638,43272.0,5,3.6906082455167315,14699,510735.82999999996,34.746297707327024,84.61098904232398,1270.4,4
Maggie Wright,49,70,1971,2,Female,6661 Mill Lane,,Olympia,WA,98516,47.11,-122.76,$24044,$49026,83385.0,718,1,49026.0,24044.0,1639,26.0,1,100.0,10772,57629.65,5.349948941700705,9.390392997188986,134.72,1
Ariel Torres,38,68,1982,1,Male,839 Essex Lane,,Great Falls,MT,59404,47.65,-111.38,$19560,$39882,77817.0,809,4,39882.0,19560.0,1640,66920.0,4,100.0,14506,539570.3699999999,37.19635805873431,82.4666438168589,1196.43,5
Kaitlyn Diaz,59,63,1960,12,Female,265 Ocean Drive,,Katy,TX,77493,29.79,-95.82,$26422,$53878,78143.0,779,4,53878.0,26422.0,1641,52227.0,4,100.0,15365,701665.09,45.6664555808656,113.56245067829103,3675.05,4
Stevie Macron,18,64,2001,9,Female,3371 Madison Boulevard,,Camp Pendleton,CA,92055,33.29,-117.3,$15520,$31644,70064.0,480,1,31644.0,15520.0,1642,7284.0,1,100.0,164,5791.370000000001,35.31323170731708,53.47682925337937,361.05,1
Nataly Mitchell,30,69,1989,4,Female,145 Spruce Street,,Commerce City,CO,80022,39.86,-104.86,$20522,$41839,46226.0,761,4,41839.0,20522.0,1643,70223.0,4,65.82743545561995,11421,399762.93000000005,35.002445495140535,76.66990109998507,892.3,5
Hattie Smith,54,66,1965,3,Female,2571 Plum Avenue,,Palm Bay,FL,32905,27.98,-80.66,$15318,$31240,26005.0,770,5,31240.0,15318.0,1644,48962.0,5,53.112617948613206,22548,975996.77,43.285292265389394,59.48086591698869,1513.74,4
Miranda Evans,80,69,1940,1,Female,221 Catherine Boulevard,,Fleischmanns,NY,12430,42.15,-74.53,$14515,$9766,66.0,732,4,9766.0,14515.0,1645,49087.0,4,0.134455151058325,23715,760165.9400000001,32.0542247522665,53.69852997108129,513.73,4
Thalia Phillips,25,65,1994,8,Female,355 Burns Boulevard,,Sunbury,PA,17801,40.86,-76.78,$16519,$33682,42690.0,793,1,33682.0,16519.0,1646,12191.0,1,100.0,71,4237.770000000001,59.68690140845072,141.41379248818586,735.38,1
Jeremiah Gonzalez,29,66,1990,5,Male,7135 Ninth Lane,,Chestnut Hill,MA,2467,42.31,-71.16,$62177,$126775,28869.0,685,2,126775.0,62177.0,1647,135200.0,2,21.352810650887573,9352,829438.3999999999,88.69101796407185,141.16246614496967,2139.34,5
Elaine Johnson,45,72,1974,5,Female,4173 Wessex Avenue,,Pennington,AL,36916,32.19,-88.05,$17076,$34817,63313.0,586,1,34817.0,17076.0,1648,4500.0,1,100.0,3260,103687.12,31.805865030674845,77.87891090980357,1281.69,1
Ellianna Martin,65,65,1955,2,Female,674 Elm Boulevard,,Blair,NE,68008,41.54,-96.13,$25102,$16889,38489.0,679,5,16889.0,25102.0,1649,81812.0,5,47.04566567251748,7666,623418.67,81.32255022175842,125.85168622977417,1171.47,5
Maren Bennett,25,63,1994,9,Female,212 Lincoln Lane,,Jacksonville,FL,32210,30.33,-81.65,$19617,$40000,127951.0,767,3,40000.0,19617.0,1650,38920.0,3,100.0,7441,270447.68,36.345609461093936,71.99478957712623,1005.05,3
Chaim Barnes,31,71,1988,5,Male,913 Mill Boulevard,,Alstead,NH,3602,43.15,-72.36,$20592,$41986,134162.0,697,1,41986.0,20592.0,1651,15317.0,1,100.0,6269,195514.0,31.18743021215505,42.064276241622075,658.28,2
Brendan Neufelder,23,65,1996,12,Male,2545 Federal Drive,,Jersey City,NJ,7306,40.71,-74.06,$21642,$44128,0.0,760,1,44128.0,21642.0,1652,19612.0,1,0.0,9824,352128.62,35.843711319218244,44.19380892824293,946.33,2
Edward Roberts,23,65,1996,7,Male,16 Jefferson Drive,,Mundelein,IL,60060,42.26,-88.0,$28799,$58721,135065.0,758,1,58721.0,28799.0,1653,10304.0,1,100.0,68,3035.5700000000006,44.640735294117654,43.24399503760358,163.83,1
Joey Taylor,55,68,1964,5,Male,1587 Rose Lane,,Como,MS,38619,34.51,-89.94,$12285,$25051,19465.0,734,4,25051.0,12285.0,1654,40583.0,4,47.9634329645418,20110,372548.0,18.525509696668323,40.91079865147614,1117.52,3
Elizabeth Gomez,20,67,1999,12,Female,12694 Fourth Boulevard,1.0,Yuma,CO,80759,40.12,-102.72,$14242,$29040,36331.0,703,1,29040.0,14242.0,1655,16557.0,1,100.0,92,3562.4400000000005,38.722173913043484,79.08813494293796,712.9,2
Warren Harris,45,67,1974,6,Male,955 Seventh Avenue,,Auburn,AL,36831,32.59,-85.48,$20782,$42379,64124.0,550,1,42379.0,20782.0,1656,18627.0,1,100.0,8296,377068.01,45.45178519768563,84.67872559149133,1076.86,2
Terrance Martinez,59,67,1960,5,Male,6320 East Avenue,,Valley Center,CA,92082,33.25,-116.98,$22727,$46341,78610.0,686,6,46341.0,22727.0,1657,123897.0,6,63.44786395150811,15960,922855.99,57.82305701754386,79.16252466104801,980.23,5
Alec Johnson,20,64,2000,2,Male,8997 Summit Avenue,,Hummelstown,PA,17036,40.26,-76.71,$31040,$63292,145756.0,635,1,63292.0,31040.0,1658,30637.0,1,100.0,96,7270.219999999999,75.73145833333332,96.94842822538828,374.05,3
Emmanuel Richardson,37,68,1983,2,Male,95873 Madison Boulevard,,Cosby,TN,37722,35.81,-83.25,$11755,$23967,3880.0,722,4,23967.0,11755.0,1659,38599.0,4,10.052073887924557,25922,640188.12,24.696710130391175,44.39347995392526,1272.43,3
Mira Collins,41,72,1978,12,Female,691 Valley Drive,,Brunswick,OH,44212,41.24,-81.82,$23559,$48038,83238.0,704,6,48038.0,23559.0,1660,102028.0,6,81.58348688595287,20755,492589.76999999996,23.733547097085037,54.28208249526075,2003.5,5
Cristian Macron,27,65,1992,10,Male,311 Little Creek Boulevard,,San Francisco,CA,94112,37.72,-122.44,$22549,$45973,0.0,777,2,45973.0,22549.0,1661,23997.0,2,0.0,66,3788.44,57.40060606060606,85.16362925637645,491.0,2
Axl Collins,75,65,1945,2,Male,863 Park Drive,63.0,Zebulon,NC,27597,35.82,-78.31,$19485,$22850,17453.0,714,6,22850.0,19485.0,1662,65439.0,6,26.67063983251578,16416,628740.8500000001,38.30049037524367,76.70612561780749,1542.09,4
Maxine Moore,22,63,1998,1,Female,7902 Norfolk Drive,,Essex,MD,21221,39.3,-76.44,$21017,$42856,67954.0,571,1,42856.0,21017.0,1663,7846.0,1,100.0,76,2703.84,35.57684210526316,45.09667755910412,152.88,1
Dennis Turner,22,66,1997,12,Male,7296 Second Lane,,Cynthiana,KY,41031,38.38,-84.29,$17478,$35635,16372.0,713,4,35635.0,17478.0,1664,31872.0,4,51.3679718875502,237,13747.91,58.00805907172996,45.35095727045596,271.28,3
Thea Brown,66,66,1953,5,Female,56 Tenth Boulevard,,Los Angeles,CA,90001,33.97,-118.24,$11649,$24947,1767.0,766,4,24947.0,11649.0,1665,27299.0,4,6.472764570130773,9131,375492.49,41.12282225386048,61.37250772463438,892.55,2
Zara Chen,74,57,1945,4,Female,826 12th Drive,3.0,Santaquin,UT,84655,39.99,-111.81,$18058,$31792,28723.0,647,3,31792.0,18058.0,1666,38942.0,3,73.75840994299215,10555,332380.66000000003,31.4903514921838,83.80462956135685,1460.52,3
Addyson Xi,23,59,1996,8,Female,2478 El Camino Avenue,,Joaquin,TX,75954,31.96,-94.05,$19119,$38983,96098.0,577,1,38983.0,19119.0,1667,8998.0,1,100.0,57,1394.77,24.469649122807017,48.95742586416596,334.66,1
London Fisher,31,67,1988,4,Female,8862 Ninth Avenue,,North Wales,PA,19454,40.21,-75.27,$35861,$73117,73557.0,685,2,73117.0,35861.0,1668,34053.0,2,100.0,13116,579616.97,44.191595760902715,101.85001740314728,2240.41,3
Sylvia Butler,59,66,1960,3,Female,8060 Pine Boulevard,,Providence,RI,2903,41.82,-71.41,$30403,$61991,2151.0,758,4,61991.0,30403.0,1669,21007.0,4,10.239443994858858,16500,788917.1199999999,47.813158787878784,88.6376516836141,1481.11,2
Harlee Mitchell,19,65,2000,3,Female,5709 Little Creek Lane,17.0,Detroit,MI,48223,42.38,-83.1,$15790,$32192,24074.0,686,2,32192.0,15790.0,1670,29340.0,2,82.05180640763463,195,6842.67,35.09061538461538,65.55566669265698,481.63,3
Chris Hill,36,64,1983,11,Male,2352 Bayview Boulevard,10.0,Orlando,FL,32804,28.5,-81.37,$33078,$67444,93513.0,850,1,67444.0,33078.0,1671,18000.0,1,100.0,49261,3376890.45,68.55099267168755,61.215813239338296,862.86,2
Kailyn Parker,22,67,1997,10,Female,6179 Eighth Boulevard,8.0,Standish,ME,4084,43.73,-70.55,$22485,$45846,103277.0,766,1,45846.0,22485.0,1672,95.0,1,100.0,221,4188.98,18.95466063348416,76.979371400817,434.0,1
Perla Chen,81,70,1938,6,Female,7673 Plum Drive,,Tampa,FL,33617,27.95,-82.48,$18881,$28594,1821.0,728,5,28594.0,18881.0,1673,45653.0,5,3.9887849648434934,17126,658076.14,38.42555996730118,80.38166983601025,1329.45,4
Helen Leroux,29,71,1990,10,Female,412 First Boulevard,,Humble,TX,77346,29.99,-95.26,$32943,$67166,123932.0,688,2,67166.0,32943.0,1674,45575.0,2,100.0,8455,673620.79,79.67129390892963,96.21764760474419,1124.23,4
Christian Lonsdale,47,72,1972,5,Male,38318 West Drive,,Dawsonville,GA,30534,34.42,-84.11,$20581,$41965,55700.0,724,2,41965.0,20581.0,1675,21847.0,2,100.0,10769,395943.48,36.766968149317485,85.04638880243013,1002.4,2
Yareli Wilson,47,68,1973,1,Female,965 Wessex Street,,La Habra,CA,90631,33.94,-117.95,$23740,$48406,80441.0,683,3,48406.0,23740.0,1676,49880.0,3,100.0,11009,813362.5,73.88159687528386,80.40894585032873,1258.56,4
Jessie Xi,35,67,1984,11,Female,5223 Lafayette Drive,,Newtown,PA,18940,40.22,-74.93,$50208,$102369,189558.0,738,2,102369.0,50208.0,1677,26.0,2,100.0,3215,32090.760000000002,9.981573872472785,2.6906761328143562,17.98,1
Kaitlyn Martinez,66,67,1953,11,Female,289 Ocean View Avenue,,Miami,FL,33193,25.77,-80.2,$17893,$36481,81550.0,850,6,36481.0,17893.0,1678,84108.0,6,96.95867218338327,17970,1125790.05,62.648305509181974,83.66877262598065,3086.86,5
Westley Lopez,25,63,1994,11,Male,225 Seventh Avenue,,Osseo,MN,55369,45.11,-93.39,$29872,$60910,110864.0,679,2,60910.0,29872.0,1679,18800.0,2,100.0,129,8043.0599999999995,62.34930232558139,120.71922483059315,807.86,2
Kaylee Ward,49,65,1970,11,Female,8893 Littlewood Lane,76.0,Charleston,SC,29403,32.78,-79.99,$17158,$34982,134631.0,765,3,34982.0,17158.0,1680,33194.0,3,100.0,12382,499876.69999999995,40.371240510418346,95.8975892484217,1241.29,3
Abril Martin,79,57,1940,12,Female,2487 Martin Luther King Drive,38.0,Waipahu,HI,96797,21.39,-158.01,$21314,$32232,21134.0,652,5,32232.0,21314.0,1681,39885.0,5,52.9873385984706,10622,424286.1,39.94408774242139,91.95436398299873,2069.79,3
Andrew Turner,37,69,1983,1,Male,9550 Jefferson Street,7.0,West Bloomfield,MI,48322,42.56,-83.38,$32423,$66111,98102.0,771,5,66111.0,32423.0,1682,138409.0,5,70.87833883634734,8991,616461.59,68.56429651874096,113.08000700840616,3669.84,5
Rose Schmidt,81,59,1938,8,Female,97339 Lake Avenue,3.0,Irvington,NY,10533,41.03,-73.86,$74205,$162709,5642.0,542,3,162709.0,74205.0,1683,80815.0,3,6.981377219575574,55278,3309250.7199999997,59.86560150511957,144.00686270497013,2500.79,5
Bryson Peres,46,70,1974,1,Male,3551 Spruce Boulevard,,Des Moines,IA,50313,41.57,-93.61,$18568,$37857,57727.0,800,2,37857.0,18568.0,1684,18800.0,2,100.0,14708,409540.18999999994,27.8447232798477,72.05875290128313,1074.76,2
Amir Leroux,70,66,1949,7,Male,744 Lafayette Street,,Franklin,TX,77856,31.02,-96.48,$17356,$23082,23406.0,638,5,23082.0,17356.0,1685,45564.0,5,51.369502238609435,13496,490740.83999999997,36.36194724362774,82.17756876434802,1389.95,4
Malcolm Masvidal,83,64,1936,6,Male,873 Summit Street,46.0,Brooklyn,NY,11215,40.64,-73.94,$0,$2,0.0,667,6,2.0,0.0,1686,3.0,6,0.0,17348,135518.38,7.811758127738068,22.965215609992363,798.52,1
Lincoln Fox,37,68,1982,9,Male,1723 North Lane,9.0,Stratford,CT,6614,41.2,-73.13,$27589,$56248,149587.0,728,4,56248.0,27589.0,1687,63129.0,4,100.0,19497,655113.53,33.60073498486947,68.13247335774142,1955.79,4
Rose Adams,18,67,2001,3,Female,356 Plum Boulevard,7.0,Lone Star,TX,75668,32.93,-94.7,$15832,$32281,80882.0,630,2,32281.0,15832.0,1688,30401.0,2,100.0,110,4765.129999999999,43.319363636363626,67.73842000032548,340.89,3
Angelo Cook,85,71,1934,5,Male,2 11th Avenue,,Sumter,SC,29153,33.94,-80.39,$14224,$30451,93.0,686,4,30451.0,14224.0,1689,33450.0,4,0.27802690582959644,12215,164744.41,13.487057715923045,34.793662817881504,656.28,3
Yaretzi Cook,85,62,1934,4,Female,7016 Hillside Lane,,Canton,NC,28716,35.54,-82.84,$16248,$28134,2081.0,674,2,28134.0,16248.0,1690,7430.0,2,28.008075370121134,17932,638957.4400000001,35.63224626366273,59.330890422502854,1704.57,1
Susan Diaz,47,65,1972,12,Female,14780 Plum Lane,72.0,Bronx,NY,10463,40.84,-73.87,$25537,$52065,98613.0,828,5,52065.0,25537.0,1691,82181.0,5,100.0,34314,1556099.6800000002,45.34882788366265,79.60293728463539,1744.05,5
Alivia Ryan,32,67,1987,7,Female,2785 Elm Drive,,Garden Grove,CA,92844,33.76,-117.97,$16289,$33212,59638.0,649,1,33212.0,16289.0,1692,7676.0,1,100.0,8389,455569.07,54.305527476457264,97.91813344126145,2169.75,1
Axl Powell,52,65,1967,9,Male,858 Martin Luther King Drive,1.0,North Hollywood,CA,91605,34.2,-118.39,$15239,$31070,86747.0,708,4,31070.0,15239.0,1693,27827.0,4,100.0,11796,648684.24,54.991881993896236,62.07887012371882,1233.27,2
Jaxson Anderson,18,68,2001,11,Male,69524 Valley Lane,,Marion,KY,42064,37.33,-88.07,$14500,$29562,31509.0,757,1,29562.0,14500.0,1694,8900.0,1,100.0,127,5011.0599999999995,39.457165354330705,80.25264225441539,512.32,1
Jose Thomas,52,67,1967,10,Male,6785 Essex Lane,,Gaithersburg,MD,20879,39.14,-77.21,$30179,$61532,26832.0,683,4,61532.0,30179.0,1695,63987.0,4,41.933517745792116,41073,1557988.22,37.932174908090474,56.97893774120248,1478.78,4
Alivia Cook,18,62,2002,1,Female,91 Essex Lane,,Alamogordo,NM,88310,32.88,-105.95,$15095,$30778,73680.0,681,1,30778.0,15095.0,1696,5300.0,1,100.0,108,4951.549999999999,45.84768518518518,45.65902041839661,206.51,1
Kingsley Neufelder,66,57,1953,10,Male,35 Essex Drive,,Westfield,NC,27053,36.48,-80.61,$15838,$27266,19798.0,777,5,27266.0,15838.0,1697,45224.0,5,43.777640191049,17608,482867.28,27.42317582916856,68.99710115932264,889.43,4
Ronan Sullivan,57,69,1962,5,Male,241 Hillside Lane,,Grand Forks,ND,58201,47.91,-97.07,$23910,$48750,117616.0,716,5,48750.0,23910.0,1698,77052.0,5,100.0,11547,460305.15,39.863613925694985,102.06610796203245,1270.11,5
Cole Murphy,18,67,2002,2,Male,628 Norfolk Avenue,,Arlington,MA,2476,42.41,-71.16,$40694,$82972,173295.0,653,1,82972.0,40694.0,1699,17600.0,1,100.0,206,17171.04,83.35456310679612,209.63233827358755,1453.93,2
Jolie Masvidal,21,62,1998,7,Female,288 North Avenue,,New Orleans,LA,70118,30.06,-89.93,$27603,$56280,81803.0,760,1,56280.0,27603.0,1700,16558.0,1,100.0,165,11762.86,71.2900606060606,77.97227675539922,355.0,2
Otto Williams,18,67,2001,4,Male,6445 Ninth Lane,,Lynnwood,WA,98037,47.85,-122.28,$24564,$50086,51164.0,776,3,50086.0,24564.0,1701,72749.0,3,70.32948906514179,100,7516.639999999999,75.1664,146.8935374651996,979.24,5
Kyla Thompson,22,69,1997,12,Female,8974 West Lane,,Oklahoma City,OK,73112,35.46,-97.51,$19076,$38892,50150.0,705,2,38892.0,19076.0,1702,29395.0,2,100.0,120,5784.15,48.201249999999995,59.03854689328688,210.43,3
Anika Garcia,47,66,1972,4,Female,9020 North Street,4.0,Decatur,IL,62521,39.85,-88.93,$22153,$45164,0.0,730,3,45164.0,22153.0,1703,53788.0,3,0.0,5652,254787.74,45.079217975937716,80.72733986286588,1066.05,4
Jamie Rivera,38,66,1981,7,Female,4260 Essex Lane,,Quakertown,PA,18951,40.43,-75.34,$25205,$51391,94145.0,656,1,51391.0,25205.0,1704,14340.0,1,100.0,16261,1008829.54,62.039821659184554,117.54412851221402,1798.08,1
Blake Sadr,54,69,1966,1,Male,112 Burns Lane,,Massillon,OH,44646,40.78,-81.52,$20783,$42379,136748.0,692,3,42379.0,20783.0,1705,38442.0,3,100.0,4326,171714.29,39.6935483125289,98.55629462460807,1064.78,3
Santiago Cruz,49,62,1970,8,Male,344 Birch Street,9.0,Denison,IA,51442,42.01,-95.34,$16673,$33995,46102.0,531,1,33995.0,16673.0,1706,80.0,1,100.0,13788,406605.99,29.4898455178416,40.53217074552721,425.0,1
Hezekiah Howard,18,65,2002,1,Male,822 Ocean View Lane,27.0,Baldwin Park,CA,91706,34.09,-117.96,$15775,$32165,25778.0,689,1,32165.0,15775.0,1707,18261.0,1,100.0,123,7380.290000000001,60.00235772357724,66.92849165530438,648.4,2
Adley Rivera,54,67,1965,5,Female,984 Eighth Avenue,8.0,Old Saybrook,CT,6475,41.29,-72.36,$30281,$61740,126015.0,583,2,61740.0,30281.0,1708,18225.0,2,100.0,29715,1737386.4100000001,58.46832946323406,73.34699844084848,2108.95,2
Analia Collins,86,69,1933,11,Female,235 Fourth Street,8.0,Hattiesburg,MS,39401,31.31,-89.3,$14383,$9678,812.0,688,6,9678.0,14383.0,1709,50731.0,6,1.6005992391240071,10218,193485.43,18.93574378547661,51.170352048740654,524.28,4
Macy Anwar,46,73,1974,2,Female,2794 Seventh Drive,2.0,Millington,TN,38053,35.33,-89.88,$19115,$38971,0.0,784,3,38971.0,19115.0,1710,49243.0,3,0.0,16029,664499.19,41.45606026576829,72.2739297952555,1222.64,4
Nico Brown,85,71,1934,7,Male,5993 12th Lane,,Lubbock,TX,79403,33.57,-101.87,$12187,$12826,1550.0,734,5,12826.0,12187.0,1711,41544.0,5,3.730984016945889,15344,562601.5599999999,36.66589937434828,60.517300660086505,744.6,3
Keith Labelle,77,60,1942,6,Male,766 Mountain View Drive,1.0,Mission,TX,78572,26.21,-98.31,$14275,$22104,20031.0,670,3,22104.0,14275.0,1712,26226.0,3,76.37840311141615,23429,1366356.75,58.319038371249306,58.8396261788841,793.7,2
Serenity Foster,23,71,1996,10,Female,533 Fourth Street,,Fair Oaks,CA,95628,38.65,-121.25,$27548,$56168,186534.0,703,3,56168.0,27548.0,1713,32159.0,3,100.0,150,7499.16,49.9944,88.16144187780354,598.53,3
Arthur White,18,65,2002,2,Male,6638 Summit Lane,,Asheville,NC,28803,35.57,-82.54,$22223,$45313,21488.0,716,2,45313.0,22223.0,1714,35598.0,2,60.3629417382999,94,2684.2799999999997,28.556170212765956,51.61691041366073,282.86,3
Jemma Thomas,53,65,1966,12,Female,1540 El Camino Avenue,6.0,West Palm Beach,FL,33406,26.74,-80.12,$18205,$37119,55010.0,718,5,37119.0,18205.0,1715,47230.0,5,100.0,8847,344820.57,38.97598847066802,60.8618922164754,1282.17,4
Isla Ramirez,25,67,1995,1,Female,8482 Elm Lane,,Palmer,TX,75152,32.42,-96.67,$21032,$42883,65917.0,807,3,42883.0,21032.0,1716,23256.0,3,100.0,8176,245196.28999999998,29.989761497064578,58.06724280471433,989.87,2
Noa King,53,58,1966,11,Female,6733 Third Boulevard,,Elyria,OH,44035,41.37,-82.1,$18110,$36925,89762.0,721,5,36925.0,18110.0,1717,20622.0,5,100.0,9711,426050.78,43.87300792915251,84.57194842809618,868.83,2
Roy Martinez,32,64,1987,7,Male,2783 Washington Avenue,2.0,East Northport,NY,11731,40.87,-73.32,$33338,$67976,105337.0,747,3,67976.0,33338.0,1718,43944.0,3,100.0,1683,75373.57999999999,44.78525252525252,92.2375350822845,1184.54,4
Madeline El-Mafouk,27,65,1993,2,Female,711 Norfolk Drive,7.0,Wellsville,OH,43968,40.6,-80.65,$16314,$33266,0.0,693,5,33266.0,16314.0,1719,49028.0,5,0.0,7444,230600.77000000002,30.978072272971524,63.87303507341055,1055.21,4
Tessa Baker,25,60,1994,5,Female,4386 El Camino Boulevard,,Jacksonville,FL,32218,30.33,-81.65,$19382,$39520,61310.0,595,2,39520.0,19382.0,1720,23252.0,2,100.0,266,8245.12,30.99669172932331,32.773356057182085,183.72,2
Jamal Brooks,27,65,1992,3,Male,900 Norfolk Avenue,10.0,Greenwood,IN,46143,39.61,-86.11,$25773,$52550,140825.0,710,1,52550.0,25773.0,1721,14700.0,1,100.0,15795,960796.73,60.82916935739158,69.9511641500343,1215.24,1
Dallas Fernandez,51,62,1968,3,Female,54870 Lexington Drive,6.0,Miami,FL,33134,25.77,-80.2,$31625,$64481,114394.0,627,5,64481.0,31625.0,1722,50015.0,5,100.0,25624,959764.54,37.455687636590696,85.40866782886518,1548.48,4
Aubrie Roman,55,67,1964,3,Female,1442 Mill Avenue,2.0,Fayetteville,NC,28314,35.05,-78.87,$17789,$36270,73779.0,769,5,36270.0,17789.0,1723,50809.0,5,100.0,15414,580748.3,37.67667704684054,68.4871109370201,952.49,4
Jaxon Russell,31,57,1989,2,Male,35 Rose Boulevard,,San Jose,CA,95131,37.38,-121.9,$37677,$76820,159137.0,819,2,76820.0,37677.0,1724,19423.0,2,100.0,10153,409669.18000000005,40.34956958534424,82.88892700734723,883.6,2
Jacoby Long,65,62,1954,5,Male,3216 Ninth Drive,,Wichita,KS,67212,37.68,-97.34,$22638,$49817,26928.0,600,2,49817.0,22638.0,1725,15635.0,2,100.0,13809,640996.1799999999,46.418725468897094,98.42740108316588,1603.7,2
Nicole Macron,67,71,1952,8,Female,1429 Summit Drive,5.0,Parkville,MD,21234,39.38,-76.55,$23096,$47087,92489.0,820,5,47087.0,23096.0,1726,74248.0,5,100.0,21489,572799.6499999999,26.655481874447386,59.71961725518378,1349.33,5
Melany Bailey,66,66,1953,7,Female,330 Martin Luther King Lane,,Angier,NC,27501,35.51,-78.73,$18340,$36052,6602.0,767,4,36052.0,18340.0,1727,41023.0,4,16.093411013333984,19617,714852.21,36.44044502217464,73.10052110462831,1079.43,3
Matias Stewart,29,71,1990,5,Male,4673 Washington Avenue,,Selma,AL,36703,32.41,-87.03,$12474,$25434,0.0,698,2,25434.0,12474.0,1728,13000.0,2,0.0,155,1483.75,9.57258064516129,25.11249437999801,136.35,1
Colten Nelson,41,70,1978,9,Male,2397 Madison Avenue,,Lyman,SC,29365,34.95,-82.12,$18857,$38450,51430.0,850,1,38450.0,18857.0,1729,16905.0,1,100.0,7470,250577.24,33.5444765729585,76.56770732386545,927.95,2
Noe Gutierrez,38,67,1981,3,Male,909 Eighth Street,,Milpitas,CA,95035,37.44,-121.87,$33758,$68827,35669.0,755,2,68827.0,33758.0,1730,72163.0,2,49.42837742333329,26815,1012025.7799999999,37.741032258064514,84.75660602679267,1139.79,5
Reuben Torres,64,63,1956,2,Male,8146 Third Avenue,,Katy,TX,77450,29.79,-95.82,$0,$399,323.0,729,3,399.0,0.0,1731,412.0,3,78.39805825242718,3622,105456.42000000001,29.11552181115406,44.71763966275748,491.47,1
Paxton Carter,71,56,1949,1,Male,793 Norfolk Avenue,,Ocala,FL,34476,29.18,-82.13,$12992,$17775,11520.0,746,1,17775.0,12992.0,1732,3300.0,1,100.0,92,2881.1,31.316304347826087,84.55629536789176,522.55,1
Dimitri Schmidt,64,67,1955,11,Male,28 West Lane,,Aurora,IL,60505,41.76,-88.29,$14200,$28954,41461.0,636,2,28954.0,14200.0,1733,17383.0,2,100.0,7758,304055.56,39.19251869038412,68.4543888038223,909.81,2
Sutton Sullivan,83,67,1936,3,Male,308 Second Boulevard,,Los Altos,CA,94024,37.34,-122.11,$76725,$82009,6229.0,764,8,82009.0,76725.0,1734,368894.0,8,1.6885609416255074,32182,2050553.4499999997,63.71740258529612,120.44248520655577,4175.85,5
Kaleb Price,50,69,1970,2,Male,9190 Sussex Lane,,Gresham,OR,97080,45.47,-122.37,$22599,$46077,135862.0,639,3,46077.0,22599.0,1735,26403.0,3,100.0,8455,322628.51,38.15830987581313,76.27419943088854,1271.55,2
Romeo Wood,36,65,1983,3,Male,296 Pine Boulevard,,Wethersfield,CT,6109,41.7,-72.67,$28557,$58225,101148.0,685,3,58225.0,28557.0,1736,68051.0,3,100.0,10864,468900.56,43.1609499263623,105.01292454556423,2808.44,5
Breanna Robinson,20,64,2000,1,Female,6877 Jefferson Drive,,Mays Landing,NJ,8330,39.45,-74.72,$23298,$47504,65156.0,706,1,47504.0,23298.0,1737,14304.0,1,100.0,42,2327.23,55.41023809523809,89.02074861107744,240.0,1
Maya Bennett,58,67,1961,6,Female,91 Jefferson Drive,514.0,Bowling Green,KY,42103,36.97,-86.44,$26567,$54166,0.0,707,5,54166.0,26567.0,1738,59728.0,5,0.0,14893,825997.4199999999,55.462124488014496,89.95202942805733,1150.04,4
Annabel King,54,66,1965,12,Female,294 Bayview Lane,4.0,Memphis,TN,38104,35.1,-90.0,$28570,$58248,107130.0,728,4,58248.0,28570.0,1739,81594.0,4,100.0,20515,1658520.75,80.84429685595906,95.46593462822109,1553.08,5
Caleb Masvidal,30,70,1989,4,Male,4328 Forest Boulevard,,Fort Lauderdale,FL,33316,26.14,-80.13,$45143,$92046,6658.0,681,2,92046.0,45143.0,1740,18557.0,2,35.878644177399366,193,10841.669999999998,56.17445595854922,133.92855768879315,1171.71,2
Pedro Gonzalez,53,66,1966,12,Male,153 Wessex Drive,,Sarasota,FL,34243,27.33,-82.54,$19983,$40745,18371.0,718,4,40745.0,19983.0,1741,49929.0,4,36.794247831921325,11404,605374.53,53.084402841108385,120.14674988099092,1508.37,4
Raelyn Carter,71,68,1948,7,Female,9854 Park Lane,,Burke,VA,22015,38.78,-77.27,$35563,$87659,0.0,779,4,87659.0,35563.0,1742,98367.0,4,0.0,15408,851623.74,55.27153037383177,111.08424789463318,4028.63,5
Sergio Stewart,29,64,1990,5,Male,5537 Forest Lane,,Sacramento,CA,95818,38.55,-121.49,$31184,$63583,200435.0,635,1,63583.0,31184.0,1743,18400.0,1,100.0,4072,184995.49000000002,45.43111247544205,102.99236083868003,1275.02,2
Jaxxon Wright,58,66,1962,1,Male,735 Forest Avenue,,Alhambra,CA,91803,34.07,-118.14,$20059,$40900,64420.0,678,3,40900.0,20059.0,1744,45512.0,3,100.0,8222,352987.9,42.93212113840915,93.27011654559574,1210.79,4
Saanvi Flores,67,67,1952,7,Female,728 Sixth Avenue,,Oakfield,NY,14125,43.06,-78.27,$17665,$43070,14135.0,726,4,43070.0,17665.0,1745,80350.0,4,17.59178593652769,20691,1041776.29,50.34924798221449,49.41680467999478,1257.7,5
Malik Scott,54,67,1966,1,Male,41 Grant Drive,,Montgomery,AL,36104,32.35,-86.28,$11703,$23863,83430.0,536,2,23863.0,11703.0,1746,16407.0,2,100.0,5550,200421.12,36.111913513513514,52.17599232928563,821.6,2
Rodney King,92,67,1927,6,Male,619 North Avenue,,Danville,NH,3819,42.91,-71.12,$26541,$56099,933.0,751,6,56099.0,26541.0,1747,113271.0,6,0.8236883226951294,14039,946643.8500000001,67.42957831754399,67.7638409253376,950.89,5
Lyanna Ajami,32,65,1988,1,Female,219 Federal Street,,Dickinson,TX,77539,29.45,-95.06,$24217,$49374,108192.0,706,2,49374.0,24217.0,1748,40241.0,2,100.0,18530,970744.28,52.38771073934161,84.54202316553742,1370.37,3
Preston Fu,20,66,1999,7,Male,3404 Main Lane,82.0,Cranberry Twp,PA,16066,40.71,-80.1,$35188,$71750,117124.0,697,3,71750.0,35188.0,1749,85607.0,3,100.0,202,16377.16,81.0750495049505,79.88004475305473,471.44,5
Aria Rogers,20,66,1999,7,Female,75 Third Avenue,,West Chester,OH,45069,39.33,-84.4,$31920,$65082,88347.0,850,1,65082.0,31920.0,1750,6200.0,1,100.0,113,6330.45,56.0216814159292,144.3828249530415,1059.67,1
Colton Fox,18,65,2002,1,Male,33 Lafayette Lane,178.0,Balch Springs,TX,75180,32.76,-96.59,$14245,$29047,36835.0,786,1,29047.0,14245.0,1751,9241.0,1,100.0,55,1156.1699999999998,21.021272727272724,43.91134813170511,136.27,1
Brody King,43,68,1976,6,Male,125 Plum Drive,1.0,Hawthorne,CA,90250,33.91,-118.34,$19153,$39052,65861.0,804,4,39052.0,19153.0,1752,31059.0,4,100.0,9385,425817.61,45.372148108684065,87.73033530053313,971.15,3
Rivka Taylor,94,65,1926,1,Female,4570 Valley Stream Lane,236.0,Wauconda,IL,60084,42.26,-88.13,$28147,$40787,1574.0,782,6,40787.0,28147.0,1753,118980.0,6,1.322911413682972,60683,2292951.59,37.78573224791128,69.33678381122299,1486.33,5
Belen Stewart,22,64,1997,12,Female,109 El Camino Avenue,,Houston,TX,77093,29.76,-95.38,$11219,$22876,36157.0,685,2,22876.0,11219.0,1754,12640.0,2,100.0,58,1258.02,21.69,48.38172293121757,195.56,1
Gabriela Davis,61,60,1958,3,Female,8301 Tenth Drive,,Medford,OR,97504,42.33,-122.79,$18961,$30359,16552.0,758,2,30359.0,18961.0,1755,13389.0,2,100.0,20917,863183.16,41.267063154372046,67.4878320721407,1547.83,1
Samira Ross,47,66,1972,6,Female,6613 Hill Drive,,Williamsburg,KY,40769,36.73,-84.16,$12814,$26130,54290.0,498,1,26130.0,12814.0,1756,898.0,1,100.0,14080,656371.54,46.617296875,49.145715230524615,666.69,1
Barrett Schmidt,59,66,1960,9,Male,910 Eighth Drive,,Houston,TX,77056,29.76,-95.38,$95039,$193768,150896.0,686,5,193768.0,95039.0,1757,393197.0,5,38.37669158208226,18864,1390548.79,73.71441846904156,150.7817269118389,5696.78,5
Elian Fernandez,32,67,1987,8,Male,3525 Second Lane,,Lynwood,CA,90262,33.92,-118.2,$13632,$27795,72318.0,701,4,27795.0,13632.0,1758,32791.0,4,100.0,6316,185424.78,29.357944901836607,53.623550469011285,710.22,3
Genesis Jones,53,66,1967,2,Female,919 Oak Boulevard,,Northport,AL,35476,33.24,-87.59,$15540,$31688,66776.0,605,3,31688.0,15540.0,1759,16604.0,3,100.0,6113,207884.63,34.00697366268608,69.74998042166489,1043.61,2
Colt Cook,36,66,1983,8,Male,430 Grant Boulevard,,York,NE,68467,40.87,-97.59,$18024,$36753,33657.0,684,4,36753.0,18024.0,1760,34918.0,4,96.38868205510052,8147,340550.86,41.80076838099914,79.99942114770784,955.35,3
Alfredo Cruz,63,62,1956,8,Male,9 Mill Drive,,Cocoa,FL,32926,28.37,-80.75,$19018,$12796,22192.0,644,3,12796.0,19018.0,1761,36635.0,3,60.57595195850962,13677,806200.78,58.94573225122468,70.68059071739319,1281.97,3
Livia Stewart,32,65,1987,8,Female,635 East Drive,,Blackwell,OK,74631,36.8,-97.29,$15077,$30737,35858.0,815,2,30737.0,15077.0,1762,25160.0,2,100.0,7149,285490.62,39.934343264792275,67.5721537954864,1146.05,2
Achilles Schmidt,30,62,1989,12,Male,9207 Madison Boulevard,,Germantown,MD,20876,39.17,-77.26,$31555,$64340,94513.0,637,1,64340.0,31555.0,1763,62.0,1,100.0,67,1589.3600000000001,23.721791044776122,23.942298542093354,73.38,1
Brylee Price,50,74,1969,4,Female,818 12th Lane,,Vincentown,NJ,8088,39.8,-74.62,$28433,$57975,34570.0,773,4,57975.0,28433.0,1764,66080.0,4,52.31537530266343,28524,1237182.3499999999,43.37338206422661,77.78807844760505,1428.08,5
Devin Roberts,30,67,1989,7,Male,774 Park Lane,,Chilton,WI,53014,44.02,-88.16,$19382,$39520,53896.0,772,1,39520.0,19382.0,1765,21005.0,1,100.0,6620,310868.32,46.95896072507553,86.71420257800125,919.52,2
Ashlyn Scott,59,68,1960,3,Female,5238 Park Street,10.0,Union City,NJ,7087,40.76,-74.03,$16770,$34190,39242.0,810,7,34190.0,16770.0,1766,80811.0,7,48.56022076202497,17172,600741.62,34.98378872583275,70.10178262615462,1073.09,5
Madison Neufelder,28,64,1991,10,Female,5225 Bayview Street,,Los Angeles,CA,90007,34.02,-118.28,$13002,$26513,32620.0,604,1,26513.0,13002.0,1767,10693.0,1,100.0,16,979.33,61.208125,55.073477874875266,175.41,1
Adrianna Cook,78,66,1941,11,Female,3863 Pine Street,3.0,Valdosta,GA,31601,30.84,-83.27,$12672,$8526,3723.0,684,3,8526.0,12672.0,1768,22676.0,3,16.418239548421237,14622,386526.63,26.434593762823145,55.654694850541745,537.24,2
Kyra Gao,40,63,1980,2,Female,5191 Grant Drive,6728.0,Mount Pleasant,NC,28124,35.4,-80.43,$20041,$40867,50449.0,694,2,40867.0,20041.0,1769,27342.0,2,100.0,13470,534088.3999999999,39.65021529324424,68.61341691816563,1485.68,2
Oakley Taylor,34,62,1985,10,Male,801 River Street,,Summerville,GA,30747,34.47,-85.34,$14514,$29594,47766.0,792,1,29594.0,14514.0,1770,7500.0,1,100.0,9011,240858.54,26.729390744645436,52.35045757887603,671.0,1
Lorelai Brown,35,65,1984,3,Female,1496 Rose Street,,Los Angeles,CA,90006,34.04,-118.29,$11395,$23238,31661.0,611,2,23238.0,11395.0,1771,12800.0,2,100.0,250,10582.810000000001,42.33124000000001,38.59321755519225,218.35,1
Addison Faraday,49,68,1970,12,Female,9639 Third Boulevard,,Monaca,PA,15061,40.68,-80.27,$20142,$41071,124139.0,685,1,41071.0,20142.0,1772,3900.0,1,100.0,32840,723807.3200000001,22.04041778319123,48.96779102639313,1137.87,1
Winter Clark,65,62,1955,2,Female,230 Plum Avenue,,O Fallon,MO,63366,38.78,-90.7,$25350,$17056,29112.0,667,5,17056.0,25350.0,1773,52048.0,5,55.93298493698124,22671,1454774.65,64.1689669621984,106.30626896281028,2126.53,4
Lainey Brooks,36,66,1983,3,Female,1644 Park Avenue,,Newark,DE,19711,39.67,-75.75,$31719,$64672,56485.0,695,4,64672.0,31719.0,1774,68252.0,4,82.7594795756901,15224,579071.37,38.036742643194955,103.58409494925415,4382.9,5
Kadence Morales,62,60,1957,6,Female,171 Catherine Lane,58.0,Clovis,CA,93612,36.81,-119.71,$17301,$26975,17212.0,673,2,26975.0,17301.0,1775,1963.0,2,100.0,9082,446654.02,49.18013873596124,90.770811471153,1039.4,1
Camilla Bailey,30,65,1989,4,Female,2328 Little Creek Avenue,,Philadelphia,PA,19133,39.95,-75.16,$10016,$20424,14743.0,770,3,20424.0,10016.0,1776,30220.0,3,48.78557246856386,10636,210982.83,19.836670740880027,52.411366784526464,706.89,3
Deborah Clark,60,67,1959,10,Female,8179 Valley Stream Drive,,Holly,MI,48442,42.79,-83.62,$22680,$46244,108449.0,814,5,46244.0,22680.0,1777,44658.0,5,100.0,27217,975644.69,35.846885769923205,53.166332193069955,1440.5,4
Perla Phillips,38,65,1981,11,Female,9324 Catherine Street,13.0,Arnold,MO,63010,38.42,-90.36,$21744,$44334,55173.0,684,5,44334.0,21744.0,1778,61703.0,5,89.4170461727955,32890,607313.54,18.46499057464275,42.98309659589382,1392.09,4
Magnus Brooks,63,68,1956,6,Male,547 West Drive,,Port Chester,NY,10573,41.0,-73.66,$35269,$71909,44190.0,712,3,71909.0,35269.0,1779,102154.0,3,43.25821798461147,15215,708006.43,46.533449227735794,102.1407594183165,1143.71,5
Renee Williams,66,69,1953,5,Female,211 Valley Street,,Mendham,NJ,7945,40.76,-74.59,$91180,$185909,461854.0,621,5,185909.0,91180.0,1780,258595.0,5,100.0,33336,2160430.97,64.80774448044157,137.43495212917233,2856.99,5
Achilles Edwards,76,65,1943,7,Male,2012 Forest Avenue,,Hickory,NC,28602,35.73,-81.32,$17850,$21867,21103.0,759,2,21867.0,17850.0,1781,9975.0,2,100.0,29015,1335355.3399999999,46.02293089781147,63.102588146630374,2163.8,1
Briar Gomez,40,61,1979,12,Female,1943 Birch Street,,North Lawrence,OH,44666,40.84,-81.63,$21201,$43229,96831.0,685,2,43229.0,21201.0,1782,33948.0,2,100.0,15613,310320.05,19.875747774290655,58.19397477418842,1006.71,3
Layne Mitchell,64,64,1956,2,Male,106 Littlewood Drive,10.0,Houston,TX,77067,29.76,-95.38,$15401,$24420,14460.0,685,1,24420.0,15401.0,1783,6000.0,1,100.0,13095,401345.68,30.648772814051163,75.29973096542496,1120.32,1
Aubree Hill,54,66,1966,1,Female,2206 South Drive,,Brooksville,FL,34601,28.55,-82.39,$15524,$31655,46405.0,623,1,31655.0,15524.0,1784,1700.0,1,100.0,11046,513458.27,46.48363842114793,66.69325411805394,1972.3,1
Collins Lewis,84,64,1936,1,Female,4819 Martin Luther King Drive,8.0,North Andover,MA,1845,42.7,-71.11,$41665,$66745,682.0,718,3,66745.0,41665.0,1785,72017.0,3,0.9469986253245761,17585,867759.6700000002,49.34658345180552,90.05673303655087,1478.89,5
Keenan Allen,22,65,1997,4,Male,4932 South Boulevard,,Moorhead,MN,56560,46.86,-96.75,$20214,$41214,130538.0,763,1,41214.0,20214.0,1786,3500.0,1,100.0,81,4420.25,54.57098765432099,42.4148716233706,259.82,1
Moshe Martin,49,64,1970,6,Male,5642 Bayview Avenue,,Albuquerque,NM,87114,35.11,-106.62,$24403,$49756,70744.0,705,1,49756.0,24403.0,1787,7100.0,1,100.0,447,36422.76,81.4826845637584,138.50129847620207,1411.73,1
Milan Faraday,66,63,1953,6,Male,5807 Lincoln Street,5.0,Warner Robins,GA,31093,32.61,-83.63,$15334,$28104,12054.0,751,3,28104.0,15334.0,1788,13071.0,3,92.21941703006657,16511,518674.16000000003,31.413855005753742,80.2464504621966,1418.39,1
Mckenna Braun,54,68,1965,3,Female,336 Catherine Lane,,Highland,MI,48357,42.63,-83.61,$25838,$52680,87082.0,835,5,52680.0,25838.0,1789,95710.0,5,90.98526799707449,8950,542587.0700000001,60.62425363128492,111.03719386062912,1400.36,5
Aylin Myers,61,66,1958,3,Female,7360 Lexington Drive,,Jeffersonville,KY,40337,37.96,-83.82,$13602,$27733,21785.0,765,3,27733.0,13602.0,1790,35412.0,3,61.518694227945325,4293,150496.47,35.05624737945492,70.81598926729889,768.9,3
Brycen Adams,61,63,1959,2,Male,3270 Grant Avenue,88.0,Geneva,IN,46740,40.59,-84.95,$10493,$21397,54771.0,812,4,21397.0,10493.0,1791,21425.0,4,100.0,37871,761668.29,20.112177919780308,56.718322271939996,661.13,2
Shiloh Martin,47,70,1972,10,Male,9070 West Street,,Rancho Cucamonga,CA,91730,34.09,-117.58,$24603,$50163,97188.0,761,4,50163.0,24603.0,1792,56523.0,4,100.0,25858,973617.77,37.65247776316807,72.18861291427073,1356.6,4
Mckenna Wilson,25,69,1994,5,Female,309 River Avenue,70.0,Hancock,WI,54943,44.13,-89.52,$13210,$26939,69587.0,752,1,26939.0,13210.0,1793,9100.0,1,100.0,29,813.97,28.06793103448276,41.8890734974886,91.58,1
Silas Kelly,52,69,1967,10,Male,653 Mill Street,,Minneapolis,MN,55421,44.96,-93.26,$20662,$42129,101742.0,758,4,42129.0,20662.0,1794,37761.0,4,100.0,22223,1056263.56,47.53019664311749,67.70516804528683,1051.29,3
Jewel Perry,48,66,1971,12,Female,33 North Avenue,342.0,Palisades Park,NJ,7650,40.84,-73.99,$22278,$45422,83940.0,689,4,45422.0,22278.0,1795,33536.0,4,100.0,15112,597174.3,39.51656299629434,82.03828530438112,1446.09,3
Alessandro Davis,37,66,1982,12,Male,550 Forest Street,,Helena,MT,59601,46.51,-112.12,$20305,$41401,71180.0,580,1,41401.0,20305.0,1796,14300.0,1,100.0,8561,360015.07,42.05292255577619,47.878033223025994,1085.66,1
Abigail Morales,19,63,2000,6,Female,534 Second Lane,,San Diego,CA,92126,32.88,-117.13,$27394,$55854,111042.0,782,1,55854.0,27394.0,1797,14600.0,1,100.0,73,3264.8999999999996,44.72465753424657,74.43484990028017,352.14,1
Nyla Fernandez,66,67,1953,11,Female,1426 Fifth Avenue,,Strafford,NH,3884,43.32,-71.18,$24779,$50523,98763.0,578,1,50523.0,24779.0,1798,7100.0,1,100.0,2630,131126.91,49.85814068441065,105.35315308316956,715.81,1
Melvin Brown,73,67,1946,3,Male,2834 West Street,,Mobile,AL,36695,30.68,-88.04,$25381,$48060,17440.0,581,3,48060.0,25381.0,1799,35851.0,3,48.6457839390812,21306,830054.4299999999,38.95871726274289,70.14430508187576,1588.8,3
Skyler Robinson,40,64,1979,10,Male,344 11th Street,5.0,Brownsville,TX,78520,25.92,-97.48,$12684,$25861,42050.0,607,3,25861.0,12684.0,1800,25465.0,3,100.0,9332,417574.2,44.74648521217317,66.17658185714998,1793.07,2
Monserrat Schmidt,29,66,1990,3,Female,685 Jefferson Avenue,5.0,Jersey City,NJ,7307,40.71,-74.06,$21916,$44688,88092.0,716,3,44688.0,21916.0,1801,51762.0,3,100.0,6086,232008.77000000002,38.1217170555373,80.99680979115894,1122.52,4
Charli Neufelder,41,69,1979,1,Female,8676 River Avenue,,Rosedale,NY,11422,40.66,-73.73,$24412,$49776,17352.0,684,3,49776.0,24412.0,1802,34762.0,3,49.91657557102583,7085,445716.47,62.90987579393084,105.04823014883046,1336.38,3
Owen Roman,21,62,1998,10,Male,5 Lafayette Avenue,,Hudson,OH,44236,41.24,-81.45,$42201,$86042,165447.0,701,2,86042.0,42201.0,1803,34700.0,2,100.0,178,11324.3,63.61966292134831,117.03708798466974,1232.15,3
Dane Morales,27,65,1993,1,Male,2282 Main Drive,,Belleville,IL,62223,38.53,-90.0,$23778,$48484,63561.0,775,4,48484.0,23778.0,1804,79583.0,4,79.86755965470013,10759,362777.35,33.718500790036245,76.64221632737804,1354.09,5
Kaysen Baker,54,62,1965,5,Male,703 12th Street,,Drums,PA,18222,41.01,-75.99,$23450,$47814,92020.0,720,2,47814.0,23450.0,1805,14146.0,2,100.0,10429,375710.11,36.02551634864321,63.38982632487783,1402.49,1
Tara Anwar,20,69,1999,8,Female,621 Fifth Boulevard,1.0,Baker,LA,70714,30.58,-91.15,$17440,$35559,59164.0,672,2,35559.0,17440.0,1806,24712.0,2,100.0,60,2535.95,42.26583333333333,52.049805132253425,241.77,2
Dallas Murphy,38,65,1981,7,Male,5661 Forest Avenue,,Le Mars,IA,51031,42.78,-96.16,$19853,$40478,76392.0,718,3,40478.0,19853.0,1807,16555.0,3,100.0,10048,392284.29,39.041032046178344,71.25857614116472,853.09,2
Brady Gomez,45,67,1974,3,Male,4391 Lexington Lane,,Charlotte,NC,28215,35.19,-80.83,$17817,$36323,65525.0,700,3,36323.0,17817.0,1808,28455.0,3,100.0,8706,585129.48,67.20991040661613,74.48647161934406,1399.61,3
Luciana Faraday,34,66,1985,3,Female,404 Main Lane,3.0,Billings,MT,59102,45.76,-108.57,$20231,$41249,42268.0,695,2,41249.0,20231.0,1809,29380.0,2,100.0,8158,305540.44,37.45286099534199,70.7954748411428,959.88,3
Guillermo Morales,62,61,1957,9,Male,641 Martin Luther King Avenue,,Bernalillo,NM,87004,35.31,-106.55,$15966,$29769,14542.0,693,3,29769.0,15966.0,1810,16827.0,3,86.4206335056754,12099,445903.67000000004,36.85458880899248,75.60171060172544,956.43,2
Magdalena Gray,23,66,1996,3,Female,459 East Avenue,7.0,Atherton,CA,94027,37.44,-122.2,$150583,$307018,516263.0,745,2,307018.0,150583.0,1811,134000.0,2,100.0,176,17939.370000000003,101.92823863636364,114.96537076822251,551.3,5
Erick Reed,20,66,1999,11,Male,1693 Spruce Street,,Jackson,MI,49203,42.24,-84.4,$17783,$36264,99582.0,725,1,36264.0,17783.0,1812,19446.0,1,100.0,61,1863.8900000000003,30.555573770491808,43.146859260148354,193.75,2
Rosemary Sanders,36,69,1983,4,Female,478 East Drive,,Scottsdale,AZ,85260,33.61,-111.89,$36300,$74016,85204.0,702,2,74016.0,36300.0,1813,63406.0,2,100.0,10763,520401.83999999997,48.351002508594256,100.58830740032492,1061.51,4
Opal Ward,46,69,1973,12,Female,515 South Street,,Cleveland,OH,44118,41.47,-81.67,$27250,$55565,34039.0,731,2,55565.0,27250.0,1814,21036.0,2,100.0,8516,258973.12,30.410183184593706,34.15484154621073,339.99,2
Aden Ward,31,63,1988,6,Male,8486 Catherine Street,,Blacksburg,VA,24060,37.23,-80.42,$24640,$50242,84457.0,722,2,50242.0,24640.0,1815,27531.0,2,100.0,7612,430884.4,56.6059379926432,95.09113562270183,1326.69,2
Brock Ramirez,43,67,1976,4,Male,881 Plum Street,,Woodbine,NJ,8270,39.22,-74.8,$22697,$46278,51243.0,791,4,46278.0,22697.0,1816,87375.0,4,58.64721030042919,16526,458341.82,27.73458913227641,58.36594853441042,1068.77,5
Darren Turner,31,63,1988,5,Male,6692 Lake Street,,Taylorsville,KY,40071,38.03,-85.34,$21444,$43724,53853.0,514,1,43724.0,21444.0,1817,26.0,1,100.0,15,136.32999999999998,9.088666666666665,5.0309016642700914,15.17,1
Amia Leroux,18,66,2001,4,Female,724 Essex Drive,,Louisville,KY,40207,38.22,-85.74,$31636,$64504,69041.0,695,3,64504.0,31636.0,1818,68914.0,3,100.0,202,5805.360000000001,28.73940594059406,42.688720605961315,227.0,5
Edith Burns,42,67,1978,2,Female,66 Norfolk Avenue,,Choctaw,OK,73020,35.48,-97.26,$21884,$44624,102882.0,611,1,44624.0,21884.0,1819,3900.0,1,100.0,4892,213917.09,43.7279415372036,88.59414231199148,1146.46,1
Stefan Thomas,49,58,1970,12,Male,469 Catherine Avenue,,San Antonio,TX,78209,29.45,-98.5,$36852,$75137,175263.0,631,1,75137.0,36852.0,1820,4392.0,1,100.0,9476,514562.0399999999,54.30160827353313,108.67320153661238,1675.86,1
Brantley Russell,70,65,1949,3,Male,6339 Lafayette Avenue,,Carpinteria,CA,93014,34.39,-119.51,$21191,$36724,16437.0,701,4,36724.0,21191.0,1821,32993.0,4,49.819658715485104,16688,611543.8400000001,36.645723873442,75.38782927722039,1429.07,3
Lance Reyes,61,66,1958,4,Male,747 Rose Drive,,Concord,NC,28027,35.4,-80.59,$25299,$51581,35134.0,810,5,51581.0,25299.0,1822,70136.0,5,50.09410288582183,13074,712700.4,54.512804038549795,94.6341348345093,1725.04,5
Dustin Williams,47,63,1972,11,Male,305 Elm Street,81.0,Franconia,NH,3580,44.22,-71.74,$21159,$43144,54157.0,628,3,43144.0,21159.0,1823,30535.0,3,100.0,45737,2009472.2599999998,43.93537529789885,54.49046831271581,1159.09,3
Josephine Chen,91,67,1929,1,Female,365 Mountain View Boulevard,363.0,Donaldsonville,LA,70346,30.09,-90.99,$16474,$27150,2007.0,737,1,27150.0,16474.0,1824,75.0,1,100.0,9508,354096.22000000003,37.24192469499369,31.523720163035023,404.0,1
Simeon Flores,47,67,1972,5,Male,166 12th Street,,Annandale,VA,22003,38.83,-77.21,$30622,$62432,95799.0,741,5,62432.0,30622.0,1825,84356.0,5,100.0,24419,993540.71,40.68719890249396,82.9944422662535,1442.2,5
Jovanni El-Mafouk,18,67,2001,11,Male,62 East Boulevard,,Fontana,CA,92335,34.08,-117.46,$13739,$28006,19518.0,703,2,28006.0,13739.0,1826,20764.0,2,93.99922943556155,186,3402.67,18.293924731182795,32.61046814208511,190.04,2
Trey Jackson,62,65,1957,10,Male,8915 Sixth Avenue,,Marietta,GA,30062,33.95,-84.54,$33093,$67470,93795.0,804,6,67470.0,33093.0,1827,119991.0,6,78.16836262719704,14906,663424.73,44.507227291023746,93.35585768701209,3892.95,5
Sarai Brown,18,75,2002,1,Female,76 Federal Avenue,,Manhattan,KS,66503,39.19,-96.59,$25658,$52315,109513.0,774,4,52315.0,25658.0,1828,76319.0,4,100.0,311,19309.989999999998,62.089999999999996,55.47016339447404,440.41,5
Joyce Fisher,20,73,1999,8,Female,6030 Third Lane,76.0,Attleboro,MA,2703,41.93,-71.29,$26693,$54424,92199.0,687,1,54424.0,26693.0,1829,23088.0,1,100.0,3548,151217.38999999998,42.620459413754226,64.52628688655629,1289.48,2
Rylan Morgan,22,66,1997,7,Male,90072 George Drive,,Mulvane,KS,67110,37.48,-97.24,$22195,$45254,75758.0,850,2,45254.0,22195.0,1830,32497.0,2,100.0,62,4726.8,76.23870967741935,157.48314898573784,714.23,3
Hannah Adams,34,68,1985,7,Female,90 El Camino Avenue,,Buffalo,NY,14210,42.88,-78.85,$15461,$31525,57818.0,686,2,31525.0,15461.0,1831,13600.0,2,100.0,5694,265469.54,46.62268001404988,103.79476198188343,1142.5,1
Amiya Davis,44,67,1975,3,Female,5380 12th Boulevard,,Hot Springs National Park,AR,71913,34.5,-93.05,$15857,$32330,97190.0,835,4,32330.0,15857.0,1832,46588.0,4,100.0,20389,677002.28,33.20429054882535,57.52910106480695,805.7,4
Griffin King,30,74,1989,9,Male,7154 Lafayette Drive,,Las Cruces,NM,88005,32.33,-106.75,$16670,$33993,45149.0,602,4,33993.0,16670.0,1833,38809.0,4,100.0,5655,206932.45,36.592829354553494,72.81736466995099,1069.58,3
Paulina Jones,40,70,1979,7,Female,903 Norfolk Boulevard,,Mobile,AL,36610,30.68,-88.04,$9284,$18935,43928.0,658,3,18935.0,9284.0,1834,12166.0,3,100.0,19531,672555.76,34.43529568378475,44.18202735779859,744.21,1
Haley Sanders,73,60,1946,8,Female,658 Plum Avenue,7.0,Fort Lauderdale,FL,33309,26.14,-80.13,$21084,$42593,16083.0,703,2,42593.0,21084.0,1835,30400.0,2,52.9046052631579,9917,345057.31000000006,34.79452556216599,96.42237956816065,2358.47,3
Ronan Morgan,21,72,1998,6,Male,21 Birch Drive,,Saint Louis,MO,63119,38.63,-90.24,$31909,$65058,157708.0,746,1,65058.0,31909.0,1836,18800.0,1,100.0,155,12150.55,78.39064516129032,127.83688162189179,1126.91,2
Lainey Taylor,50,71,1969,7,Female,312 Burns Boulevard,,Chesapeake,VA,23321,36.67,-76.3,$24312,$49570,43645.0,752,5,49570.0,24312.0,1837,97746.0,5,44.65144353733145,7309,418882.4,57.31049391161582,107.81359198829806,1722.44,5
Alora White,47,65,1972,12,Female,112 Elm Avenue,844.0,North Hollywood,CA,91606,34.18,-118.39,$16892,$34441,907.0,725,4,34441.0,16892.0,1838,66913.0,4,1.3554914590587779,47283,1111127.6300000001,23.499516316646577,62.69167397112696,1093.52,5
Bailee Labelle,30,65,1989,7,Female,352 Hill Lane,,Vancouver,WA,98663,45.65,-122.66,$20649,$42101,70460.0,685,1,42101.0,20649.0,1839,2105.0,1,100.0,126,8495.310000000001,67.42309523809524,52.097507259385495,172.04,1
Kelsey Burns,71,69,1949,1,Female,836 Summit Boulevard,1677.0,Candor,NY,13743,42.23,-76.34,$18323,$40516,6908.0,698,5,40516.0,18323.0,1840,52484.0,5,13.162106546757107,23988,909995.18,37.93543355010839,66.73110800896646,1088.05,4
Curtis Roman,33,71,1986,11,Male,87 Ocean Avenue,,Dearborn,MI,48126,42.31,-83.21,$11773,$24009,19085.0,811,4,24009.0,11773.0,1841,34959.0,4,54.59252266941274,8452,216364.35000000003,25.59918954093706,53.43047107988833,826.21,3
Elijah Wilson,33,66,1987,2,Male,515 Spruce Boulevard,,Wyoming,MI,49519,42.89,-85.72,$18431,$37579,59201.0,710,2,37579.0,18431.0,1842,31900.0,2,100.0,4367,210064.83000000002,48.10277765056103,91.3076006563786,1069.72,3
Leighton Cook,53,68,1967,2,Female,9458 Park Boulevard,,El Cajon,CA,92021,32.84,-116.88,$20673,$42152,55576.0,751,1,42152.0,20673.0,1843,18112.0,1,100.0,229,12027.2,52.52052401746725,43.15366323245834,305.66,2
Zoe Adams,63,72,1956,7,Female,457 Summit Lane,,Parma,MO,63870,36.61,-89.81,$11636,$23725,47647.0,710,5,23725.0,11636.0,1844,47924.0,5,99.42200150237876,21392,643716.39,30.09145428197457,44.881381023093255,997.76,4
Joanna Harris,21,69,1998,9,Female,89 Oak Lane,,Buffalo,NY,14215,42.88,-78.85,$14456,$29475,48741.0,722,1,29475.0,14456.0,1845,700.0,1,100.0,138,4271.8,30.95507246376812,38.62822187202964,212.4,1
Adalyn Sanchez,82,68,1937,5,Female,6577 Catherine Lane,,Santa Barbara,CA,93101,34.41,-119.7,$23071,$34903,1336.0,630,1,34903.0,23071.0,1846,55.0,1,100.0,3409,56838.79,16.673156350836024,16.010870207771653,240.09,1
Quincy Fox,39,67,1980,5,Male,9995 Pine Avenue,,Middletown,OH,45042,39.5,-84.37,$19293,$39336,43747.0,690,3,39336.0,19293.0,1847,29024.0,3,100.0,15952,800594.9199999999,50.18774573721163,64.6381076797139,922.39,3
Chloe Nguyen,32,74,1987,5,Female,412 Fifth Boulevard,,New York,NY,10002,40.71,-73.99,$19744,$40256,0.0,719,2,40256.0,19744.0,1848,33554.0,2,0.0,4657,324605.57,69.70272063560232,69.27639521137651,816.77,3
Marcus Ramirez,18,65,2002,2,Male,6039 Valley Stream Street,,Petaluma,CA,94954,38.23,-122.56,$26752,$54547,92901.0,751,1,54547.0,26752.0,1849,7500.0,1,100.0,68,3239.439999999999,47.63882352941175,36.31583881195529,266.92,1
Harmoni Fox,54,66,1965,5,Female,2855 Sixth Avenue,,Naperville,IL,60565,41.76,-88.15,$41979,$85596,159101.0,618,1,85596.0,41979.0,1850,31696.0,1,100.0,19787,1053759.1099999999,53.25512255521301,103.55155726568418,3205.94,3
Douglas Abe,37,66,1982,6,Male,300 West Avenue,4.0,Cullman,AL,35055,34.17,-86.83,$17198,$35060,39104.0,724,2,35060.0,17198.0,1851,15044.0,2,100.0,14156,898978.54,63.505124328906476,63.08898282890209,863.07,2
Vicente Gao,69,70,1951,2,Male,5844 Littlewood Street,6007.0,Wagoner,OK,74477,35.95,-95.38,$15195,$30983,10019.0,757,5,30983.0,15195.0,1852,31198.0,5,32.114238092185396,37331,776986.14,20.813429589349333,60.06968087669649,1249.51,3
Darian Lonsdale,55,67,1964,10,Male,22 First Boulevard,,East Peoria,IL,61611,40.67,-89.54,$22416,$45707,113194.0,715,3,45707.0,22416.0,1853,54927.0,3,100.0,11979,540473.7,45.118432256448784,86.29708416985012,878.2,4
Gwendolyn Rogers,43,60,1976,11,Female,429 Grant Boulevard,,Elmer,NJ,8318,39.59,-75.17,$24417,$49788,83932.0,690,3,49788.0,24417.0,1854,40438.0,3,100.0,13130,577697.3200000001,43.99827265803504,96.25348849599389,1599.13,3
Galilea Clark,69,67,1950,12,Female,829 Mill Boulevard,,Manassas,VA,20109,38.74,-77.48,$24016,$50753,20226.0,698,4,50753.0,24016.0,1855,35659.0,4,56.72060349420903,8809,489464.43,55.564131002383924,130.30323052578157,5155.36,3
Eileen Chen,88,67,1931,9,Female,336 North Street,3.0,Cincinnati,OH,45224,39.09,-84.51,$18959,$16296,667.0,838,7,16296.0,18959.0,1856,101670.0,7,0.6560440641290449,11551,349023.66,30.215882607566442,71.35812078006225,896.22,5
Daniel Martinez,21,62,1998,8,Male,894 Catherine Boulevard,,Fort Plain,NY,13339,42.93,-74.62,$15242,$31077,89659.0,789,5,31077.0,15242.0,1857,24884.0,5,100.0,86,3670.28,42.67767441860465,87.21761664211654,460.0,2
Daleyza Campbell,27,65,1992,6,Female,444 Forest Boulevard,,Holland,MI,49423,42.77,-86.1,$18877,$38487,28032.0,773,4,38487.0,18877.0,1858,49930.0,4,56.142599639495295,9073,557396.49,61.43464014107792,63.55823080064019,1099.0,4
Jayla Jenkins,59,66,1960,12,Female,26 Martin Luther King Drive,,Houston,TX,77081,29.76,-95.38,$15862,$32347,82667.0,784,7,32347.0,15862.0,1859,88500.0,7,93.4090395480226,12100,425078.11,35.13042231404958,90.8324283486587,1434.28,5
Reina Cox,37,66,1982,4,Female,48190 Plum Drive,23.0,Lavallette,NJ,8735,39.96,-74.06,$19848,$40470,41938.0,731,5,40470.0,19848.0,1860,66330.0,5,63.22629277853159,13626,403292.92,29.597308087479817,82.52503746396921,958.57,5
Conner Harris,49,63,1970,8,Male,6427 Martin Luther King Drive,,Syracuse,NY,13210,43.04,-76.14,$18649,$38028,79101.0,831,4,38028.0,18649.0,1861,53593.0,4,100.0,5742,248180.19,43.22190700104493,87.50374030739746,1118.14,4
Angela Jenkins,83,64,1936,4,Female,9915 Burns Lane,,Dover,DE,19901,39.15,-75.51,$17634,$25567,1001.0,665,3,25567.0,17634.0,1862,27410.0,3,3.651951842393287,6312,212284.39,33.63187420785805,85.55622325446483,971.18,2
Lorenzo Thomas,33,65,1987,1,Male,97542 Hillside Lane,,Liverpool,NY,13090,43.1,-76.21,$25429,$51848,86951.0,692,1,51848.0,25429.0,1863,19800.0,1,100.0,3893,294692.21,75.69797328538402,78.48751339008028,1227.65,2
Finnegan Campbell,48,63,1971,8,Male,7944 Hill Lane,7.0,Lagrange,IN,46761,41.64,-85.41,$14263,$29081,56301.0,655,3,29081.0,14263.0,1864,12911.0,3,100.0,14816,413690.34,27.921864200863933,43.828066123473526,847.05,1
Yusuf Rivera,34,68,1985,9,Male,2066 Ninth Lane,,Willowbrook,IL,60527,41.8,-87.92,$45307,$92375,156949.0,712,5,92375.0,45307.0,1865,171625.0,5,91.44879825200292,16434,836556.4,50.90400389436534,100.813441909946,1293.07,5
Amber Masvidal,31,65,1988,10,Female,5295 Pine Street,,Marietta,GA,30067,33.95,-84.54,$30747,$62692,50290.0,698,2,62692.0,30747.0,1866,49705.0,2,100.0,10652,548073.5900000001,51.45264645137064,97.78611636200407,2336.01,4
Emory Lopez,58,62,1961,10,Male,2130 Valley Stream Lane,779.0,Salt Lake City,UT,84120,40.69,-111.99,$17276,$35229,60945.0,724,2,35229.0,17276.0,1867,25347.0,2,100.0,3553,93447.29000000001,26.300954123276107,68.22215179358045,606.61,2
Halle Rivera,40,58,1979,3,Female,73 Oak Street,,Dallas,TX,75206,32.79,-96.76,$37234,$75918,94579.0,759,2,75918.0,37234.0,1868,43895.0,2,100.0,17045,965734.49,56.65793429158111,77.71870529525118,1320.67,4
Tinley Watson,39,66,1980,11,Female,364 12th Drive,2.0,Tacoma,WA,98445,47.13,-122.4,$20345,$41483,64098.0,721,2,41483.0,20345.0,1869,24627.0,2,100.0,19159,734067.35,38.314491883710005,69.07003244416279,1441.72,2
Samara Young,50,60,1969,7,Female,4704 Essex Boulevard,,Piedmont,CA,94620,37.77,-122.21,$26391,$53810,78986.0,637,1,53810.0,26391.0,1870,26995.0,1,100.0,27025,1220844.3399999999,45.17462867715078,91.07046584233558,1722.78,2
Angelica Long,26,72,1994,1,Female,189 Washington Street,3774.0,Trinity,NC,27370,35.88,-80.01,$18657,$38036,0.0,743,3,38036.0,18657.0,1871,33700.0,3,0.0,115,3628.08,31.548521739130432,43.31530771173825,178.76,3
Nathaniel Lopez,20,65,1999,9,Male,9895 El Camino Boulevard,,Buzzards Bay,MA,2532,41.75,-70.61,$23909,$48747,171249.0,713,3,48747.0,23909.0,1872,29209.0,3,100.0,429,12773.55,29.775174825174823,61.712278655528095,1091.53,3
Isabella Young,29,67,1990,8,Female,225 Lake Boulevard,,Farmington,MI,48331,42.46,-83.37,$36817,$75070,161525.0,723,1,75070.0,36817.0,1873,22800.0,1,100.0,46,1805.0699999999997,39.240652173913034,49.606050008045976,140.1,2
August Braun,42,72,1977,8,Male,331 Oak Lane,,Antioch,CA,94531,37.96,-121.76,$28733,$58584,99235.0,563,2,58584.0,28733.0,1874,43200.0,2,100.0,5723,345150.08,60.30929232919797,120.4350157739377,1598.09,4
Gloria Wright,53,66,1966,10,Female,1132 Hill Street,,Boone,NC,28607,36.2,-81.66,$19604,$39974,77967.0,644,2,39974.0,19604.0,1875,27133.0,2,100.0,2502,109896.45000000001,43.9234412470024,91.63200194584783,1713.87,2
Aarav Farhad,48,64,1971,8,Male,6035 Forest Avenue,,Bronx,NY,10460,40.84,-73.87,$13461,$27447,80850.0,673,5,27447.0,13461.0,1876,50361.0,5,100.0,15287,424490.89,27.768096421796297,44.68441736039341,534.84,4
Blaire Wright,32,68,1987,6,Female,9384 Ocean Avenue,,Bartlesville,OK,74003,36.73,-95.94,$16453,$33548,31183.0,693,2,33548.0,16453.0,1877,21083.0,2,100.0,7793,243708.96000000002,31.27280379828051,80.70153234835057,1265.67,2
Raul Gao,23,74,1996,7,Male,613 First Boulevard,,Saint Clairsville,OH,43950,40.07,-80.89,$20697,$42200,28557.0,769,2,42200.0,20697.0,1878,26158.0,2,100.0,91,3817.3999999999996,41.949450549450546,111.90649704068967,455.0,2
Jessie Parker,18,65,2001,9,Female,141 Sixth Boulevard,,Cochran,GA,31014,32.38,-83.35,$16413,$33459,37753.0,705,3,33459.0,16413.0,1879,31082.0,3,100.0,236,6149.5199999999995,26.057288135593218,27.236375778123406,190.17,3
Joseph Schmidt,78,66,1941,9,Male,6283 Rose Avenue,,Chantilly,VA,20152,38.87,-77.4,$46175,$113514,16524.0,727,8,113514.0,46175.0,1880,122293.0,8,13.511811796259801,19139,2529570.0100000002,132.1683478760646,178.4880652650733,1527.57,5
Paris Powell,38,65,1982,2,Female,8 Hillside Lane,,Colcord,OK,74338,36.26,-94.69,$12517,$25524,69401.0,759,3,25524.0,12517.0,1881,24915.0,3,100.0,8514,259502.98,30.47956072351421,67.06763191326372,910.26,2
Zayden Brown,50,67,1969,3,Male,655 George Boulevard,,Laguna Beach,CA,92651,33.55,-117.78,$69236,$141161,0.0,773,3,141161.0,69236.0,1882,116811.0,3,0.0,15542,840396.01,54.07257817526702,115.99047987915368,4266.21,5
Kaylin Foster,32,66,1987,5,Female,52292 East Street,,Baltimore,MD,21224,39.3,-76.61,$26431,$53890,252106.0,656,4,53890.0,26431.0,1883,81929.0,4,100.0,9920,589733.75,59.44896673387097,126.45271326367364,1882.2,5
Gerardo Gonzalez,60,65,1959,12,Male,575 Bayview Lane,,Franklin,TN,37067,35.92,-86.84,$36563,$74550,37427.0,687,4,74550.0,36563.0,1884,72460.0,4,51.651945901186856,12859,656556.1699999999,51.05810482930243,94.51701404633322,1354.31,5
Greta Turner,81,69,1938,3,Female,44 Valley Boulevard,,Pottsboro,TX,75076,33.77,-96.67,$20874,$32669,1433.0,755,5,32669.0,20874.0,1885,59541.0,5,2.40674493206362,28500,1253014.41,43.96541789473684,54.31760780702696,1244.41,4
Allan Davis,54,68,1965,8,Male,420 Oak Drive,1.0,Peckville,PA,18452,41.47,-75.57,$18432,$37579,0.0,742,5,37579.0,18432.0,1886,45900.0,5,0.0,13282,909846.31,68.502206745972,88.60984012203363,2792.44,4
Randall Parker,53,66,1966,12,Male,3512 Forest Street,,Mount Vernon,NY,10552,40.91,-73.82,$34646,$70634,155651.0,682,4,70634.0,34646.0,1887,85618.0,4,100.0,18828,716504.48,38.05526237518589,77.91347006404649,935.3,5
Kyng El-Mafouk,51,68,1968,10,Male,207 Ocean View Street,,Berkeley Heights,NJ,7922,40.67,-74.42,$53790,$109673,242379.0,505,1,109673.0,53790.0,1888,25422.0,1,100.0,53720,2827671.9699999997,52.63722952345495,122.37368050277264,2529.75,2
Liana Jones,46,66,1973,9,Female,3276 Maple Street,,Waukegan,IL,60085,42.37,-87.86,$15770,$32150,47179.0,717,6,32150.0,15770.0,1889,46142.0,6,100.0,40006,1120502.49,28.008360995850623,42.29315887265515,1308.71,4
Ethan Smith,42,68,1978,2,Male,9141 Ocean View Lane,,Riverside,IA,52327,41.48,-91.57,$22308,$45475,68358.0,698,3,45475.0,22308.0,1890,39347.0,3,100.0,16123,356750.12,22.126782856788438,68.11985083533557,1287.11,3
Elsa Lee,38,65,1981,12,Female,354 Federal Street,,Cleveland,OH,44120,41.47,-81.67,$21402,$43634,73037.0,786,3,43634.0,21402.0,1891,47379.0,3,100.0,12242,502003.68000000005,41.00667211239994,62.04694502865929,736.15,4
Cooper Labelle,23,66,1996,9,Male,8373 Birch Boulevard,30.0,New York,NY,10034,40.71,-73.99,$18525,$37769,1412.0,742,2,37769.0,18525.0,1892,36538.0,2,3.8644698669877937,155,3458.1499999999996,22.31064516129032,34.60356384177082,163.69,3
Matthew Murphy,74,61,1945,11,Male,316 Grant Drive,2.0,Beaverdam,VA,23015,37.94,-77.65,$25937,$24545,22488.0,753,2,24545.0,25937.0,1893,32973.0,2,68.20125557274133,33964,2113305.92,62.22193852314215,67.08452018468292,1892.43,3
Eliza Morgan,83,65,1936,5,Female,273 Elm Drive,,Oklahoma City,OK,73159,35.46,-97.51,$17070,$33811,2206.0,682,7,33811.0,17070.0,1894,79513.0,7,2.7743890936073345,15775,595767.6499999999,37.76657052297939,85.20524994422597,1203.79,5
Kashton Farhad,61,65,1958,11,Male,841 Wessex Boulevard,,Marion,IA,52302,42.03,-91.58,$25275,$51528,58509.0,745,6,51528.0,25275.0,1895,92651.0,6,63.14988505250888,13363,638070.49,47.74904512459777,83.83743331811712,1137.81,5
Bella Lewis,64,66,1956,1,Female,682 Federal Lane,,Dalton,GA,30720,34.76,-84.97,$19818,$40407,62695.0,793,3,40407.0,19818.0,1896,16752.0,3,100.0,27450,1004389.0000000001,36.58976320582878,54.15911632908021,856.98,2
Gabriela Price,57,67,1962,10,Female,15664 Lafayette Street,10.0,Boulder,CO,80301,40.02,-105.25,$31377,$63974,131731.0,707,4,63974.0,31377.0,1897,103150.0,4,100.0,19022,1368643.2,71.9505414782883,108.85375330130634,1525.21,5
Amira Bailey,59,68,1960,11,Female,723 Fourth Drive,,Eastford,CT,6242,41.9,-72.08,$25399,$51788,77642.0,675,2,51788.0,25399.0,1898,23186.0,2,100.0,19589,1280579.33,65.37236867629792,109.92931105125814,2451.93,2
Marie Rivera,23,70,1996,4,Female,532 Lake Drive,,Waldorf,MD,20603,38.64,-76.9,$35114,$71590,60635.0,717,2,71590.0,35114.0,1899,38164.0,2,100.0,360,16307.879999999997,45.29966666666666,67.966510089733,422.0,3
Chase Brown,65,70,1954,5,Male,9079 Second Drive,,Blackville,SC,29817,33.36,-81.28,$12387,$25257,83995.0,734,6,25257.0,12387.0,1900,45132.0,6,100.0,11145,456112.09,40.92526603858233,55.78343348745867,828.91,4
Baylor Cook,24,65,1996,2,Male,4779 Lafayette Avenue,,Ravenna,OH,44266,41.15,-81.24,$18907,$38549,35691.0,684,2,38549.0,18907.0,1901,15700.0,2,100.0,4352,188408.14,43.292311580882355,78.85585364497393,1180.09,2
Conor Morales,20,61,1999,6,Male,53 Elm Street,,Wailuku,HI,96793,20.88,-156.5,$22844,$46580,91081.0,660,2,46580.0,22844.0,1902,23442.0,2,100.0,144,9504.25,66.00173611111111,57.963562061410876,265.6,2
Aiyana Robinson,61,68,1958,3,Female,3374 Littlewood Street,,Richmond,CA,94804,37.92,-122.34,$21869,$44583,85531.0,717,5,44583.0,21869.0,1903,56440.0,5,100.0,26665,573878.5900000001,21.521792237014818,61.18734431484469,1309.68,4
Mariana Torres,62,66,1958,1,Female,99 Fifth Street,,Elk Grove,CA,95624,38.44,-121.3,$25949,$52908,109229.0,709,4,52908.0,25949.0,1904,66581.0,4,100.0,19185,1087805.08,56.70081209278082,100.66838625682429,1501.15,5
Janelle Campbell,30,64,1989,8,Female,847 Martin Luther King Lane,97.0,Ray City,GA,31645,31.07,-83.19,$13238,$26996,33332.0,501,2,26996.0,13238.0,1905,23660.0,2,100.0,2787,60805.39,21.81750627915321,51.223871481303135,773.0,2
Aydin Jenkins,18,60,2002,2,Male,878 Summit Avenue,10.0,Victoria,TX,77901,28.82,-96.98,$16005,$32635,47930.0,734,3,32635.0,16005.0,1906,15727.0,3,100.0,281,8620.55,30.678113879003558,60.41921253850888,488.0,2
Simon Diaz,29,53,1990,3,Male,73 South Lane,32.0,Oriskany Falls,NY,13425,42.93,-75.46,$17681,$36050,45559.0,708,3,36050.0,17681.0,1907,30556.0,3,100.0,7432,208919.69,28.110830193756726,81.99511342900192,1029.33,3
Charlie Phillips,34,65,1985,10,Female,378 West Boulevard,88.0,Charlotte,NC,28215,35.19,-80.83,$17817,$36324,56689.0,705,4,36324.0,17817.0,1908,41234.0,4,100.0,12962,960567.79,74.10644885048603,84.70125313967684,1014.89,3
Andre Faraday,44,68,1975,10,Male,1915 Catherine Boulevard,287.0,Milford,DE,19963,38.91,-75.43,$18622,$37965,69614.0,796,3,37965.0,18622.0,1909,27565.0,3,100.0,5847,194383.76,33.24504190183,60.51854342288112,731.51,2
Richard Peres,57,63,1962,12,Male,2547 El Camino Street,,Lincoln Park,MI,48146,42.24,-83.18,$17094,$34856,127313.0,830,3,34856.0,17094.0,1910,36579.0,3,100.0,9428,377716.85000000003,40.06330610946118,57.707903162429915,1118.83,3
Jordan White,63,66,1956,3,Female,642 Ocean View Lane,,Kissimmee,FL,34746,28.3,-81.41,$16150,$32928,80794.0,850,5,32928.0,16150.0,1911,44943.0,5,100.0,28017,1678240.66,59.900798086875824,82.50044542259434,1865.3,4
Maggie Ajami,24,68,1995,3,Female,6768 Federal Avenue,,Fontana,CA,92335,34.08,-117.46,$13739,$28011,20196.0,720,4,28011.0,13739.0,1912,29484.0,4,68.4981684981685,6425,193265.68,30.08026147859922,35.40094487332008,672.84,3
Odin Schmidt,59,64,1960,8,Male,8 Pine Street,,Lucasville,OH,45648,38.87,-82.99,$16336,$33311,65822.0,590,2,33311.0,16336.0,1913,26431.0,2,100.0,10944,440862.26,40.283466739766084,59.307395850013705,2222.37,2
Leila Gomez,22,62,1997,4,Female,655 Mountain View Lane,,Logan,UT,84321,41.7,-111.87,$17093,$34852,53830.0,641,1,34852.0,17093.0,1914,21782.0,1,100.0,73,1195.2600000000002,16.37342465753425,51.571063146159254,99.0,2
Henley Russell,21,65,1998,11,Female,1425 Fifth Street,,Wallington,NJ,7057,40.85,-74.1,$21827,$44501,37251.0,683,2,44501.0,21827.0,1915,33722.0,2,100.0,163,6870.26,42.14883435582822,101.98372560769353,681.72,3
Benjamin Anderson,53,69,1966,11,Male,914 Spruce Drive,,Maquon,IL,61458,40.79,-90.16,$14739,$30054,60128.0,681,1,30054.0,14739.0,1916,5521.0,1,100.0,6252,188781.46000000002,30.195371081254002,57.540081198900424,604.75,1
Memphis Davis,62,67,1957,10,Male,8278 Grant Lane,5.0,Delray Beach,FL,33445,26.45,-80.08,$20055,$40891,61245.0,717,4,40891.0,20055.0,1917,54176.0,4,100.0,7877,362562.77,46.02802716770344,106.14166222369643,2259.66,4
Ariyah Bell,37,66,1982,7,Female,6976 Ocean View Avenue,,Bothell,WA,98021,47.79,-122.2,$33226,$67747,76650.0,804,3,67747.0,33226.0,1918,68898.0,3,100.0,57975,2262112.13,39.0187517033204,86.6396015538423,3256.69,5
Vihaan Cook,56,66,1963,5,Male,603 Lake Avenue,,Los Angeles,CA,90007,34.02,-118.28,$13002,$26510,53023.0,696,4,26510.0,13002.0,1919,27534.0,4,100.0,22908,544510.9099999999,23.769465252313598,46.14463967430874,1140.19,2
Malik Torres,84,70,1936,1,Male,9 Lafayette Lane,,Colfax,WI,54730,44.99,-91.72,$19196,$26676,1370.0,733,5,26676.0,19196.0,1920,38627.0,5,3.5467419162761797,12822,472187.52999999997,36.826355482763994,80.7085832090871,1261.16,3
Aylin Clark,44,70,1975,10,Female,68 Rose Boulevard,8.0,Corpus Christi,TX,78418,27.8,-97.39,$22314,$45497,101549.0,713,3,45497.0,22314.0,1921,42500.0,3,100.0,10944,358972.32,32.80083333333334,82.3363434589182,1264.66,3
Yahir Lopez,87,66,1932,4,Male,770 Maple Street,,Broxton,GA,31519,31.62,-82.88,$14060,$27971,1265.0,765,4,27971.0,14060.0,1922,30672.0,4,4.1242827334376635,15183,262255.5,17.272969768820392,38.83520771094859,687.76,3
Kayleigh Richardson,31,75,1988,9,Female,2725 Jefferson Drive,,Louisville,KY,40299,38.22,-85.74,$25258,$51501,140481.0,729,3,51501.0,25258.0,1923,57727.0,3,100.0,8452,410349.6,48.55059157595835,110.41739378143463,1193.67,4
Soren Hall,21,69,1998,3,Male,727 Valley Stream Boulevard,,Easton,CT,6612,41.24,-73.31,$55814,$113797,169684.0,660,1,113797.0,55814.0,1924,73.0,1,100.0,142,3923.9000000000005,27.6330985915493,35.7516395996142,89.0,1
Zyaire Morales,19,69,2000,12,Male,1749 Spruce Street,,Lampasas,TX,76550,31.06,-98.18,$16744,$34134,0.0,683,2,34134.0,16744.0,1925,21995.0,2,0.0,49,3038.3599999999997,62.007346938775505,129.99280348645223,839.85,2
Elaine Cox,84,66,1935,9,Female,129 Sussex Street,1590.0,Concord,NC,28025,35.4,-80.59,$20570,$16430,2873.0,779,7,16430.0,20570.0,1926,127666.0,7,2.250403396362383,17222,400805.12,23.27285564975032,57.85305643214843,1512.81,5
Harrison Green,72,65,1948,1,Male,9380 Hill Drive,,Palm Bay,FL,32905,27.98,-80.66,$15318,$16302,14408.0,748,4,16302.0,15318.0,1927,37662.0,4,38.25606712336042,19924,664169.5700000001,33.335152077896005,96.2981843321227,1800.6,3
Anna King,33,63,1986,6,Female,8740 Lafayette Drive,,Lindenhurst,NY,11757,40.68,-73.37,$26528,$54091,165960.0,675,1,54091.0,26528.0,1928,37.0,1,100.0,77,1733.6599999999999,22.515064935064935,8.018469365771086,36.76,1
Billy Roberts,51,65,1968,10,Male,9070 Third Boulevard,,Willsboro,NY,12996,44.37,-73.4,$14415,$29388,21221.0,755,3,29388.0,14415.0,1929,25265.0,3,83.99366712843856,13341,315394.47,23.640991679784122,32.1564741543788,921.7,2
Lennon Richardson,54,70,1965,11,Male,6831 Valley Boulevard,,San Rafael,CA,94901,37.97,-122.5,$30819,$62837,86171.0,850,3,62837.0,30819.0,1930,36422.0,3,100.0,26895,1176875.3599999999,43.75814686744748,75.46813353936855,1531.83,3
Maxim Wright,45,71,1974,4,Male,70 Tenth Boulevard,5040.0,Grand Forks,ND,58201,47.91,-97.07,$23910,$48755,37315.0,777,8,48755.0,23910.0,1931,127101.0,8,29.35854163224522,17092,952823.7699999999,55.74676866370231,71.98461885743154,1226.28,5
Morgan Merkel,39,66,1980,10,Female,3863 River Avenue,,Lincoln,CA,95648,38.93,-121.25,$21829,$44506,57994.0,849,3,44506.0,21829.0,1932,25715.0,3,100.0,9575,421766.72,44.048743603133154,107.76159153845995,2460.02,2
Wayne Hughes,64,66,1955,7,Male,3315 Lake Lane,,Miltona,MN,56354,46.04,-95.29,$15325,$31244,51924.0,713,4,31244.0,15325.0,1933,30286.0,4,100.0,36497,1945265.96,53.29933857577335,54.57049303900033,1107.28,3
Aurora Phillips,58,67,1961,4,Female,6077 Sixth Avenue,,Rockingham,NC,28379,34.93,-79.76,$15009,$30605,16549.0,737,5,30605.0,15009.0,1934,60777.0,5,27.22905046316863,22300,815763.28,36.58131300448431,54.73140348495524,956.22,4
Braylen Wright,34,68,1985,6,Male,30 Catherine Street,,Andrews,SC,29510,33.44,-79.56,$14669,$29907,16764.0,732,2,29907.0,14669.0,1935,19101.0,2,87.76503847966075,7101,305676.92,43.047024362765804,77.56476597838856,1464.29,2
Abram Fox,21,69,1998,8,Male,41 East Boulevard,5.0,Tampa,FL,33617,27.95,-82.48,$18881,$38497,33413.0,699,2,38497.0,18881.0,1936,25700.0,2,100.0,241,6468.34,26.839585062240666,62.619411436267164,533.68,2
Malik Reed,34,59,1985,4,Male,7401 Seventh Street,,Manchester,TN,37355,35.46,-86.08,$16349,$33336,48213.0,692,3,33336.0,16349.0,1937,28337.0,3,100.0,2908,121024.10999999999,41.61764442916093,66.30971089669818,938.98,3
Linda Carter,79,65,1940,5,Female,265 Little Creek Street,,Mira Loma,CA,91752,33.99,-117.53,$19851,$15470,15349.0,789,7,15470.0,19851.0,1938,104707.0,7,14.659000830890006,15038,500466.6,33.280130336480916,67.67798706182113,1002.4,5
Jaycee Reyes,54,62,1965,3,Female,1635 Sussex Lane,,Upper Marlboro,MD,20774,38.81,-76.75,$33295,$67890,112564.0,698,2,67890.0,33295.0,1939,37865.0,2,100.0,13912,658548.71,47.336738786659,89.35979892304265,1309.04,3
Miguel Flores,33,60,1987,2,Male,338 George Avenue,,Renton,WA,98059,47.49,-122.1,$33714,$68741,203172.0,610,1,68741.0,33714.0,1940,3600.0,1,100.0,13178,629970.51,47.80471315829413,100.52930910304819,1180.07,1
Jasiah Jackson,31,64,1988,4,Male,5157 Seventh Drive,8.0,San Marcos,CA,92069,33.15,-117.17,$22081,$45025,62719.0,635,1,45025.0,22081.0,1941,14139.0,1,100.0,179,5790.549999999999,32.34944134078212,60.45786628072998,378.24,1
Madelyn Lee,18,65,2002,2,Female,521 Mountain View Lane,,Ridgecrest,CA,93555,35.55,-117.67,$22397,$45664,0.0,778,4,45664.0,22397.0,1942,65956.0,4,0.0,195,9706.669999999998,49.77779487179486,113.81592047061478,950.75,5
Orion Moore,20,63,1999,12,Male,1433 Rose Boulevard,,Hemet,CA,92545,33.73,-117.05,$15144,$30882,60484.0,807,3,30882.0,15144.0,1943,38082.0,3,100.0,119,5499.2300000000005,46.212016806722694,91.40270461566519,563.51,3
Juan Bell,20,62,1999,10,Male,6223 Maple Lane,,Bristol,TN,37620,36.56,-82.19,$17795,$36283,60989.0,716,1,36283.0,17795.0,1944,8876.0,1,100.0,145,6917.0599999999995,47.70386206896551,100.1146129620082,846.51,1
Madeleine Rogers,57,70,1962,8,Female,759 Madison Drive,50.0,Iuka,IL,62849,38.61,-88.78,$15976,$32576,0.0,753,4,32576.0,15976.0,1945,49500.0,4,0.0,18893,367881.72,19.471853067273592,54.743669010442936,1109.92,4
Bodie Long,54,66,1965,7,Male,782 Hill Lane,,Fresno,CA,93725,36.6,-119.75,$13093,$26696,0.0,683,5,26696.0,13093.0,1946,34862.0,5,0.0,27529,534633.13,19.420724690326566,63.17214170241115,2708.9,3
Elisabeth Kelly,19,66,2000,12,Female,4135 Valley Stream Lane,,Johnson City,TN,37615,36.33,-82.36,$23224,$47350,47026.0,680,1,47350.0,23224.0,1947,17063.0,1,100.0,182,7579.409999999999,41.645109890109886,62.51758302769939,476.12,2
Jon Adams,59,62,1961,2,Male,621 Rose Avenue,,Pomona,CA,91768,34.06,-117.79,$16025,$32678,44434.0,693,3,32678.0,16025.0,1948,26886.0,3,100.0,8741,491834.21,56.267499141974604,104.13449738907002,1239.93,2
Daniela Myers,19,71,2000,10,Female,35 Fifth Street,,Stockton,CA,95219,38.01,-121.38,$31600,$64428,122968.0,703,2,64428.0,31600.0,1949,65425.0,2,100.0,91,4306.100000000001,47.319780219780235,125.54177404641422,701.77,4
Keaton Burns,59,67,1960,10,Male,1089 Norfolk Avenue,164.0,Syracuse,NY,13212,43.04,-76.14,$20294,$41379,95988.0,681,2,41379.0,20294.0,1950,31722.0,2,100.0,19022,865878.99,45.51987120176638,60.82704582783677,1089.53,3
Malaya Young,64,64,1955,5,Female,893 Littlewood Lane,,Wilson,NC,27896,35.73,-77.92,$23756,$55418,20950.0,590,3,55418.0,23756.0,1951,51981.0,3,40.30318770319924,6302,329261.87,52.247202475404634,104.22631771185887,1127.08,4
Mateo Collins,58,65,1961,9,Male,2687 Burns Avenue,4.0,Ridgewood,NJ,7450,40.98,-74.11,$75378,$153691,197377.0,604,2,153691.0,75378.0,1952,82912.0,2,100.0,26949,1648006.7400000002,61.15279750640099,150.1062720046785,2891.96,5
Raina Anwar,40,70,1979,9,Female,7072 Mountain View Avenue,,Meeker,OK,74855,35.48,-96.89,$17730,$36152,81345.0,716,1,36152.0,17730.0,1953,0.0,1,100.0,12493,560880.73,44.895599935964135,57.3342077186397,1181.38,1
Leif Butler,33,58,1987,2,Male,3904 Martin Luther King Drive,12.0,Monroe,NC,28110,34.98,-80.54,$19605,$39975,52575.0,810,1,39975.0,19605.0,1954,13746.0,1,100.0,7336,316101.95999999996,43.089143947655394,72.57501712910631,493.0,1
Pierce Reed,42,69,1977,8,Male,74 Sixth Avenue,,Omaha,NE,68164,41.26,-96.01,$28553,$58223,128784.0,689,2,58223.0,28553.0,1955,44323.0,2,100.0,25292,1376651.0999999999,54.43029811798196,89.02491954493581,1330.56,4
Amanda Torres,34,66,1985,11,Female,71858 Mountain View Street,,Menasha,WI,54952,44.21,-88.43,$22277,$45419,124370.0,721,3,45419.0,22277.0,1956,38837.0,3,100.0,11871,584787.93,49.26189284811726,66.12747593209906,1200.24,3
Shmuel Jackson,22,70,1997,9,Male,675 Norfolk Drive,,Houston,TX,77064,29.76,-95.38,$26420,$53873,76960.0,742,1,53873.0,26420.0,1957,82.0,1,100.0,117,4409.75,37.69017094017094,26.245450919880838,92.0,1
Tony Watson,68,66,1952,1,Male,530 Federal Drive,6486.0,Middletown,NY,10940,41.44,-74.42,$22621,$38689,8942.0,836,5,38689.0,22621.0,1958,84575.0,5,10.57286432160804,16425,584310.7,35.574471841704714,78.64510135329607,1894.65,5
Makai Lee,25,70,1994,8,Male,9181 Elm Avenue,,Stockton,CA,95219,38.01,-121.38,$31600,$64429,136163.0,773,2,64429.0,31600.0,1959,37234.0,2,100.0,272,14535.04,53.43764705882353,130.52499207237315,1520.57,3
Valeria Perry,21,70,1999,1,Female,6595 Summit Boulevard,,Carlisle,IA,50047,41.51,-93.48,$23347,$47602,89319.0,790,2,47602.0,23347.0,1960,40139.0,2,100.0,117,4347.649999999998,37.15940170940169,62.04903863371734,234.84,3
Alexa Martin,99,67,1920,10,Female,596 Ninth Street,,Camp Hill,PA,17011,40.24,-76.92,$25336,$51110,3781.0,709,8,51110.0,25336.0,1961,137630.0,8,2.7472208094165516,24464,1828904.1800000002,74.75900016350556,77.40977911022854,1330.64,5
Lena Abe,42,66,1977,12,Female,1957 Park Lane,10.0,Burley,ID,83318,42.39,-113.78,$14094,$28738,48786.0,600,1,28738.0,14094.0,1962,1436.0,1,100.0,19868,625124.81,31.463902254882225,42.67256360480713,915.5,1
Brooke Perez,52,66,1967,9,Female,7508 Grant Street,,Seminole,FL,33777,27.9,-82.78,$23878,$48686,113137.0,701,3,48686.0,23878.0,1963,27155.0,3,100.0,22384,1358136.67,60.67444022516083,96.32997039772962,1914.74,2
Ellen Miller,49,74,1970,8,Female,5063 Seventh Avenue,,Independence,OH,44131,41.38,-81.64,$24071,$49079,6494.0,683,4,49079.0,24071.0,1964,89935.0,4,7.220770556513037,10851,541250.19,49.88021288360519,94.81903125812829,1465.47,5
Elisha Ajami,57,66,1963,1,Male,4 George Lane,,Narberth,PA,19072,40.0,-75.26,$52517,$107075,75999.0,815,3,107075.0,52517.0,1965,92171.0,3,82.45435115166376,8775,473736.68999999994,53.987087179487176,110.66994164392558,1994.84,5
Genesis Reyes,66,65,1953,10,Female,8651 North Boulevard,,Bellbrook,OH,45305,39.64,-84.08,$28466,$59251,29300.0,679,1,59251.0,28466.0,1966,7721.0,1,100.0,5674,462971.0,81.59517095523441,164.81346611244885,1833.4,1
Jocelyn Martin,20,66,1999,10,Female,711 Tenth Street,,Newnan,GA,30263,33.37,-84.78,$19899,$40572,0.0,732,5,40572.0,19899.0,1967,73175.0,5,0.0,210,5262.4400000000005,25.059238095238097,85.31251386682169,566.62,5
Allyson Neufelder,25,65,1994,10,Female,3124 Madison Drive,,Lincolnton,GA,30817,33.79,-82.47,$14717,$30004,67526.0,738,3,30004.0,14717.0,1968,26925.0,3,100.0,4727,179928.58999999997,38.06401311614131,61.764810578541294,684.65,2
Blaire Carter,18,68,2002,2,Female,4949 South Avenue,,Rising Sun,MD,21911,39.69,-76.06,$23383,$47672,115371.0,767,4,47672.0,23383.0,1969,63365.0,4,100.0,181,5570.21,30.774640883977902,45.45690538268617,254.18,4
Rayan Braun,29,65,1990,6,Male,323 Mountain View Lane,,Kirbyville,TX,75956,30.65,-93.89,$18424,$37568,53323.0,825,1,37568.0,18424.0,1970,10099.0,1,100.0,79,1525.35,19.308227848101264,49.36971148436409,226.11,1
Mara Merkel,35,70,1984,7,Female,316 Lexington Boulevard,,Chesapeake,VA,23323,36.67,-76.3,$22084,$45025,49878.0,691,2,45025.0,22084.0,1971,29044.0,2,100.0,13958,462322.55,33.122406505229975,72.26792318199843,774.85,3
Aniyah Long,23,69,1996,4,Female,4822 Jefferson Avenue,,Charleston,WV,25303,38.35,-81.63,$21899,$44644,83108.0,716,3,44644.0,21899.0,1972,53104.0,3,100.0,112,2256.79,20.149910714285713,42.2011840874742,165.18,4
Caspian Smith,22,62,1998,2,Male,1651 Oak Drive,,Anaheim,CA,92805,33.82,-117.91,$16252,$33140,51305.0,744,1,33140.0,16252.0,1973,39.0,1,100.0,113,1639.2399999999998,14.50654867256637,13.438737480860672,57.0,1
Colt Barnes,34,69,1985,6,Male,927 River Street,,Gregory,TX,78359,27.92,-97.29,$15758,$32126,54351.0,745,2,32126.0,15758.0,1974,32313.0,2,100.0,37046,2510725.0300000003,67.77317470172218,57.53402719031428,1636.96,3
Abraham Macron,74,61,1945,5,Male,124 Madison Lane,,Baltimore,MD,21239,39.3,-76.61,$20919,$32682,21379.0,650,3,32682.0,20919.0,1975,34167.0,3,62.572072467585684,21305,460147.97000000003,21.598121098333724,50.14630543992483,1167.81,3
Isla Roberts,60,68,1959,12,Female,256 Ocean Drive,,Dover,AR,72837,35.4,-93.11,$16877,$34406,1636.0,774,3,34406.0,16877.0,1976,29726.0,3,5.5035995424880575,4439,173768.39,39.14584140572201,66.57021738355925,727.34,3
Toby Chen,48,69,1972,1,Male,4405 Wessex Drive,,Chattanooga,TN,37421,35.06,-85.25,$23706,$48337,70603.0,625,2,48337.0,23706.0,1977,30175.0,2,100.0,7073,496494.23000000004,70.19570620670154,72.20510006814943,1100.74,3
Kailyn Gomez,48,62,1971,9,Female,6144 Summit Street,54.0,Trenton,GA,30752,34.87,-85.5,$15950,$32522,50155.0,639,1,32522.0,15950.0,1978,5579.0,1,100.0,13021,520288.9,39.95767606174641,81.22709754584434,1037.22,1
Randall Farhad,48,70,1971,8,Male,469 First Lane,9.0,Roanoke,TX,76262,33.0,-97.23,$46232,$94260,39326.0,815,4,94260.0,46232.0,1979,107866.0,4,36.458198134722714,12294,749633.05,60.9755205791443,105.44468814230461,2224.02,5
Sullivan Cruz,38,68,1981,5,Male,679 Bayview Lane,,Cedarville,MI,49719,45.99,-84.36,$13053,$26613,17008.0,718,2,26613.0,13053.0,1980,12300.0,2,100.0,11322,267160.37,23.596570393923336,61.61094332437409,3303.68,1
Lucinda Burns,50,64,1969,9,Female,8990 Plum Street,,Brewster,MA,2631,41.76,-70.08,$19591,$39947,57346.0,765,2,39947.0,19591.0,1981,20589.0,2,100.0,9006,593133.44,65.85980901621141,64.07475793914632,630.87,2
Samuel Morales,56,66,1963,5,Male,9291 Jefferson Drive,,Vero Beach,FL,32967,27.64,-80.39,$17942,$36583,56310.0,614,6,36583.0,17942.0,1982,68382.0,6,82.34623146442046,14045,398403.44,28.366211463154148,66.58133023474785,1518.04,5
Nyla Schmidt,78,73,1942,1,Female,324 Lafayette Drive,,Minden,LA,71055,32.61,-93.28,$17311,$27992,1058.0,695,6,27992.0,17311.0,1983,45696.0,6,2.3153011204481793,32618,1838041.14,56.350516279354956,59.68946252628054,1206.26,4
Luca Wilson,19,70,2000,9,Male,1804 Madison Lane,,Columbus,OH,43223,39.98,-82.98,$13938,$28417,25959.0,684,3,28417.0,13938.0,1984,30471.0,3,85.19247809392537,115,3125.3300000000004,27.176782608695657,44.28054054003811,192.0,3
Douglas Bell,50,60,1969,11,Male,320 Second Street,,Southaven,MS,38671,34.97,-89.99,$18861,$38458,65836.0,696,3,38458.0,18861.0,1985,40513.0,3,100.0,14195,442434.72000000003,31.16834941880944,60.54250773167041,908.47,3
Alina Watson,69,60,1950,3,Female,93 Mill Drive,9906.0,Knoxville,TN,37918,35.97,-83.94,$19596,$32952,5077.0,765,1,32952.0,19596.0,1986,9956.0,1,50.99437525110486,5701,242326.8,42.506016488335376,80.97712236125875,892.09,1
Adelaide Diaz,51,65,1968,6,Female,413 East Boulevard,,Midlothian,IL,60445,41.62,-87.72,$22348,$45570,0.0,712,3,45570.0,22348.0,1987,52637.0,3,0.0,15407,307077.9,19.93106380216785,50.22284423013145,630.81,4
Markus Hall,37,66,1982,9,Male,566 Lexington Drive,,Phoenix,AZ,85053,33.62,-112.13,$20815,$42444,77510.0,736,2,42444.0,20815.0,1988,21329.0,2,100.0,3388,58134.48,17.158937426210155,29.153107729902736,698.34,2
Lila Parker,56,67,1963,5,Female,899 Maple Street,,Coshocton,OH,43812,40.26,-81.84,$15603,$31814,43140.0,693,3,31814.0,15603.0,1989,43807.0,3,98.47741228570777,11343,397804.02,35.07044168209469,67.9920435670487,1016.31,4
Jaziel Howard,67,69,1953,2,Male,295 West Avenue,,Bienville,LA,71008,32.36,-92.97,$16760,$34172,71366.0,811,6,34172.0,16760.0,1990,39152.0,6,100.0,18050,855458.22,47.39380720221607,54.27168042622574,1098.36,3
Brynlee Kelley,18,60,2001,5,Female,512 Second Avenue,,Kennewick,WA,99336,46.21,-119.16,$18753,$38241,81833.0,596,1,38241.0,18753.0,1991,61.0,1,100.0,47,1433.7699999999998,30.50574468085106,24.422135821063485,91.0,1
Elsie Macron,31,72,1988,7,Female,27 Birch Avenue,,Dinuba,CA,93618,36.52,-119.39,$13194,$26900,74083.0,758,2,26900.0,13194.0,1992,23844.0,2,100.0,8461,116913.09999999999,13.817882047039356,64.47962680054333,684.68,2
Cali Brooks,85,66,1934,7,Female,31 Hill Boulevard,768.0,Myrtle Beach,SC,29579,33.69,-78.89,$19025,$35270,1769.0,731,6,35270.0,19025.0,1993,62828.0,6,2.815623607308843,10114,370014.97000000003,36.58443444730077,76.82884659291207,1303.66,4
Donald Xi,21,66,1998,6,Male,2183 Catherine Boulevard,,Pacific,MO,63069,38.47,-90.75,$23106,$47109,76035.0,844,3,47109.0,23106.0,1994,60052.0,3,100.0,88,4160.860000000001,47.282500000000006,111.71205981176054,442.0,4
Jose Faraday,32,70,1987,7,Male,6577 Lexington Lane,9.0,Freeport,NY,11520,40.65,-73.58,$23550,$48010,87837.0,703,3,48010.0,23550.0,1995,60711.0,3,100.0,14713,348906.07,23.714135118602595,89.64883115179084,1791.31,4
Ximena Richardson,62,65,1957,11,Female,2 Elm Drive,955.0,Independence,KY,41051,38.95,-84.54,$24218,$49378,104480.0,740,4,49378.0,24218.0,1996,50440.0,4,100.0,18012,739508.19,41.05641738840772,83.09843984798727,1353.67,4
Annika Russell,47,67,1973,1,Female,276 Fifth Boulevard,,Elizabeth,NJ,7201,40.66,-74.19,$15175,$30942,71066.0,779,3,30942.0,15175.0,1997,29015.0,3,100.0,21607,705171.0800000001,32.63623270236498,72.29318907402295,1243.24,3
Juelz Roman,66,60,1954,2,Male,259 Valley Boulevard,,Camp Hill,PA,17011,40.24,-76.92,$25336,$54654,27241.0,618,1,54654.0,25336.0,1998,9200.0,1,100.0,5782,340884.83,58.95621411276375,140.79608521352424,1498.89,1
Kenia Harris,21,60,1998,11,Female,472 Ocean View Street,,Merrimack,NH,3054,42.86,-71.48,$32325,$65909,181261.0,673,2,65909.0,32325.0,1999,42474.0,2,100.0,4761,281996.06999999995,59.23042848141146,87.58039848365709,1201.0,3
